Source URL,Suggested Target URL,Core Page Name,Suggested Anchor Text,Anchor Category,Anchor Rationale,Priority,Reason
https://www.sterlinglawyers.com/wisconsin/blog/balancing-child-custody-rights-delicately-in-dane-county/,https://www.sterlinglawyers.com/wisconsin/child-custody/,Child Custody,parenting plan help,Variant,Shorter variant phrasing to diversify anchor text while remaining custody-intent.,High,Add 1 intentional in-body link (missing-only policy)
https://www.sterlinglawyers.com/wisconsin/blog/child-custody-waukesha-family-lawyer/,https://www.sterlinglawyers.com/wisconsin/child-custody/,Child Custody,visitation and placement issues,Secondary / Partial,Wisconsin-specific partial-match anchor (placement/legal custody) to keep language accurate and natural in-body.,High,Add 1 intentional in-body link (missing-only policy)
https://www.sterlinglawyers.com/wisconsin/blog/insight-legal-journey-racine-child-custody-lawyers/,https://www.sterlinglawyers.com/wisconsin/child-custody/,Child Custody,custody and placement,Variant,Shorter variant phrasing to diversify anchor text while remaining custody-intent.,High,Add 1 intentional in-body link (missing-only policy)
https://www.sterlinglawyers.com/wisconsin/blog/investing-peace-of-mind-trusted-child-custody-attorneys/,https://www.sterlinglawyers.com/wisconsin/child-custody/,Child Custody,sole custody considerations in Wisconsin,Secondary / Partial,Wisconsin-specific partial-match anchor (placement/legal custody) to keep language accurate and natural in-body.,High,Add 1 intentional in-body link (missing-only policy)
https://www.sterlinglawyers.com/wisconsin/blog/jefferson-child-custody-lawyer-transform-case/,https://www.sterlinglawyers.com/wisconsin/child-custody/,Child Custody,tips for a parenting plan,Informational,Informational anchor aligned to custody/placement topics; works well in narrative paragraphs.,High,Add 1 intentional in-body link (missing-only policy)
https://www.sterlinglawyers.com/wisconsin/blog/milwaukee-child-custody-tips-strategies-parents/,https://www.sterlinglawyers.com/wisconsin/child-custody/,Child Custody,what custody arrangements can look like,Informational,Informational anchor aligned to custody/placement topics; works well in narrative paragraphs.,High,Add 1 intentional in-body link (missing-only policy)
https://www.sterlinglawyers.com/wisconsin/blog/the-working-dads-guide-to-child-custody-in-oshkosh/,https://www.sterlinglawyers.com/wisconsin/child-custody/,Child Custody,Wisconsin child custody,Primary / High intent,High-intent custody service anchor to reinforce the Wisconsin child custody core page.,High,Add 1 intentional in-body link (missing-only policy)
https://www.sterlinglawyers.com/wisconsin/blog/west-bend-child-custody-lawyers-supporting-parents-through-difficult-cases/,https://www.sterlinglawyers.com/wisconsin/child-custody/,Child Custody,legal custody and physical placement in Wisconsin,Secondary / Partial,Wisconsin-specific partial-match anchor (placement/legal custody) to keep language accurate and natural in-body.,High,Add 1 intentional in-body link (missing-only policy)
https://www.sterlinglawyers.com/wisconsin/child-custody/parenting-plan/,https://www.sterlinglawyers.com/wisconsin/child-custody/,Child Custody,child custody and placement decisions,Secondary / Partial,Wisconsin-specific partial-match anchor (placement/legal custody) to keep language accurate and natural in-body.,High,Add 1 intentional in-body link (missing-only policy)
https://www.sterlinglawyers.com/wisconsin/blog/child-support-cases-unraveled-racine-lawyers/,https://www.sterlinglawyers.com/wisconsin/child-support/,Child Support,Wisconsin child support lawyer,Primary / High intent,High-intent child support service anchor to reinforce the Wisconsin child support core page.,High,Add 1 intentional in-body link (missing-only policy)
https://www.sterlinglawyers.com/wisconsin/blog/child-support-lawyers-ensuring-stability-appleton/,https://www.sterlinglawyers.com/wisconsin/child-support/,Child Support,calculating child support in Wisconsin,Secondary / Partial,Partial-match/process anchor to keep the link natural while signaling child support + Wisconsin.,High,Add 1 intentional in-body link (missing-only policy)
https://www.sterlinglawyers.com/wisconsin/blog/child-support-modification-kenosha/,https://www.sterlinglawyers.com/wisconsin/child-support/,Child Support,child support during divorce,Secondary / Partial,Partial-match/process anchor to keep the link natural while signaling child support + Wisconsin.,High,Add 1 intentional in-body link (missing-only policy)
https://www.sterlinglawyers.com/wisconsin/blog/fighting-for-fair-assistance-with-milwaukee-child-support-lawyers/,https://www.sterlinglawyers.com/wisconsin/child-support/,Child Support,child support agreement,Variant,Short variant anchor to diversify phrasing; surrounding text provides Wisconsin context.,High,Add 1 intentional in-body link (missing-only policy)
https://www.sterlinglawyers.com/wisconsin/blog/illuminating-the-path-of-child-support-in-brown-county/,https://www.sterlinglawyers.com/wisconsin/child-support/,Child Support,help with child support in Wisconsin,Primary / High intent,High-intent child support service anchor to reinforce the Wisconsin child support core page.,High,Add 1 intentional in-body link (missing-only policy)
https://www.sterlinglawyers.com/wisconsin/blog/sheboygan-child-support-lawyer-navigate-bumpy-roads/,https://www.sterlinglawyers.com/wisconsin/child-support/,Child Support,help reaching a fair child support outcome,Additional,Outcome-focused phrasing that supports user intent without over-optimizing.,High,Add 1 intentional in-body link (missing-only policy)
https://www.sterlinglawyers.com/wisconsin/blog/waukesha-county-child-support-challenges/,https://www.sterlinglawyers.com/wisconsin/child-support/,Child Support,child support arrears in Wisconsin,Secondary / Partial,Partial-match/process anchor to keep the link natural while signaling child support + Wisconsin.,High,Add 1 intentional in-body link (missing-only policy)
https://www.sterlinglawyers.com/wisconsin/blog/a-look-into-uncontested-divorce-in-milwaukee-county/,https://www.sterlinglawyers.com/wisconsin/divorce/,Divorce,divorce help,Variant,Short variant anchor to diversify wording and avoid repetitive exact-match footprints; context carries geography.,High,Add 1 intentional in-body link (missing-only policy)
https://www.sterlinglawyers.com/wisconsin/blog/annulments-work-wisconsin/,https://www.sterlinglawyers.com/wisconsin/divorce/,Divorce,divorce attorney,Variant,Short variant anchor to diversify wording and avoid repetitive exact-match footprints; context carries geography.,High,Add 1 intentional in-body link (missing-only policy)
https://www.sterlinglawyers.com/wisconsin/blog/can-claim-sons-life-insurance-knowing-wanted/,https://www.sterlinglawyers.com/wisconsin/divorce/,Divorce,divorce in Wisconsin,Primary / High intent,High-intent service anchor (lawyer/attorney + Wisconsin where natural) to reinforce the core service page.,High,Add 1 intentional in-body link (missing-only policy)
https://www.sterlinglawyers.com/wisconsin/blog/can-prenup-presiding-event-death-exercised-divorce/,https://www.sterlinglawyers.com/wisconsin/divorce/,Divorce,Wisconsin divorce,Primary / High intent,High-intent service anchor (lawyer/attorney + Wisconsin where natural) to reinforce the core service page.,High,Add 1 intentional in-body link (missing-only policy)
https://www.sterlinglawyers.com/wisconsin/blog/compassionate-advocacy-divorce-mediation-attorneys-baraboo/,https://www.sterlinglawyers.com/wisconsin/divorce/,Divorce,what to expect during a divorce,Informational,Informational anchor that fits blog tone while still routing equity to the relevant core service page.,High,Add 1 intentional in-body link (missing-only policy)
https://www.sterlinglawyers.com/wisconsin/blog/glimpse-divorce-mediation-journey-brookfield-lawyers/,https://www.sterlinglawyers.com/wisconsin/divorce/,Divorce,grounds for divorce in Wisconsin,Secondary / Partial,Partial-match/process anchor to keep the in-body link natural while still signaling the core topic + Wisconsin.,High,Add 1 intentional in-body link (missing-only policy)
https://www.sterlinglawyers.com/wisconsin/blog/guiding-light-through-jefferson-uncontested-divorce-intricacies/,https://www.sterlinglawyers.com/wisconsin/divorce/,Divorce,end a marriage,Variant,Short variant anchor to diversify wording and avoid repetitive exact-match footprints; context carries geography.,High,Add 1 intentional in-body link (missing-only policy)
https://www.sterlinglawyers.com/wisconsin/blog/how-beaver-dam-divorce-mediation-lawyer-facilitate-peaceful-divorce/,https://www.sterlinglawyers.com/wisconsin/divorce/,Divorce,divorce timelines in Wisconsin,Informational,Informational anchor that fits blog tone while still routing equity to the relevant core service page.,High,Add 1 intentional in-body link (missing-only policy)
https://www.sterlinglawyers.com/wisconsin/blog/lighthouse-legal-support-contested-divorce-baraboo/,https://www.sterlinglawyers.com/wisconsin/divorce/,Divorce,the divorce process in Wisconsin,Secondary / Partial,Partial-match/process anchor to keep the in-body link natural while still signaling the core topic + Wisconsin.,High,Add 1 intentional in-body link (missing-only policy)
https://www.sterlinglawyers.com/wisconsin/blog/methods-marketing-firm/,https://www.sterlinglawyers.com/wisconsin/divorce/,Divorce,help with a divorce in Wisconsin,Primary / High intent,High-intent service anchor (lawyer/attorney + Wisconsin where natural) to reinforce the core service page.,High,Add 1 intentional in-body link (missing-only policy)
https://www.sterlinglawyers.com/wisconsin/blog/military-spouse-journey-divorce-oconomowoc/,https://www.sterlinglawyers.com/wisconsin/divorce/,Divorce,divorce attorney in Wisconsin,Primary / High intent,High-intent service anchor (lawyer/attorney + Wisconsin where natural) to reinforce the core service page.,High,Add 1 intentional in-body link (missing-only policy)
https://www.sterlinglawyers.com/wisconsin/blog/racine-divorce-mediation-lawyers-make-difference/,https://www.sterlinglawyers.com/wisconsin/divorce/,Divorce,uncontested divorce options,Secondary / Partial,Partial-match/process anchor to keep the in-body link natural while still signaling the core topic + Wisconsin.,High,Add 1 intentional in-body link (missing-only policy)
https://www.sterlinglawyers.com/wisconsin/blog/rising-above-storm-military-divorce-lawyers/,https://www.sterlinglawyers.com/wisconsin/divorce/,Divorce,divorce filing procedures,Informational,Informational anchor that fits blog tone while still routing equity to the relevant core service page.,High,Add 1 intentional in-body link (missing-only policy)
https://www.sterlinglawyers.com/wisconsin/blog/sheboygan-lawyers-illuminate-path-military-divorce/,https://www.sterlinglawyers.com/wisconsin/divorce/,Divorce,dividing property in divorce,Informational,Informational anchor that fits blog tone while still routing equity to the relevant core service page.,High,Add 1 intentional in-body link (missing-only policy)
https://www.sterlinglawyers.com/wisconsin/blog/soldiers-journey-military-divorce-rock-county/,https://www.sterlinglawyers.com/wisconsin/divorce/,Divorce,Wisconsin divorce lawyer,Primary / High intent,High-intent service anchor (lawyer/attorney + Wisconsin where natural) to reinforce the core service page.,High,Add 1 intentional in-body link (missing-only policy)
https://www.sterlinglawyers.com/wisconsin/blog/understanding-family-law-process-oshkosh-uncontested-divorce-lawyers/,https://www.sterlinglawyers.com/wisconsin/divorce/,Divorce,filing for divorce in Wisconsin,Primary / High intent,High-intent service anchor (lawyer/attorney + Wisconsin where natural) to reinforce the core service page.,High,Add 1 intentional in-body link (missing-only policy)
https://www.sterlinglawyers.com/wisconsin/blog/unlocking-hope-collaborative-divorce-jefferson-county/,https://www.sterlinglawyers.com/wisconsin/divorce/,Divorce,legal steps for divorce,Secondary / Partial,Partial-match/process anchor to keep the in-body link natural while still signaling the core topic + Wisconsin.,High,Add 1 intentional in-body link (missing-only policy)
https://www.sterlinglawyers.com/wisconsin/blog/unseen-heroes-divorce-mediation-janesville/,https://www.sterlinglawyers.com/wisconsin/divorce/,Divorce,options for resolving a divorce,Additional,Supportive phrasing that blends into editorial paragraphs while staying topically aligned.,High,Add 1 intentional in-body link (missing-only policy)
https://www.sterlinglawyers.com/wisconsin/blog/untangling-knots-divorce-mediation-kenosha-lawyers/,https://www.sterlinglawyers.com/wisconsin/divorce/,Divorce,divorce mediation in Wisconsin,Secondary / Partial,Partial-match/process anchor to keep the in-body link natural while still signaling the core topic + Wisconsin.,High,Add 1 intentional in-body link (missing-only policy)
https://www.sterlinglawyers.com/wisconsin/blog/waukesha-divorce-mediation-lawyers-what-you-need-to-know/,https://www.sterlinglawyers.com/wisconsin/divorce/,Divorce,Wisconsin divorce requirements,Secondary / Partial,Partial-match/process anchor to keep the in-body link natural while still signaling the core topic + Wisconsin.,High,Add 1 intentional in-body link (missing-only policy)
https://www.sterlinglawyers.com/wisconsin/blog/weathering-storm-contested-divorce-menomonee-falls/,https://www.sterlinglawyers.com/wisconsin/divorce/,Divorce,divorce lawyer,Variant,Short variant anchor to diversify wording and avoid repetitive exact-match footprints; context carries geography.,High,Add 1 intentional in-body link (missing-only policy)
https://www.sterlinglawyers.com/wisconsin/divorce/being-your-childs-support-system/,https://www.sterlinglawyers.com/wisconsin/divorce/,Divorce,contested divorce in Wisconsin,Secondary / Partial,Partial-match/process anchor to keep the in-body link natural while still signaling the core topic + Wisconsin.,High,Add 1 intentional in-body link (missing-only policy)
https://www.sterlinglawyers.com/wisconsin/divorce/divorce-and-the-cobra-act/,https://www.sterlinglawyers.com/wisconsin/divorce/,Divorce,Wisconsin divorce attorneys,Primary / High intent,High-intent service anchor (lawyer/attorney + Wisconsin where natural) to reinforce the core service page.,High,Add 1 intentional in-body link (missing-only policy)
https://www.sterlinglawyers.com/wisconsin/divorce/do-the-court-records-from-a-divorce-become-public-record/,https://www.sterlinglawyers.com/wisconsin/divorce/,Divorce,getting divorced in Wisconsin,Secondary / Partial,Partial-match/process anchor to keep the in-body link natural while still signaling the core topic + Wisconsin.,High,Add 1 intentional in-body link (missing-only policy)
https://www.sterlinglawyers.com/wisconsin/divorce/sex-after-separation/,https://www.sterlinglawyers.com/wisconsin/divorce/,Divorce,how divorce works in Wisconsin,Secondary / Partial,Partial-match/process anchor to keep the in-body link natural while still signaling the core topic + Wisconsin.,High,Add 1 intentional in-body link (missing-only policy)
https://www.sterlinglawyers.com/wisconsin/blog/comprehensive-paternity-support-brookfield-lawyers/,https://www.sterlinglawyers.com/wisconsin/paternity/,Paternity,paternity lawyer,Variant,Short variant anchor to diversify wording; surrounding text provides context.,High,Add 1 intentional in-body link (missing-only policy)
https://www.sterlinglawyers.com/wisconsin/blog/journey-intricacies-paternity-laws-menomonee-falls/,https://www.sterlinglawyers.com/wisconsin/paternity/,Paternity,questions about paternity rights,Informational,Informational anchor aligned to paternity; fits blog tone while routing equity to the service page.,High,Add 1 intentional in-body link (missing-only policy)
https://www.sterlinglawyers.com/wisconsin/blog/comprehensive-support-property-division-madison/,https://www.sterlinglawyers.com/wisconsin/property-division/,Property Division,dividing marital property in Wisconsin,Primary / High intent,High-intent service anchor to reinforce the Wisconsin property division core page.,High,Add 1 intentional in-body link (missing-only policy)
https://www.sterlinglawyers.com/wisconsin/blog/harmonious-resolution-property-division-fond-du-lac-county/,https://www.sterlinglawyers.com/wisconsin/property-division/,Property Division,tips for dividing assets fairly,Informational,Informational anchor aligned to property division; fits editorial paragraphs.,High,Add 1 intentional in-body link (missing-only policy)
https://www.sterlinglawyers.com/wisconsin/blog/invaluable-guide-property-division-kenosha/,https://www.sterlinglawyers.com/wisconsin/property-division/,Property Division,property division lawyer,Variant,Short variant anchor to diversify wording while remaining property-division intent.,High,Add 1 intentional in-body link (missing-only policy)
https://www.sterlinglawyers.com/wisconsin/blog/oconomowoc-property-division-lawyer/,https://www.sterlinglawyers.com/wisconsin/property-division/,Property Division,how to handle property in divorce,Informational,Informational anchor aligned to property division; fits editorial paragraphs.,High,Add 1 intentional in-body link (missing-only policy)
https://www.sterlinglawyers.com/wisconsin/property-division/leaving-ex-family-business/,https://www.sterlinglawyers.com/wisconsin/property-division/,Property Division,help protecting property interests,Additional,User-centric phrasing that supports conversion intent without sounding forced.,High,Add 1 intentional in-body link (missing-only policy)
https://www.sterlinglawyers.com/wisconsin/blog/winning-strategies-beaver-dam-spousal-support-lawyers/,https://www.sterlinglawyers.com/wisconsin/spousal-support/,Alimony / Spousal Support,how maintenance is determined in Wisconsin,Secondary / Partial,Partial-match/process anchor for maintenance/spousal support that reads naturally in-body.,High,Add 1 intentional in-body link (missing-only policy)
