Core Page Name,Core Page URL,Category,Anchor Text
Divorce,https://www.sterlinglawyers.com/wisconsin/divorce/,Primary / High intent,divorce in Wisconsin
Divorce,https://www.sterlinglawyers.com/wisconsin/divorce/,Primary / High intent,Wisconsin divorce
Divorce,https://www.sterlinglawyers.com/wisconsin/divorce/,Primary / High intent,Wisconsin divorce lawyer
Divorce,https://www.sterlinglawyers.com/wisconsin/divorce/,Primary / High intent,divorce attorney in Wisconsin
Divorce,https://www.sterlinglawyers.com/wisconsin/divorce/,Primary / High intent,Wisconsin divorce attorneys
Divorce,https://www.sterlinglawyers.com/wisconsin/divorce/,Primary / High intent,filing for divorce in Wisconsin
Divorce,https://www.sterlinglawyers.com/wisconsin/divorce/,Primary / High intent,help with a divorce in Wisconsin
Divorce,https://www.sterlinglawyers.com/wisconsin/divorce/,Secondary / Partial,the divorce process in Wisconsin
Divorce,https://www.sterlinglawyers.com/wisconsin/divorce/,Secondary / Partial,how divorce works in Wisconsin
Divorce,https://www.sterlinglawyers.com/wisconsin/divorce/,Secondary / Partial,getting divorced in Wisconsin
Divorce,https://www.sterlinglawyers.com/wisconsin/divorce/,Secondary / Partial,Wisconsin divorce requirements
Divorce,https://www.sterlinglawyers.com/wisconsin/divorce/,Secondary / Partial,grounds for divorce in Wisconsin
Divorce,https://www.sterlinglawyers.com/wisconsin/divorce/,Secondary / Partial,contested divorce in Wisconsin
Divorce,https://www.sterlinglawyers.com/wisconsin/divorce/,Secondary / Partial,uncontested divorce options
Divorce,https://www.sterlinglawyers.com/wisconsin/divorce/,Secondary / Partial,legal steps for divorce
Divorce,https://www.sterlinglawyers.com/wisconsin/divorce/,Secondary / Partial,divorce mediation in Wisconsin
Divorce,https://www.sterlinglawyers.com/wisconsin/divorce/,Variant,divorce lawyer
Divorce,https://www.sterlinglawyers.com/wisconsin/divorce/,Variant,divorce attorney
Divorce,https://www.sterlinglawyers.com/wisconsin/divorce/,Variant,divorce help
Divorce,https://www.sterlinglawyers.com/wisconsin/divorce/,Variant,end a marriage
Divorce,https://www.sterlinglawyers.com/wisconsin/divorce/,Informational,what to expect during a divorce
Divorce,https://www.sterlinglawyers.com/wisconsin/divorce/,Informational,divorce timelines in Wisconsin
Divorce,https://www.sterlinglawyers.com/wisconsin/divorce/,Informational,divorce filing procedures
Divorce,https://www.sterlinglawyers.com/wisconsin/divorce/,Informational,dividing property in divorce
Divorce,https://www.sterlinglawyers.com/wisconsin/divorce/,Additional,options for resolving a divorce
Child Custody,https://www.sterlinglawyers.com/wisconsin/child-custody/,Primary / High intent,child custody in Wisconsin
Child Custody,https://www.sterlinglawyers.com/wisconsin/child-custody/,Primary / High intent,Wisconsin child custody
Child Custody,https://www.sterlinglawyers.com/wisconsin/child-custody/,Primary / High intent,Wisconsin child custody lawyer
Child Custody,https://www.sterlinglawyers.com/wisconsin/child-custody/,Primary / High intent,child custody attorney in Wisconsin
Child Custody,https://www.sterlinglawyers.com/wisconsin/child-custody/,Primary / High intent,Wisconsin custody attorneys
Child Custody,https://www.sterlinglawyers.com/wisconsin/child-custody/,Primary / High intent,help with child custody in Wisconsin
Child Custody,https://www.sterlinglawyers.com/wisconsin/child-custody/,Secondary / Partial,legal custody and physical placement in Wisconsin
Child Custody,https://www.sterlinglawyers.com/wisconsin/child-custody/,Secondary / Partial,Wisconsin placement schedule
Child Custody,https://www.sterlinglawyers.com/wisconsin/child-custody/,Secondary / Partial,physical placement rights in Wisconsin
Child Custody,https://www.sterlinglawyers.com/wisconsin/child-custody/,Secondary / Partial,modifying a custody order in Wisconsin
Child Custody,https://www.sterlinglawyers.com/wisconsin/child-custody/,Secondary / Partial,creating a Wisconsin parenting plan
Child Custody,https://www.sterlinglawyers.com/wisconsin/child-custody/,Secondary / Partial,visitation and placement issues
Child Custody,https://www.sterlinglawyers.com/wisconsin/child-custody/,Secondary / Partial,child custody and placement decisions
Child Custody,https://www.sterlinglawyers.com/wisconsin/child-custody/,Secondary / Partial,sole custody considerations in Wisconsin
Child Custody,https://www.sterlinglawyers.com/wisconsin/child-custody/,Variant,child custody lawyer
Child Custody,https://www.sterlinglawyers.com/wisconsin/child-custody/,Variant,custody and placement
Child Custody,https://www.sterlinglawyers.com/wisconsin/child-custody/,Variant,parenting plan help
Child Custody,https://www.sterlinglawyers.com/wisconsin/child-custody/,Variant,placement factors
Child Custody,https://www.sterlinglawyers.com/wisconsin/child-custody/,Informational,how courts decide custody and placement
Child Custody,https://www.sterlinglawyers.com/wisconsin/child-custody/,Informational,what custody arrangements can look like
Child Custody,https://www.sterlinglawyers.com/wisconsin/child-custody/,Informational,tips for a parenting plan
Child Custody,https://www.sterlinglawyers.com/wisconsin/child-custody/,Informational,what affects placement in Wisconsin
Child Custody,https://www.sterlinglawyers.com/wisconsin/child-custody/,Additional,support for co-parenting arrangements
Child Support,https://www.sterlinglawyers.com/wisconsin/child-support/,Primary / High intent,child support in Wisconsin
Child Support,https://www.sterlinglawyers.com/wisconsin/child-support/,Primary / High intent,Wisconsin child support
Child Support,https://www.sterlinglawyers.com/wisconsin/child-support/,Primary / High intent,Wisconsin child support lawyer
Child Support,https://www.sterlinglawyers.com/wisconsin/child-support/,Primary / High intent,child support attorney in Wisconsin
Child Support,https://www.sterlinglawyers.com/wisconsin/child-support/,Primary / High intent,Wisconsin child support attorneys
Child Support,https://www.sterlinglawyers.com/wisconsin/child-support/,Primary / High intent,help with child support in Wisconsin
Child Support,https://www.sterlinglawyers.com/wisconsin/child-support/,Secondary / Partial,Wisconsin child support guidelines
Child Support,https://www.sterlinglawyers.com/wisconsin/child-support/,Secondary / Partial,calculating child support in Wisconsin
Child Support,https://www.sterlinglawyers.com/wisconsin/child-support/,Secondary / Partial,modifying a child support order in Wisconsin
Child Support,https://www.sterlinglawyers.com/wisconsin/child-support/,Secondary / Partial,enforcing child support in Wisconsin
Child Support,https://www.sterlinglawyers.com/wisconsin/child-support/,Secondary / Partial,child support during divorce
Child Support,https://www.sterlinglawyers.com/wisconsin/child-support/,Secondary / Partial,child support arrears in Wisconsin
Child Support,https://www.sterlinglawyers.com/wisconsin/child-support/,Secondary / Partial,child support payments and income changes
Child Support,https://www.sterlinglawyers.com/wisconsin/child-support/,Variant,child support lawyer
Child Support,https://www.sterlinglawyers.com/wisconsin/child-support/,Variant,child support order
Child Support,https://www.sterlinglawyers.com/wisconsin/child-support/,Variant,support payments
Child Support,https://www.sterlinglawyers.com/wisconsin/child-support/,Variant,child support agreement
Child Support,https://www.sterlinglawyers.com/wisconsin/child-support/,Informational,how child support is calculated
Child Support,https://www.sterlinglawyers.com/wisconsin/child-support/,Informational,what affects child support payments
Child Support,https://www.sterlinglawyers.com/wisconsin/child-support/,Informational,understanding child support orders
Child Support,https://www.sterlinglawyers.com/wisconsin/child-support/,Informational,steps to modify child support
Child Support,https://www.sterlinglawyers.com/wisconsin/child-support/,Additional,help reaching a fair child support outcome
Alimony / Spousal Support,https://www.sterlinglawyers.com/wisconsin/spousal-support/,Primary / High intent,spousal support in Wisconsin
Alimony / Spousal Support,https://www.sterlinglawyers.com/wisconsin/spousal-support/,Primary / High intent,Wisconsin spousal support lawyer
Alimony / Spousal Support,https://www.sterlinglawyers.com/wisconsin/spousal-support/,Primary / High intent,spousal maintenance in Wisconsin
Alimony / Spousal Support,https://www.sterlinglawyers.com/wisconsin/spousal-support/,Primary / High intent,Wisconsin maintenance lawyer
Alimony / Spousal Support,https://www.sterlinglawyers.com/wisconsin/spousal-support/,Primary / High intent,alimony attorney in Wisconsin
Alimony / Spousal Support,https://www.sterlinglawyers.com/wisconsin/spousal-support/,Secondary / Partial,how maintenance is determined in Wisconsin
Alimony / Spousal Support,https://www.sterlinglawyers.com/wisconsin/spousal-support/,Secondary / Partial,modifying maintenance payments in Wisconsin
Alimony / Spousal Support,https://www.sterlinglawyers.com/wisconsin/spousal-support/,Secondary / Partial,maintenance duration in Wisconsin
Alimony / Spousal Support,https://www.sterlinglawyers.com/wisconsin/spousal-support/,Secondary / Partial,temporary maintenance considerations
Alimony / Spousal Support,https://www.sterlinglawyers.com/wisconsin/spousal-support/,Secondary / Partial,spousal support agreements
Alimony / Spousal Support,https://www.sterlinglawyers.com/wisconsin/spousal-support/,Variant,maintenance payments
Alimony / Spousal Support,https://www.sterlinglawyers.com/wisconsin/spousal-support/,Variant,spousal support lawyer
Alimony / Spousal Support,https://www.sterlinglawyers.com/wisconsin/spousal-support/,Variant,alimony and maintenance
Alimony / Spousal Support,https://www.sterlinglawyers.com/wisconsin/spousal-support/,Variant,support after divorce
Alimony / Spousal Support,https://www.sterlinglawyers.com/wisconsin/spousal-support/,Informational,what affects maintenance awards
Alimony / Spousal Support,https://www.sterlinglawyers.com/wisconsin/spousal-support/,Informational,maintenance timelines and duration
Alimony / Spousal Support,https://www.sterlinglawyers.com/wisconsin/spousal-support/,Informational,understanding spousal support
Alimony / Spousal Support,https://www.sterlinglawyers.com/wisconsin/spousal-support/,Additional,guidance on spousal maintenance issues
Property Division,https://www.sterlinglawyers.com/wisconsin/property-division/,Primary / High intent,property division in Wisconsin
Property Division,https://www.sterlinglawyers.com/wisconsin/property-division/,Primary / High intent,Wisconsin property division lawyer
Property Division,https://www.sterlinglawyers.com/wisconsin/property-division/,Primary / High intent,dividing marital property in Wisconsin
Property Division,https://www.sterlinglawyers.com/wisconsin/property-division/,Primary / High intent,splitting assets in a Wisconsin divorce
Property Division,https://www.sterlinglawyers.com/wisconsin/property-division/,Primary / High intent,Wisconsin marital property rules
Property Division,https://www.sterlinglawyers.com/wisconsin/property-division/,Secondary / Partial,marital vs non-marital property in Wisconsin
Property Division,https://www.sterlinglawyers.com/wisconsin/property-division/,Secondary / Partial,dividing retirement accounts in divorce
Property Division,https://www.sterlinglawyers.com/wisconsin/property-division/,Secondary / Partial,how Wisconsin courts divide property
Property Division,https://www.sterlinglawyers.com/wisconsin/property-division/,Secondary / Partial,handling hidden assets in a divorce
Property Division,https://www.sterlinglawyers.com/wisconsin/property-division/,Secondary / Partial,dividing a business during divorce
Property Division,https://www.sterlinglawyers.com/wisconsin/property-division/,Secondary / Partial,property division agreements
Property Division,https://www.sterlinglawyers.com/wisconsin/property-division/,Variant,property division lawyer
Property Division,https://www.sterlinglawyers.com/wisconsin/property-division/,Variant,division of assets
Property Division,https://www.sterlinglawyers.com/wisconsin/property-division/,Variant,marital property
Property Division,https://www.sterlinglawyers.com/wisconsin/property-division/,Variant,splitting property
Property Division,https://www.sterlinglawyers.com/wisconsin/property-division/,Informational,what counts as marital property
Property Division,https://www.sterlinglawyers.com/wisconsin/property-division/,Informational,tips for dividing assets fairly
Property Division,https://www.sterlinglawyers.com/wisconsin/property-division/,Informational,how to handle property in divorce
Property Division,https://www.sterlinglawyers.com/wisconsin/property-division/,Additional,help protecting property interests
Paternity,https://www.sterlinglawyers.com/wisconsin/paternity/,Primary / High intent,paternity in Wisconsin
Paternity,https://www.sterlinglawyers.com/wisconsin/paternity/,Primary / High intent,Wisconsin paternity lawyer
Paternity,https://www.sterlinglawyers.com/wisconsin/paternity/,Primary / High intent,establishing paternity in Wisconsin
Paternity,https://www.sterlinglawyers.com/wisconsin/paternity/,Primary / High intent,paternity attorney in Wisconsin
Paternity,https://www.sterlinglawyers.com/wisconsin/paternity/,Primary / High intent,help with paternity cases in Wisconsin
Paternity,https://www.sterlinglawyers.com/wisconsin/paternity/,Secondary / Partial,how to establish paternity in Wisconsin
Paternity,https://www.sterlinglawyers.com/wisconsin/paternity/,Secondary / Partial,paternity and child support in Wisconsin
Paternity,https://www.sterlinglawyers.com/wisconsin/paternity/,Secondary / Partial,paternity rights for fathers in Wisconsin
Paternity,https://www.sterlinglawyers.com/wisconsin/paternity/,Secondary / Partial,voluntary acknowledgment of paternity
Paternity,https://www.sterlinglawyers.com/wisconsin/paternity/,Secondary / Partial,paternity testing and next steps
Paternity,https://www.sterlinglawyers.com/wisconsin/paternity/,Variant,paternity lawyer
Paternity,https://www.sterlinglawyers.com/wisconsin/paternity/,Variant,paternity case
Paternity,https://www.sterlinglawyers.com/wisconsin/paternity/,Variant,father's rights and paternity
Paternity,https://www.sterlinglawyers.com/wisconsin/paternity/,Variant,paternity order
Paternity,https://www.sterlinglawyers.com/wisconsin/paternity/,Informational,what paternity means for custody and support
Paternity,https://www.sterlinglawyers.com/wisconsin/paternity/,Informational,steps to establish paternity
Paternity,https://www.sterlinglawyers.com/wisconsin/paternity/,Informational,questions about paternity rights
Paternity,https://www.sterlinglawyers.com/wisconsin/paternity/,Additional,support for establishing parental rights
Guardianship,https://www.sterlinglawyers.com/wisconsin/guardianship/,Primary / High intent,guardianship in Wisconsin
Guardianship,https://www.sterlinglawyers.com/wisconsin/guardianship/,Primary / High intent,Wisconsin guardianship lawyer
Guardianship,https://www.sterlinglawyers.com/wisconsin/guardianship/,Primary / High intent,guardianship attorney in Wisconsin
Guardianship,https://www.sterlinglawyers.com/wisconsin/guardianship/,Primary / High intent,help with guardianship in Wisconsin
Guardianship,https://www.sterlinglawyers.com/wisconsin/guardianship/,Primary / High intent,Wisconsin guardianship laws
Guardianship,https://www.sterlinglawyers.com/wisconsin/guardianship/,Secondary / Partial,how to become a legal guardian in Wisconsin
Guardianship,https://www.sterlinglawyers.com/wisconsin/guardianship/,Secondary / Partial,guardianship forms and requirements
Guardianship,https://www.sterlinglawyers.com/wisconsin/guardianship/,Secondary / Partial,temporary guardianship options
Guardianship,https://www.sterlinglawyers.com/wisconsin/guardianship/,Secondary / Partial,guardianship for grandparents
Guardianship,https://www.sterlinglawyers.com/wisconsin/guardianship/,Secondary / Partial,guardianship of a minor in Wisconsin
Guardianship,https://www.sterlinglawyers.com/wisconsin/guardianship/,Variant,legal guardian
Guardianship,https://www.sterlinglawyers.com/wisconsin/guardianship/,Variant,guardianship case
Guardianship,https://www.sterlinglawyers.com/wisconsin/guardianship/,Variant,guardian rights
Guardianship,https://www.sterlinglawyers.com/wisconsin/guardianship/,Variant,guardianship help
Guardianship,https://www.sterlinglawyers.com/wisconsin/guardianship/,Informational,what guardianship means
Guardianship,https://www.sterlinglawyers.com/wisconsin/guardianship/,Informational,steps to file for guardianship
Guardianship,https://www.sterlinglawyers.com/wisconsin/guardianship/,Informational,when guardianship is needed
Guardianship,https://www.sterlinglawyers.com/wisconsin/guardianship/,Additional,guidance through the guardianship process
