Action,Source URL,Current Target URL,Suggested Target URL,Suggested Anchor Text,Link Position,Priority,Reason
FIX_REDIRECT,https://www.sterlinglawyers.com/wisconsin/divorce/entitled-ex-husbands-retirement-money-right-away/,https://www.sterlinglawyers.com/wisconsin/divorce/,https://www.sterlinglawyers.com/wisconsin/divorce/,,Content,Low,3xx internal link (redirect report)
FIX_REDIRECT,https://www.sterlinglawyers.com/wisconsin/property-division/pitfalls-of-couples-separating-who-were-never-married/,https://www.sterlinglawyers.com/wisconsin/divorce/,https://www.sterlinglawyers.com/wisconsin/divorce/,,Content,Low,3xx internal link (redirect report)
FIX_REDIRECT,https://www.sterlinglawyers.com/wisconsin/divorce/how-can-i-be-officially-divorced-without-signing-anything/,https://www.sterlinglawyers.com/wisconsin/divorce/,https://www.sterlinglawyers.com/wisconsin/divorce/,,Content,Low,3xx internal link (redirect report)
FIX_REDIRECT,https://www.sterlinglawyers.com/wisconsin/divorce/,https://www.sterlinglawyers.com/wisconsin/child-custody/placement-factors/,https://www.sterlinglawyers.com/wisconsin/child-custody/,,Content,High,3xx internal link (redirect report)
FIX_REDIRECT,https://www.sterlinglawyers.com/wisconsin/child-custody/,https://www.sterlinglawyers.com/wisconsin/child-custody/placement-factors/,https://www.sterlinglawyers.com/wisconsin/child-custody/,,Content,High,3xx internal link (redirect report)
FIX_REDIRECT,https://www.sterlinglawyers.com/wisconsin/paternity/,https://www.sterlinglawyers.com/wisconsin/child-custody/placement-factors/,https://www.sterlinglawyers.com/wisconsin/child-custody/,,Content,High,3xx internal link (redirect report)
FIX_REDIRECT,https://www.sterlinglawyers.com/wisconsin/child-custody/parenting-plan/,https://www.sterlinglawyers.com/wisconsin/child-custody/placement-factors/,https://www.sterlinglawyers.com/wisconsin/child-custody/,,Content,Low,3xx internal link (redirect report)
FIX_REDIRECT,https://www.sterlinglawyers.com/wisconsin/child-support/calculator/,https://www.sterlinglawyers.com/wisconsin/child-custody/placement-factors/,https://www.sterlinglawyers.com/wisconsin/child-custody/,,Content,Low,3xx internal link (redirect report)
FIX_REDIRECT,https://www.sterlinglawyers.com/wisconsin/child-custody/third-party-visitation/,https://www.sterlinglawyers.com/wisconsin/child-custody/placement-factors/,https://www.sterlinglawyers.com/wisconsin/child-custody/,,Content,Low,3xx internal link (redirect report)
FIX_REDIRECT,https://www.sterlinglawyers.com/wisconsin/faq/,https://www.sterlinglawyers.com/wisconsin/child-custody/placement-factors/,https://www.sterlinglawyers.com/wisconsin/child-custody/,,Content,Low,3xx internal link (redirect report)
FIX_REDIRECT,https://www.sterlinglawyers.com/wisconsin/child-support/,https://www.sterlinglawyers.com/wisconsin/child-custody/placement-factors/,https://www.sterlinglawyers.com/wisconsin/child-custody/,,Content,High,3xx internal link (redirect report)
FIX_REDIRECT,https://www.sterlinglawyers.com/wisconsin/property-division/,https://www.sterlinglawyers.com/wisconsin/child-custody/placement-factors/,https://www.sterlinglawyers.com/wisconsin/child-custody/,,Content,High,3xx internal link (redirect report)
FIX_REDIRECT,https://www.sterlinglawyers.com/wisconsin/child-custody/custody-process/,https://www.sterlinglawyers.com/wisconsin/child-custody/placement-factors/,https://www.sterlinglawyers.com/wisconsin/child-custody/,,Content,Low,3xx internal link (redirect report)
FIX_REDIRECT,https://www.sterlinglawyers.com/wisconsin/child-custody/sole-orders/,https://www.sterlinglawyers.com/wisconsin/child-custody/placement-factors/,https://www.sterlinglawyers.com/wisconsin/child-custody/,,Content,Low,3xx internal link (redirect report)
FIX_REDIRECT,https://www.sterlinglawyers.com/wisconsin/property-division/prenuptial-agreements/,https://www.sterlinglawyers.com/wisconsin/child-custody/placement-factors/,https://www.sterlinglawyers.com/wisconsin/child-custody/,,Content,Low,3xx internal link (redirect report)
FIX_REDIRECT,https://www.sterlinglawyers.com/wisconsin/divorce/abandonment/,https://www.sterlinglawyers.com/wisconsin/child-custody/placement-factors/,https://www.sterlinglawyers.com/wisconsin/child-custody/,,Content,Low,3xx internal link (redirect report)
FIX_REDIRECT,https://www.sterlinglawyers.com/wisconsin/child-custody/unfit-parent/,https://www.sterlinglawyers.com/wisconsin/child-custody/placement-factors/,https://www.sterlinglawyers.com/wisconsin/child-custody/,,Content,Low,3xx internal link (redirect report)
FIX_REDIRECT,https://www.sterlinglawyers.com/wisconsin/divorce/file-for-divorce/,https://www.sterlinglawyers.com/wisconsin/child-custody/placement-factors/,https://www.sterlinglawyers.com/wisconsin/child-custody/,,Content,Low,3xx internal link (redirect report)
FIX_REDIRECT,https://www.sterlinglawyers.com/wisconsin/child-custody/paternity/,https://www.sterlinglawyers.com/wisconsin/child-custody/placement-factors/,https://www.sterlinglawyers.com/wisconsin/child-custody/,,Content,Low,3xx internal link (redirect report)
FIX_REDIRECT,https://www.sterlinglawyers.com/wisconsin/child-custody/50-50-schedules/,https://www.sterlinglawyers.com/wisconsin/child-custody/placement-factors/,https://www.sterlinglawyers.com/wisconsin/child-custody/,,Content,Low,3xx internal link (redirect report)
FIX_REDIRECT,https://www.sterlinglawyers.com/wisconsin/divorce/how-long-divorce-wisconsin/,https://www.sterlinglawyers.com/wisconsin/child-custody/placement-factors/,https://www.sterlinglawyers.com/wisconsin/child-custody/,,Content,Low,3xx internal link (redirect report)
FIX_REDIRECT,https://www.sterlinglawyers.com/wisconsin/child-custody/temporary-custody/,https://www.sterlinglawyers.com/wisconsin/child-custody/placement-factors/,https://www.sterlinglawyers.com/wisconsin/child-custody/,,Content,Low,3xx internal link (redirect report)
FIX_REDIRECT,https://www.sterlinglawyers.com/wisconsin/child-custody/modify-orders/,https://www.sterlinglawyers.com/wisconsin/child-custody/placement-factors/,https://www.sterlinglawyers.com/wisconsin/child-custody/,,Content,Low,3xx internal link (redirect report)
FIX_REDIRECT,https://www.sterlinglawyers.com/wisconsin/divorce/same-sex-divorce/,https://www.sterlinglawyers.com/wisconsin/child-custody/placement-factors/,https://www.sterlinglawyers.com/wisconsin/child-custody/,,Content,Low,3xx internal link (redirect report)
FIX_REDIRECT,https://www.sterlinglawyers.com/wisconsin/child-custody/co-parenting-wi/,https://www.sterlinglawyers.com/wisconsin/child-custody/placement-factors/,https://www.sterlinglawyers.com/wisconsin/child-custody/,,Content,Low,3xx internal link (redirect report)
FIX_REDIRECT,https://www.sterlinglawyers.com/wisconsin/child-custody/what-is-a-guardian-ad-litem/,https://www.sterlinglawyers.com/wisconsin/child-custody/placement-factors/,https://www.sterlinglawyers.com/wisconsin/child-custody/,,Content,Low,3xx internal link (redirect report)
FIX_REDIRECT,https://www.sterlinglawyers.com/wisconsin/child-custody/fathers-rights-wisconsin/,https://www.sterlinglawyers.com/wisconsin/child-custody/placement-factors/,https://www.sterlinglawyers.com/wisconsin/child-custody/,,Content,Low,3xx internal link (redirect report)
FIX_REDIRECT,https://www.sterlinglawyers.com/news/childrens-best-interests/,https://www.sterlinglawyers.com/wisconsin/child-custody/placement-factors/,https://www.sterlinglawyers.com/wisconsin/child-custody/,,Content,Low,3xx internal link (redirect report)
FIX_REDIRECT,https://www.sterlinglawyers.com/wisconsin/guardianship/sibling/,https://www.sterlinglawyers.com/wisconsin/child-custody/placement-factors/,https://www.sterlinglawyers.com/wisconsin/child-custody/,,Content,Low,3xx internal link (redirect report)
FIX_REDIRECT,https://www.sterlinglawyers.com/wisconsin/guardianship/grandchild/,https://www.sterlinglawyers.com/wisconsin/child-custody/placement-factors/,https://www.sterlinglawyers.com/wisconsin/child-custody/,,Content,Low,3xx internal link (redirect report)
FIX_REDIRECT,https://www.sterlinglawyers.com/wisconsin/spousal-support/moving-in-with-new-partner-impact-maintenance/,https://www.sterlinglawyers.com/wisconsin/child-custody/placement-factors/,https://www.sterlinglawyers.com/wisconsin/child-custody/,,Content,Low,3xx internal link (redirect report)
FIX_REDIRECT,https://www.sterlinglawyers.com/news/dividing-family-business/,https://www.sterlinglawyers.com/wisconsin/child-custody/placement-factors/,https://www.sterlinglawyers.com/wisconsin/child-custody/,,Content,Low,3xx internal link (redirect report)
FIX_REDIRECT,https://www.sterlinglawyers.com/wisconsin/child-custody/split-orders/,https://www.sterlinglawyers.com/wisconsin/child-custody/placement-factors/,https://www.sterlinglawyers.com/wisconsin/child-custody/,,Content,Low,3xx internal link (redirect report)
FIX_REDIRECT,https://www.sterlinglawyers.com/wisconsin/child-custody/violating-child-custody-court-order/,https://www.sterlinglawyers.com/wisconsin/child-custody/placement-factors/,https://www.sterlinglawyers.com/wisconsin/child-custody/,,Content,Low,3xx internal link (redirect report)
FIX_REDIRECT,https://www.sterlinglawyers.com/wisconsin/child-custody/co-parenting-wi/,https://www.sterlinglawyers.com/wisconsin/divorce/creating-wisconsin-parenting-plan/,https://www.sterlinglawyers.com/wisconsin/child-custody/parenting-plan/,,Content,Low,3xx internal link (redirect report)
FIX_REDIRECT,https://www.sterlinglawyers.com/wisconsin/property-division/tax-consequences-dividing-property-divorce/,https://www.sterlinglawyers.com/wisconsin/property-division/,https://www.sterlinglawyers.com/wisconsin/property-division/,,Content,Low,3xx internal link (redirect report)
REMOVE_OR_REPLACE,https://www.sterlinglawyers.com/wisconsin/blog/beloit-spousal-support-lawyer-establishing-financial-security/,https://www.sterlinglawyers.com/wisconsin/blog/beloit-spousal-support-lawyer-establishing-financial-security/wisconsin/attorneys/jack-braaten/,,,Content,Medium,Content outlink: 4xx target
REPLACE_URL,https://www.sterlinglawyers.com/wisconsin/child-custody/,https://www.sterlinglawyers.com/illinois/child-custody/split-orders/,https://www.sterlinglawyers.com/wisconsin/child-custody/split-orders/,,Content,High,Core Page outlink (CH-CUS): cross-scope link
ADD_CONTEXTUAL,https://www.sterlinglawyers.com/wisconsin/blog/investing-peace-of-mind-trusted-child-custody-attorneys/,,https://www.sterlinglawyers.com/wisconsin/child-custody/,Wisconsin Child Custody,Content,High,Add 1 intentional in-body link (missing-only policy)
ADD_CONTEXTUAL,https://www.sterlinglawyers.com/wisconsin/blog/crafting-child-support-strategy-beloit-lawyer/,,https://www.sterlinglawyers.com/wisconsin/child-support/,Child Support in Wisconsin,Content,High,Add 1 intentional in-body link (missing-only policy)
ADD_CONTEXTUAL,https://www.sterlinglawyers.com/wisconsin/blog/sheboygan-family-law-mastering-spousal-support/,,https://www.sterlinglawyers.com/wisconsin/spousal-support/,Alimony / Spousal Support in Wisconsin,Content,High,Add 1 intentional in-body link (missing-only policy)
ADD_CONTEXTUAL,https://www.sterlinglawyers.com/wisconsin/blog/striving-for-equitable-child-support-baraboo/,,https://www.sterlinglawyers.com/wisconsin/child-support/,Wisconsin Child Support services,Content,High,Add 1 intentional in-body link (missing-only policy)
ADD_CONTEXTUAL,https://www.sterlinglawyers.com/wisconsin/blog/positive-co-parenting-relationship-menomonee-falls-child-support-lawyer/,,https://www.sterlinglawyers.com/wisconsin/child-support/,Wisconsin Child Support,Content,High,Add 1 intentional in-body link (missing-only policy)
ADD_CONTEXTUAL,https://www.sterlinglawyers.com/wisconsin/blog/kenosha-child-custody-attorneys-preserving-familial-bonds/,,https://www.sterlinglawyers.com/wisconsin/child-custody/,Wisconsin Child Custody,Content,High,Add 1 intentional in-body link (missing-only policy)
ADD_CONTEXTUAL,https://www.sterlinglawyers.com/wisconsin/blog/advantages-collaborative-divorce-madison-wi/,,https://www.sterlinglawyers.com/wisconsin/divorce/,Wisconsin Divorce,Content,High,Add 1 intentional in-body link (missing-only policy)
ADD_CONTEXTUAL,https://www.sterlinglawyers.com/wisconsin/blog/harmonious-resolution-property-division-fond-du-lac-county/,,https://www.sterlinglawyers.com/wisconsin/property-division/,Wisconsin Property Division,Content,High,Add 1 intentional in-body link (missing-only policy)
ADD_CONTEXTUAL,https://www.sterlinglawyers.com/wisconsin/blog/guiding-families-collaborative-divorce-fond-du-lac/,,https://www.sterlinglawyers.com/wisconsin/divorce/,Wisconsin Divorce services,Content,High,Add 1 intentional in-body link (missing-only policy)
ADD_CONTEXTUAL,https://www.sterlinglawyers.com/wisconsin/blog/importance-legal-aid-west-bend-spousal-support/,,https://www.sterlinglawyers.com/wisconsin/spousal-support/,Wisconsin Alimony / Spousal Support services,Content,High,Add 1 intentional in-body link (missing-only policy)
ADD_CONTEXTUAL,https://www.sterlinglawyers.com/wisconsin/blog/child-support-lawyers-ensuring-stability-appleton/,,https://www.sterlinglawyers.com/wisconsin/child-support/,Wisconsin Child Support,Content,High,Add 1 intentional in-body link (missing-only policy)
ADD_CONTEXTUAL,https://www.sterlinglawyers.com/wisconsin/blog/sheboygan-lawyers-illuminate-path-military-divorce/,,https://www.sterlinglawyers.com/wisconsin/divorce/,Wisconsin Divorce services,Content,High,Add 1 intentional in-body link (missing-only policy)
ADD_CONTEXTUAL,https://www.sterlinglawyers.com/wisconsin/blog/untangling-knots-divorce-mediation-kenosha-lawyers/,,https://www.sterlinglawyers.com/wisconsin/divorce/,Divorce in Wisconsin,Content,High,Add 1 intentional in-body link (missing-only policy)
ADD_CONTEXTUAL,https://www.sterlinglawyers.com/wisconsin/blog/child-support-modification-kenosha/,,https://www.sterlinglawyers.com/wisconsin/child-support/,Wisconsin Child Support services,Content,High,Add 1 intentional in-body link (missing-only policy)
ADD_CONTEXTUAL,https://www.sterlinglawyers.com/wisconsin/blog/balancing-child-custody-rights-delicately-in-dane-county/,,https://www.sterlinglawyers.com/wisconsin/child-custody/,Wisconsin Child Custody,Content,High,Add 1 intentional in-body link (missing-only policy)
ADD_CONTEXTUAL,https://www.sterlinglawyers.com/wisconsin/blog/standing-strong-janesville-attorneys-paternity-disputes/,,https://www.sterlinglawyers.com/wisconsin/paternity/,Wisconsin Paternity services,Content,High,Add 1 intentional in-body link (missing-only policy)
ADD_CONTEXTUAL,https://www.sterlinglawyers.com/wisconsin/blog/stability-in-child-custody-arrangements-baraboo-attorney/,,https://www.sterlinglawyers.com/wisconsin/child-custody/,Wisconsin Child Custody,Content,High,Add 1 intentional in-body link (missing-only policy)
ADD_CONTEXTUAL,https://www.sterlinglawyers.com/wisconsin/blog/protecting-your-interests-in-madison-wi-paternity-cases/,,https://www.sterlinglawyers.com/wisconsin/paternity/,Wisconsin Paternity services,Content,High,Add 1 intentional in-body link (missing-only policy)
ADD_CONTEXTUAL,https://www.sterlinglawyers.com/wisconsin/blog/journey-towards-collaborative-divorce-washington-county/,,https://www.sterlinglawyers.com/wisconsin/divorce/,Divorce in Wisconsin,Content,High,Add 1 intentional in-body link (missing-only policy)
ADD_CONTEXTUAL,https://www.sterlinglawyers.com/wisconsin/blog/stepping-stone-stability-middleton-spousal-support-lawyers/,,https://www.sterlinglawyers.com/wisconsin/spousal-support/,Wisconsin Alimony / Spousal Support services,Content,High,Add 1 intentional in-body link (missing-only policy)
ADD_CONTEXTUAL,https://www.sterlinglawyers.com/wisconsin/blog/comprehensive-paternity-support-brookfield-lawyers/,,https://www.sterlinglawyers.com/wisconsin/paternity/,Wisconsin Paternity,Content,High,Add 1 intentional in-body link (missing-only policy)
ADD_CONTEXTUAL,https://www.sterlinglawyers.com/wisconsin/blog/unlocking-hope-collaborative-divorce-jefferson-county/,,https://www.sterlinglawyers.com/wisconsin/divorce/,Wisconsin Divorce services,Content,High,Add 1 intentional in-body link (missing-only policy)
ADD_CONTEXTUAL,https://www.sterlinglawyers.com/wisconsin/blog/overcoming-legal-hurdles-west-bend-child-support/,,https://www.sterlinglawyers.com/wisconsin/child-support/,Wisconsin Child Support services,Content,High,Add 1 intentional in-body link (missing-only policy)
ADD_CONTEXTUAL,https://www.sterlinglawyers.com/wisconsin/blog/trusted-legal-support-uncontested-divorce-in-fond-du-lac/,,https://www.sterlinglawyers.com/wisconsin/divorce/,Wisconsin Divorce services,Content,High,Add 1 intentional in-body link (missing-only policy)
ADD_CONTEXTUAL,https://www.sterlinglawyers.com/wisconsin/blog/how-madison-child-custody-lawyers-help-clients/,,https://www.sterlinglawyers.com/wisconsin/child-custody/,Wisconsin Child Custody,Content,High,Add 1 intentional in-body link (missing-only policy)
ADD_CONTEXTUAL,https://www.sterlinglawyers.com/wisconsin/blog/protecting-your-interests-with-beaver-dam-contested-divorce-lawyers/,,https://www.sterlinglawyers.com/wisconsin/divorce/,Wisconsin Divorce services,Content,High,Add 1 intentional in-body link (missing-only policy)
ADD_CONTEXTUAL,https://www.sterlinglawyers.com/wisconsin/blog/oshkosh-military-divorce-quest-for-stability/,,https://www.sterlinglawyers.com/wisconsin/divorce/,Divorce in Wisconsin,Content,High,Add 1 intentional in-body link (missing-only policy)
ADD_CONTEXTUAL,https://www.sterlinglawyers.com/wisconsin/blog/securing-assets-peace-mind-west-bend-mediation/,,https://www.sterlinglawyers.com/wisconsin/divorce/,Service in Wisconsin,Content,High,Add 1 intentional in-body link (missing-only policy)
ADD_CONTEXTUAL,https://www.sterlinglawyers.com/wisconsin/blog/battling-balanced-spousal-support-menomonee-falls/,,https://www.sterlinglawyers.com/wisconsin/spousal-support/,Alimony / Spousal Support in Wisconsin,Content,High,Add 1 intentional in-body link (missing-only policy)
ADD_CONTEXTUAL,https://www.sterlinglawyers.com/wisconsin/blog/guiding-light-through-jefferson-uncontested-divorce-intricacies/,,https://www.sterlinglawyers.com/wisconsin/divorce/,Wisconsin Divorce,Content,High,Add 1 intentional in-body link (missing-only policy)
ADD_CONTEXTUAL,https://www.sterlinglawyers.com/wisconsin/blog/rising-above-storm-military-divorce-lawyers/,,https://www.sterlinglawyers.com/wisconsin/divorce/,Divorce in Wisconsin,Content,High,Add 1 intentional in-body link (missing-only policy)
ADD_CONTEXTUAL,https://www.sterlinglawyers.com/wisconsin/blog/navigating-contested-divorce-with-a-milwaukee-lawyer/,,https://www.sterlinglawyers.com/wisconsin/divorce/,Wisconsin Divorce,Content,High,Add 1 intentional in-body link (missing-only policy)
ADD_CONTEXTUAL,https://www.sterlinglawyers.com/wisconsin/blog/child-custody-concerns-with-appleton-lawyers/,,https://www.sterlinglawyers.com/wisconsin/child-custody/,Wisconsin Child Custody,Content,High,Add 1 intentional in-body link (missing-only policy)
ADD_CONTEXTUAL,https://www.sterlinglawyers.com/wisconsin/blog/journey-intricacies-paternity-laws-menomonee-falls/,,https://www.sterlinglawyers.com/wisconsin/paternity/,Wisconsin Paternity,Content,High,Add 1 intentional in-body link (missing-only policy)
ADD_CONTEXTUAL,https://www.sterlinglawyers.com/wisconsin/blog/menomonee-falls-attorney-help-navigating-military-divorce/,,https://www.sterlinglawyers.com/wisconsin/divorce/,Wisconsin Divorce,Content,High,Add 1 intentional in-body link (missing-only policy)
ADD_CONTEXTUAL,https://www.sterlinglawyers.com/wisconsin/blog/madison-child-support-attorney-advocate/,,https://www.sterlinglawyers.com/wisconsin/child-support/,Wisconsin Child Support,Content,High,Add 1 intentional in-body link (missing-only policy)
ADD_CONTEXTUAL,https://www.sterlinglawyers.com/wisconsin/blog/behind-the-scenes-baraboo-military-divorce-case/,,https://www.sterlinglawyers.com/wisconsin/divorce/,Wisconsin Divorce services,Content,High,Add 1 intentional in-body link (missing-only policy)
ADD_CONTEXTUAL,https://www.sterlinglawyers.com/wisconsin/blog/transforming-futures-divorce-mediation-baraboo/,,https://www.sterlinglawyers.com/wisconsin/divorce/,Divorce in Wisconsin,Content,High,Add 1 intentional in-body link (missing-only policy)
ADD_CONTEXTUAL,https://www.sterlinglawyers.com/wisconsin/blog/steering-through-contested-divorce-oshkosh/,,https://www.sterlinglawyers.com/wisconsin/divorce/,Wisconsin Divorce services,Content,High,Add 1 intentional in-body link (missing-only policy)
ADD_CONTEXTUAL,https://www.sterlinglawyers.com/wisconsin/blog/compassionate-divorce-mediation-mequon/,,https://www.sterlinglawyers.com/wisconsin/divorce/,Divorce in Wisconsin,Content,High,Add 1 intentional in-body link (missing-only policy)
ADD_CONTEXTUAL,https://www.sterlinglawyers.com/wisconsin/blog/advocacy-support-paternity-case-mequon-lawyers/,,https://www.sterlinglawyers.com/wisconsin/paternity/,Paternity in Wisconsin,Content,High,Add 1 intentional in-body link (missing-only policy)
ADD_CONTEXTUAL,https://www.sterlinglawyers.com/wisconsin/blog/winning-strategies-beaver-dam-spousal-support-lawyers/,,https://www.sterlinglawyers.com/wisconsin/spousal-support/,Alimony / Spousal Support in Wisconsin,Content,High,Add 1 intentional in-body link (missing-only policy)
ADD_CONTEXTUAL,https://www.sterlinglawyers.com/wisconsin/blog/unlocking-process-collaborative-divorce-middleton-attorney/,,https://www.sterlinglawyers.com/wisconsin/divorce/,Wisconsin Divorce services,Content,High,Add 1 intentional in-body link (missing-only policy)
ADD_CONTEXTUAL,https://www.sterlinglawyers.com/wisconsin/blog/kenosha-child-support-lawyer-assistance-work-parenthood-legal-challenges/,,https://www.sterlinglawyers.com/wisconsin/child-support/,Wisconsin Child Support services,Content,High,Add 1 intentional in-body link (missing-only policy)
ADD_CONTEXTUAL,https://www.sterlinglawyers.com/wisconsin/blog/invaluable-guide-property-division-kenosha/,,https://www.sterlinglawyers.com/wisconsin/property-division/,Property Division in Wisconsin,Content,High,Add 1 intentional in-body link (missing-only policy)
ADD_CONTEXTUAL,https://www.sterlinglawyers.com/wisconsin/blog/preserving-family-harmony-divorce-baraboo/,,https://www.sterlinglawyers.com/wisconsin/divorce/,Wisconsin Divorce,Content,High,Add 1 intentional in-body link (missing-only policy)
ADD_CONTEXTUAL,https://www.sterlinglawyers.com/wisconsin/blog/the-working-dads-guide-to-child-custody-in-oshkosh/,,https://www.sterlinglawyers.com/wisconsin/child-custody/,Wisconsin Child Custody services,Content,High,Add 1 intentional in-body link (missing-only policy)
ADD_CONTEXTUAL,https://www.sterlinglawyers.com/wisconsin/blog/charting-path-paternity-racine-attorneys/,,https://www.sterlinglawyers.com/wisconsin/paternity/,Wisconsin Paternity,Content,High,Add 1 intentional in-body link (missing-only policy)
ADD_CONTEXTUAL,https://www.sterlinglawyers.com/wisconsin/blog/steps-achieve-spousal-support-fond-du-lac/,,https://www.sterlinglawyers.com/wisconsin/spousal-support/,Wisconsin Alimony / Spousal Support,Content,High,Add 1 intentional in-body link (missing-only policy)
ADD_CONTEXTUAL,https://www.sterlinglawyers.com/wisconsin/blog/why-a-mequon-paternity-lawyer-matters/,,https://www.sterlinglawyers.com/wisconsin/paternity/,Wisconsin Paternity,Content,High,Add 1 intentional in-body link (missing-only policy)
ADD_CONTEXTUAL,https://www.sterlinglawyers.com/wisconsin/blog/protecting-welfare-families-green-bay-child-support-lawyers/,,https://www.sterlinglawyers.com/wisconsin/child-support/,Wisconsin Child Support services,Content,High,Add 1 intentional in-body link (missing-only policy)
ADD_CONTEXTUAL,https://www.sterlinglawyers.com/wisconsin/blog/safeguarding-interests-green-bay-contested-divorce-lawyers/,,https://www.sterlinglawyers.com/wisconsin/divorce/,Divorce in Wisconsin,Content,High,Add 1 intentional in-body link (missing-only policy)
ADD_CONTEXTUAL,https://www.sterlinglawyers.com/wisconsin/blog/a-mothers-story-with-securing-a-fair-racine-collaborative-divorce/,,https://www.sterlinglawyers.com/wisconsin/divorce/,Wisconsin Divorce services,Content,High,Add 1 intentional in-body link (missing-only policy)
ADD_CONTEXTUAL,https://www.sterlinglawyers.com/wisconsin/blog/guiding-clients-through-paternity-pillar-beloit/,,https://www.sterlinglawyers.com/wisconsin/paternity/,Paternity in Wisconsin,Content,High,Add 1 intentional in-body link (missing-only policy)
ADD_CONTEXTUAL,https://www.sterlinglawyers.com/wisconsin/blog/helping-hand-through-spousal-support-process-waukesha/,,https://www.sterlinglawyers.com/wisconsin/spousal-support/,Alimony / Spousal Support in Wisconsin,Content,High,Add 1 intentional in-body link (missing-only policy)
ADD_CONTEXTUAL,https://www.sterlinglawyers.com/wisconsin/blog/green-bay-attorney-empowering-mother-collaborative-divorce/,,https://www.sterlinglawyers.com/wisconsin/divorce/,Divorce in Wisconsin,Content,High,Add 1 intentional in-body link (missing-only policy)
ADD_CONTEXTUAL,https://www.sterlinglawyers.com/wisconsin/blog/choose-right-path-oshkosh-attorney-collaborative-divorce/,,https://www.sterlinglawyers.com/wisconsin/divorce/,Wisconsin Divorce services,Content,High,Add 1 intentional in-body link (missing-only policy)
ADD_CONTEXTUAL,https://www.sterlinglawyers.com/wisconsin/blog/protecting-military-personnel-interests-divorce/,,https://www.sterlinglawyers.com/wisconsin/divorce/,Wisconsin Divorce,Content,High,Add 1 intentional in-body link (missing-only policy)
ADD_CONTEXTUAL,https://www.sterlinglawyers.com/wisconsin/blog/fathers-tune-advocating-paternity-rights/,,https://www.sterlinglawyers.com/wisconsin/paternity/,Wisconsin Paternity,Content,High,Add 1 intentional in-body link (missing-only policy)
ADD_CONTEXTUAL,https://www.sterlinglawyers.com/wisconsin/blog/guiding-hand-child-support-west-bend/,,https://www.sterlinglawyers.com/wisconsin/child-support/,Child Support in Wisconsin,Content,High,Add 1 intentional in-body link (missing-only policy)
ADD_CONTEXTUAL,https://www.sterlinglawyers.com/wisconsin/blog/understanding-life-after-divorce-oshkosh-property-division-lawyers/,,https://www.sterlinglawyers.com/wisconsin/property-division/,Property Division in Wisconsin,Content,High,Add 1 intentional in-body link (missing-only policy)
ADD_CONTEXTUAL,https://www.sterlinglawyers.com/wisconsin/blog/strategic-approaches-contested-divorce-lawyer-rock-county/,,https://www.sterlinglawyers.com/wisconsin/divorce/,Wisconsin Divorce,Content,High,Add 1 intentional in-body link (missing-only policy)
ADD_CONTEXTUAL,https://www.sterlinglawyers.com/wisconsin/blog/weathering-storm-contested-divorce-menomonee-falls/,,https://www.sterlinglawyers.com/wisconsin/divorce/,Wisconsin Divorce,Content,High,Add 1 intentional in-body link (missing-only policy)
ADD_CONTEXTUAL,https://www.sterlinglawyers.com/wisconsin/blog/middleton-family-harmony-divorce-mediation/,,https://www.sterlinglawyers.com/wisconsin/divorce/,Divorce in Wisconsin,Content,High,Add 1 intentional in-body link (missing-only policy)
ADD_CONTEXTUAL,https://www.sterlinglawyers.com/wisconsin/blog/fighting-fairness-child-support-matters-oshkosh/,,https://www.sterlinglawyers.com/wisconsin/child-support/,Wisconsin Child Support,Content,High,Add 1 intentional in-body link (missing-only policy)
ADD_CONTEXTUAL,https://www.sterlinglawyers.com/wisconsin/blog/why-parents-need-attorney-beaver-dam-child-custody-case/,,https://www.sterlinglawyers.com/wisconsin/child-custody/,Wisconsin Child Custody services,Content,High,Add 1 intentional in-body link (missing-only policy)
ADD_CONTEXTUAL,https://www.sterlinglawyers.com/wisconsin/blog/turning-the-page-life-kenosha-contested-divorce-lawyers/,,https://www.sterlinglawyers.com/wisconsin/divorce/,Wisconsin Divorce,Content,High,Add 1 intentional in-body link (missing-only policy)
ADD_CONTEXTUAL,https://www.sterlinglawyers.com/wisconsin/blog/a-mother-finds-reassurance-during-divorce-mediation/,,https://www.sterlinglawyers.com/wisconsin/divorce/,Wisconsin Divorce services,Content,High,Add 1 intentional in-body link (missing-only policy)
ADD_CONTEXTUAL,https://www.sterlinglawyers.com/wisconsin/blog/alimony-adjustments-with-madison-spousal-support-lawyers/,,https://www.sterlinglawyers.com/wisconsin/spousal-support/,Alimony / Spousal Support in Wisconsin,Content,High,Add 1 intentional in-body link (missing-only policy)
ADD_CONTEXTUAL,https://www.sterlinglawyers.com/wisconsin/blog/prudent-representation-fortifying-hopes-in-divorce/,,https://www.sterlinglawyers.com/wisconsin/divorce/,Wisconsin Divorce services,Content,High,Add 1 intentional in-body link (missing-only policy)
ADD_CONTEXTUAL,https://www.sterlinglawyers.com/wisconsin/blog/how-milwaukee-spousal-support-attorneys-help/,,https://www.sterlinglawyers.com/wisconsin/spousal-support/,Alimony / Spousal Support in Wisconsin,Content,High,Add 1 intentional in-body link (missing-only policy)
ADD_CONTEXTUAL,https://www.sterlinglawyers.com/wisconsin/blog/advocate-children-janesville-lawyers-enforce-support/,,https://www.sterlinglawyers.com/wisconsin/divorce/,Wisconsin Service,Content,High,Add 1 intentional in-body link (missing-only policy)
ADD_CONTEXTUAL,https://www.sterlinglawyers.com/wisconsin/blog/unfolding-legal-process-uncontested-divorce-waukesha/,,https://www.sterlinglawyers.com/wisconsin/divorce/,Wisconsin Divorce services,Content,High,Add 1 intentional in-body link (missing-only policy)
ADD_CONTEXTUAL,https://www.sterlinglawyers.com/wisconsin/blog/protecting-family-future-jefferson-child-support-attorneys/,,https://www.sterlinglawyers.com/wisconsin/child-support/,Wisconsin Child Support,Content,High,Add 1 intentional in-body link (missing-only policy)
ADD_CONTEXTUAL,https://www.sterlinglawyers.com/wisconsin/blog/legal-guidance-oconomowoc-contested-divorce/,,https://www.sterlinglawyers.com/wisconsin/divorce/,Wisconsin Divorce services,Content,High,Add 1 intentional in-body link (missing-only policy)
ADD_CONTEXTUAL,https://www.sterlinglawyers.com/wisconsin/blog/child-support-cases-unraveled-racine-lawyers/,,https://www.sterlinglawyers.com/wisconsin/child-support/,Child Support in Wisconsin,Content,High,Add 1 intentional in-body link (missing-only policy)
ADD_CONTEXTUAL,https://www.sterlinglawyers.com/wisconsin/blog/oshkosh-child-support-lawyers-building-bridge-over-troubled-water/,,https://www.sterlinglawyers.com/wisconsin/child-support/,Wisconsin Child Support,Content,High,Add 1 intentional in-body link (missing-only policy)
ADD_CONTEXTUAL,https://www.sterlinglawyers.com/wisconsin/blog/key-considerations-fathers-seeking-custody-waukesha/,,https://www.sterlinglawyers.com/wisconsin/child-custody/,Child Custody in Wisconsin,Content,High,Add 1 intentional in-body link (missing-only policy)
ADD_CONTEXTUAL,https://www.sterlinglawyers.com/wisconsin/blog/comprehensive-support-property-division-madison/,,https://www.sterlinglawyers.com/wisconsin/property-division/,Wisconsin Property Division,Content,High,Add 1 intentional in-body link (missing-only policy)
ADD_CONTEXTUAL,https://www.sterlinglawyers.com/wisconsin/blog/hope-assistance-janesville-spousal-support-lawyers/,,https://www.sterlinglawyers.com/wisconsin/spousal-support/,Wisconsin Alimony / Spousal Support,Content,High,Add 1 intentional in-body link (missing-only policy)
ADD_CONTEXTUAL,https://www.sterlinglawyers.com/wisconsin/blog/balancing-motherhood-contested-divorce-proceedings-kenosha/,,https://www.sterlinglawyers.com/wisconsin/divorce/,Wisconsin Divorce,Content,High,Add 1 intentional in-body link (missing-only policy)
ADD_CONTEXTUAL,https://www.sterlinglawyers.com/wisconsin/blog/peaceful-collaborative-divorce-middleton/,,https://www.sterlinglawyers.com/wisconsin/divorce/,Wisconsin Divorce,Content,High,Add 1 intentional in-body link (missing-only policy)
ADD_CONTEXTUAL,https://www.sterlinglawyers.com/wisconsin/blog/unwavering-advocacy-protecting-families-collaborative-divorce/,,https://www.sterlinglawyers.com/wisconsin/divorce/,Wisconsin Divorce services,Content,High,Add 1 intentional in-body link (missing-only policy)
ADD_CONTEXTUAL,https://www.sterlinglawyers.com/wisconsin/blog/decoding-divorce-mediation-jefferson-county/,,https://www.sterlinglawyers.com/wisconsin/divorce/,Wisconsin Divorce services,Content,High,Add 1 intentional in-body link (missing-only policy)
ADD_CONTEXTUAL,https://www.sterlinglawyers.com/wisconsin/blog/holistic-child-support-solutions-jefferson-attorneys/,,https://www.sterlinglawyers.com/wisconsin/child-support/,Wisconsin Child Support services,Content,High,Add 1 intentional in-body link (missing-only policy)
ADD_CONTEXTUAL,https://www.sterlinglawyers.com/wisconsin/blog/undertaking-family-law-terrain-mequon-spousal-support-lawyers/,,https://www.sterlinglawyers.com/wisconsin/spousal-support/,Alimony / Spousal Support in Wisconsin,Content,High,Add 1 intentional in-body link (missing-only policy)
ADD_CONTEXTUAL,https://www.sterlinglawyers.com/wisconsin/blog/waukesha-county-child-support-challenges/,,https://www.sterlinglawyers.com/wisconsin/child-support/,Child Support in Wisconsin,Content,High,Add 1 intentional in-body link (missing-only policy)
ADD_CONTEXTUAL,https://www.sterlinglawyers.com/wisconsin/blog/building-new-start-spousal-support-cases-oshkosh/,,https://www.sterlinglawyers.com/wisconsin/spousal-support/,Wisconsin Alimony / Spousal Support services,Content,High,Add 1 intentional in-body link (missing-only policy)
ADD_CONTEXTUAL,https://www.sterlinglawyers.com/wisconsin/blog/shaping-future-with-fond-du-lac-military-divorce-lawyers/,,https://www.sterlinglawyers.com/wisconsin/divorce/,Divorce in Wisconsin,Content,High,Add 1 intentional in-body link (missing-only policy)
ADD_CONTEXTUAL,https://www.sterlinglawyers.com/wisconsin/blog/professional-legal-guidance-uncontested-divorce-beloit/,,https://www.sterlinglawyers.com/wisconsin/divorce/,Divorce in Wisconsin,Content,High,Add 1 intentional in-body link (missing-only policy)
ADD_CONTEXTUAL,https://www.sterlinglawyers.com/wisconsin/blog/glimpse-divorce-mediation-journey-brookfield-lawyers/,,https://www.sterlinglawyers.com/wisconsin/divorce/,Wisconsin Divorce,Content,High,Add 1 intentional in-body link (missing-only policy)
ADD_CONTEXTUAL,https://www.sterlinglawyers.com/wisconsin/blog/finding-fairness-dividing-property-washington-county/,,https://www.sterlinglawyers.com/wisconsin/divorce/,Wisconsin Service,Content,High,Add 1 intentional in-body link (missing-only policy)
ADD_CONTEXTUAL,https://www.sterlinglawyers.com/wisconsin/blog/jefferson-attorney-supports-families-divorce-mediation/,,https://www.sterlinglawyers.com/wisconsin/divorce/,Divorce in Wisconsin,Content,High,Add 1 intentional in-body link (missing-only policy)
ADD_CONTEXTUAL,https://www.sterlinglawyers.com/wisconsin/blog/uncontested-divorce-west-bend-fathers-story/,,https://www.sterlinglawyers.com/wisconsin/divorce/,Wisconsin Divorce services,Content,High,Add 1 intentional in-body link (missing-only policy)
ADD_CONTEXTUAL,https://www.sterlinglawyers.com/wisconsin/blog/ensuring-stable-future-uncontested-divorce-menomonee-falls/,,https://www.sterlinglawyers.com/wisconsin/divorce/,Divorce in Wisconsin,Content,High,Add 1 intentional in-body link (missing-only policy)
ADD_CONTEXTUAL,https://www.sterlinglawyers.com/wisconsin/blog/attorneys-compass-guiding-through-military-divorce-madison/,,https://www.sterlinglawyers.com/wisconsin/divorce/,Wisconsin Divorce services,Content,High,Add 1 intentional in-body link (missing-only policy)
ADD_CONTEXTUAL,https://www.sterlinglawyers.com/wisconsin/blog/embrace-amicable-resolution-child-support-janesville-lawyers/,,https://www.sterlinglawyers.com/wisconsin/child-support/,Child Support in Wisconsin,Content,High,Add 1 intentional in-body link (missing-only policy)
ADD_CONTEXTUAL,https://www.sterlinglawyers.com/wisconsin/blog/building-divorce-mediation-case-appleton-lawyer/,,https://www.sterlinglawyers.com/wisconsin/divorce/,Wisconsin Divorce services,Content,High,Add 1 intentional in-body link (missing-only policy)
ADD_CONTEXTUAL,https://www.sterlinglawyers.com/wisconsin/blog/demystifying-family-law-with-appleton-spousal-support-lawyers/,,https://www.sterlinglawyers.com/wisconsin/spousal-support/,Wisconsin Alimony / Spousal Support,Content,High,Add 1 intentional in-body link (missing-only policy)
ADD_CONTEXTUAL,https://www.sterlinglawyers.com/wisconsin/blog/exploring-landscape-contested-divorce-racine/,,https://www.sterlinglawyers.com/wisconsin/divorce/,Wisconsin Divorce,Content,High,Add 1 intentional in-body link (missing-only policy)
ADD_CONTEXTUAL,https://www.sterlinglawyers.com/wisconsin/blog/understanding-family-law-process-oshkosh-uncontested-divorce-lawyers/,,https://www.sterlinglawyers.com/wisconsin/divorce/,Wisconsin Divorce services,Content,High,Add 1 intentional in-body link (missing-only policy)
ADD_CONTEXTUAL,https://www.sterlinglawyers.com/wisconsin/blog/human-side-property-division-fond-du-lac/,,https://www.sterlinglawyers.com/wisconsin/property-division/,Property Division in Wisconsin,Content,High,Add 1 intentional in-body link (missing-only policy)
ADD_CONTEXTUAL,https://www.sterlinglawyers.com/wisconsin/blog/helping-parents-establish-legal-rights-and-support-in-waukesha/,,https://www.sterlinglawyers.com/wisconsin/divorce/,Wisconsin Service services,Content,High,Add 1 intentional in-body link (missing-only policy)
ADD_CONTEXTUAL,https://www.sterlinglawyers.com/wisconsin/blog/mequon-property-division-lawyers-smooth-transition/,,https://www.sterlinglawyers.com/wisconsin/property-division/,Property Division in Wisconsin,Content,High,Add 1 intentional in-body link (missing-only policy)
ADD_CONTEXTUAL,https://www.sterlinglawyers.com/wisconsin/blog/how-appleton-fathers-achieve-legal-paternity-recognition/,,https://www.sterlinglawyers.com/wisconsin/paternity/,Wisconsin Paternity,Content,High,Add 1 intentional in-body link (missing-only policy)
ADD_CONTEXTUAL,https://www.sterlinglawyers.com/wisconsin/blog/decoding-divorce-mediation-with-sheboygan-attorney/,,https://www.sterlinglawyers.com/wisconsin/divorce/,Wisconsin Divorce,Content,High,Add 1 intentional in-body link (missing-only policy)
ADD_CONTEXTUAL,https://www.sterlinglawyers.com/wisconsin/blog/family-court-procedures-military-divorce-beloit/,,https://www.sterlinglawyers.com/wisconsin/divorce/,Wisconsin Divorce services,Content,High,Add 1 intentional in-body link (missing-only policy)
ADD_CONTEXTUAL,https://www.sterlinglawyers.com/wisconsin/blog/sheboygan-lawyers-light-path-spousal-support-cases/,,https://www.sterlinglawyers.com/wisconsin/spousal-support/,Wisconsin Alimony / Spousal Support,Content,High,Add 1 intentional in-body link (missing-only policy)
ADD_CONTEXTUAL,https://www.sterlinglawyers.com/wisconsin/blog/waukesha-divorce-mediation-lawyers-what-you-need-to-know/,,https://www.sterlinglawyers.com/wisconsin/divorce/,Wisconsin Divorce,Content,High,Add 1 intentional in-body link (missing-only policy)
ADD_CONTEXTUAL,https://www.sterlinglawyers.com/wisconsin/blog/gaining-insight-into-paternity-law-madison-attorney/,,https://www.sterlinglawyers.com/wisconsin/paternity/,Paternity in Wisconsin,Content,High,Add 1 intentional in-body link (missing-only policy)
ADD_CONTEXTUAL,https://www.sterlinglawyers.com/wisconsin/blog/essential-attorney-role-appleton-contested-divorce/,,https://www.sterlinglawyers.com/wisconsin/divorce/,Divorce in Wisconsin,Content,High,Add 1 intentional in-body link (missing-only policy)
ADD_CONTEXTUAL,https://www.sterlinglawyers.com/wisconsin/blog/crafting-fair-property-division-baraboo/,,https://www.sterlinglawyers.com/wisconsin/property-division/,Property Division in Wisconsin,Content,High,Add 1 intentional in-body link (missing-only policy)
ADD_CONTEXTUAL,https://www.sterlinglawyers.com/wisconsin/blog/solving-puzzle-uncontested-divorce-beaver-dam-attorneys/,,https://www.sterlinglawyers.com/wisconsin/divorce/,Divorce in Wisconsin,Content,High,Add 1 intentional in-body link (missing-only policy)
ADD_CONTEXTUAL,https://www.sterlinglawyers.com/wisconsin/blog/tailored-strategies-spousal-support-challenges-brookfield/,,https://www.sterlinglawyers.com/wisconsin/spousal-support/,Wisconsin Alimony / Spousal Support services,Content,High,Add 1 intentional in-body link (missing-only policy)
ADD_CONTEXTUAL,https://www.sterlinglawyers.com/wisconsin/blog/heartfelt-chronicle-resolution-divorce-mediation-fond-du-lac/,,https://www.sterlinglawyers.com/wisconsin/divorce/,Wisconsin Divorce services,Content,High,Add 1 intentional in-body link (missing-only policy)
ADD_CONTEXTUAL,https://www.sterlinglawyers.com/wisconsin/blog/kenosha-legal-compass-collaborative-divorce-journey/,,https://www.sterlinglawyers.com/wisconsin/divorce/,Divorce in Wisconsin,Content,High,Add 1 intentional in-body link (missing-only policy)
ADD_CONTEXTUAL,https://www.sterlinglawyers.com/wisconsin/blog/value-of-lawyer-baraboo-spousal-support-case/,,https://www.sterlinglawyers.com/wisconsin/spousal-support/,Alimony / Spousal Support in Wisconsin,Content,High,Add 1 intentional in-body link (missing-only policy)
ADD_CONTEXTUAL,https://www.sterlinglawyers.com/wisconsin/blog/understanding-challenges-military-divorce-ozaukee-county/,,https://www.sterlinglawyers.com/wisconsin/divorce/,Wisconsin Divorce,Content,High,Add 1 intentional in-body link (missing-only policy)
ADD_CONTEXTUAL,https://www.sterlinglawyers.com/wisconsin/blog/protecting-what-matters-divorce-mediation-brookfield/,,https://www.sterlinglawyers.com/wisconsin/divorce/,Wisconsin Divorce,Content,High,Add 1 intentional in-body link (missing-only policy)
ADD_CONTEXTUAL,https://www.sterlinglawyers.com/wisconsin/blog/impact-compassionate-guidance-paternity-middleton/,,https://www.sterlinglawyers.com/wisconsin/paternity/,Wisconsin Paternity,Content,High,Add 1 intentional in-body link (missing-only policy)
ADD_CONTEXTUAL,https://www.sterlinglawyers.com/wisconsin/blog/chaos-to-cohesion-mequon-collaborative-divorce-lawyers/,,https://www.sterlinglawyers.com/wisconsin/divorce/,Wisconsin Divorce services,Content,High,Add 1 intentional in-body link (missing-only policy)
ADD_CONTEXTUAL,https://www.sterlinglawyers.com/wisconsin/blog/empowering-parents-child-custody-middleton/,,https://www.sterlinglawyers.com/wisconsin/child-custody/,Wisconsin Child Custody,Content,High,Add 1 intentional in-body link (missing-only policy)
ADD_CONTEXTUAL,https://www.sterlinglawyers.com/wisconsin/blog/traversing-trials-contested-divorce-mequon/,,https://www.sterlinglawyers.com/wisconsin/divorce/,Wisconsin Divorce,Content,High,Add 1 intentional in-body link (missing-only policy)
ADD_CONTEXTUAL,https://www.sterlinglawyers.com/wisconsin/blog/mequon-divorce-mediation-stress-free/,,https://www.sterlinglawyers.com/wisconsin/divorce/,Wisconsin Divorce services,Content,High,Add 1 intentional in-body link (missing-only policy)
ADD_CONTEXTUAL,https://www.sterlinglawyers.com/wisconsin/blog/navigating-property-division-green-bay-legal-guidance/,,https://www.sterlinglawyers.com/wisconsin/property-division/,Wisconsin Property Division,Content,High,Add 1 intentional in-body link (missing-only policy)
ADD_CONTEXTUAL,https://www.sterlinglawyers.com/wisconsin/blog/oconomowoc-property-division-lawyer/,,https://www.sterlinglawyers.com/wisconsin/property-division/,Wisconsin Property Division services,Content,High,Add 1 intentional in-body link (missing-only policy)
ADD_CONTEXTUAL,https://www.sterlinglawyers.com/wisconsin/blog/child-custody-waukesha-family-lawyer/,,https://www.sterlinglawyers.com/wisconsin/child-custody/,Wisconsin Child Custody services,Content,High,Add 1 intentional in-body link (missing-only policy)
ADD_CONTEXTUAL,https://www.sterlinglawyers.com/wisconsin/blog/road-resilience-sheboygan-uncontested-divorce/,,https://www.sterlinglawyers.com/wisconsin/divorce/,Wisconsin Divorce,Content,High,Add 1 intentional in-body link (missing-only policy)
ADD_CONTEXTUAL,https://www.sterlinglawyers.com/wisconsin/blog/collaborative-divorce-green-bay-new-beginnings/,,https://www.sterlinglawyers.com/wisconsin/divorce/,Wisconsin Divorce services,Content,High,Add 1 intentional in-body link (missing-only policy)
ADD_CONTEXTUAL,https://www.sterlinglawyers.com/wisconsin/blog/military-divorce-lawyers-racine-family-stability/,,https://www.sterlinglawyers.com/wisconsin/divorce/,Wisconsin Divorce,Content,High,Add 1 intentional in-body link (missing-only policy)
ADD_CONTEXTUAL,https://www.sterlinglawyers.com/wisconsin/blog/embracing-fatherhood-legal-support-oshkosh/,,https://www.sterlinglawyers.com/wisconsin/divorce/,Service in Wisconsin,Content,High,Add 1 intentional in-body link (missing-only policy)
ADD_CONTEXTUAL,https://www.sterlinglawyers.com/wisconsin/blog/beloit-divorce-fair-home-division/,,https://www.sterlinglawyers.com/wisconsin/divorce/,Wisconsin Divorce,Content,High,Add 1 intentional in-body link (missing-only policy)
ADD_CONTEXTUAL,https://www.sterlinglawyers.com/wisconsin/blog/achieving-favorable-child-custody-outcomes/,,https://www.sterlinglawyers.com/wisconsin/child-custody/,Wisconsin Child Custody,Content,High,Add 1 intentional in-body link (missing-only policy)
ADD_CONTEXTUAL,https://www.sterlinglawyers.com/wisconsin/blog/overcoming-challenges-family-law-beaver-dam-military-divorce-lawyers/,,https://www.sterlinglawyers.com/wisconsin/divorce/,Wisconsin Divorce,Content,High,Add 1 intentional in-body link (missing-only policy)
ADD_CONTEXTUAL,https://www.sterlinglawyers.com/wisconsin/blog/unwavering-support-complex-brookfield-paternity/,,https://www.sterlinglawyers.com/wisconsin/paternity/,Wisconsin Paternity,Content,High,Add 1 intentional in-body link (missing-only policy)
ADD_CONTEXTUAL,https://www.sterlinglawyers.com/wisconsin/blog/fair-spousal-support-oconomowoc/,,https://www.sterlinglawyers.com/wisconsin/spousal-support/,Wisconsin Alimony / Spousal Support services,Content,High,Add 1 intentional in-body link (missing-only policy)
ADD_CONTEXTUAL,https://www.sterlinglawyers.com/wisconsin/blog/complex-custody-cases-call-for-experienced-beloit-attorneys/,,https://www.sterlinglawyers.com/wisconsin/child-custody/,Child Custody in Wisconsin,Content,High,Add 1 intentional in-body link (missing-only policy)
ADD_CONTEXTUAL,https://www.sterlinglawyers.com/wisconsin/blog/appleton-child-custody-lawyers-turn-the-tables-in-your-favor/,,https://www.sterlinglawyers.com/wisconsin/child-custody/,Wisconsin Child Custody,Content,High,Add 1 intentional in-body link (missing-only policy)
ADD_CONTEXTUAL,https://www.sterlinglawyers.com/wisconsin/blog/look-inside-collaborative-divorce-madison-attorney/,,https://www.sterlinglawyers.com/wisconsin/divorce/,Divorce in Wisconsin,Content,High,Add 1 intentional in-body link (missing-only policy)
ADD_CONTEXTUAL,https://www.sterlinglawyers.com/wisconsin/blog/managing-stress-emotions-family-law-racine-military-divorce-lawyers/,,https://www.sterlinglawyers.com/wisconsin/divorce/,Wisconsin Divorce services,Content,High,Add 1 intentional in-body link (missing-only policy)
ADD_CONTEXTUAL,https://www.sterlinglawyers.com/wisconsin/blog/legal-challenges-solutions-milwaukee-uncontested-divorce/,,https://www.sterlinglawyers.com/wisconsin/divorce/,Divorce in Wisconsin,Content,High,Add 1 intentional in-body link (missing-only policy)
ADD_CONTEXTUAL,https://www.sterlinglawyers.com/wisconsin/blog/collaborative-divorce-approach-oconomowoc/,,https://www.sterlinglawyers.com/wisconsin/divorce/,Divorce in Wisconsin,Content,High,Add 1 intentional in-body link (missing-only policy)
ADD_CONTEXTUAL,https://www.sterlinglawyers.com/wisconsin/blog/divorce-mediation-process-oconomowoc/,,https://www.sterlinglawyers.com/wisconsin/divorce/,Divorce in Wisconsin,Content,High,Add 1 intentional in-body link (missing-only policy)
ADD_CONTEXTUAL,https://www.sterlinglawyers.com/wisconsin/blog/personal-stories-divorce-mediation-menomonee-falls/,,https://www.sterlinglawyers.com/wisconsin/divorce/,Wisconsin Divorce,Content,High,Add 1 intentional in-body link (missing-only policy)
ADD_CONTEXTUAL,https://www.sterlinglawyers.com/wisconsin/blog/military-spouse-journey-divorce-oconomowoc/,,https://www.sterlinglawyers.com/wisconsin/divorce/,Wisconsin Divorce,Content,High,Add 1 intentional in-body link (missing-only policy)
ADD_CONTEXTUAL,https://www.sterlinglawyers.com/wisconsin/blog/the-value-of-legal-experience-in-paternity-disputes-green-bay/,,https://www.sterlinglawyers.com/wisconsin/paternity/,Wisconsin Paternity,Content,High,Add 1 intentional in-body link (missing-only policy)
ADD_CONTEXTUAL,https://www.sterlinglawyers.com/wisconsin/blog/roadmap-protecting-assets-appleton-property-division-lawyers/,,https://www.sterlinglawyers.com/wisconsin/property-division/,Property Division in Wisconsin,Content,High,Add 1 intentional in-body link (missing-only policy)
ADD_CONTEXTUAL,https://www.sterlinglawyers.com/wisconsin/blog/promoting-fairness-with-milwaukee-divorce-mediation-lawyers/,,https://www.sterlinglawyers.com/wisconsin/divorce/,Wisconsin Divorce services,Content,High,Add 1 intentional in-body link (missing-only policy)
ADD_CONTEXTUAL,https://www.sterlinglawyers.com/wisconsin/blog/choose-sterling-lawyers-spousal-support-menomonee-falls/,,https://www.sterlinglawyers.com/wisconsin/spousal-support/,Wisconsin Alimony / Spousal Support,Content,High,Add 1 intentional in-body link (missing-only policy)
ADD_CONTEXTUAL,https://www.sterlinglawyers.com/wisconsin/blog/the-value-of-beaver-dam-paternity-lawyers-for-fathers-seeking-help/,,https://www.sterlinglawyers.com/wisconsin/paternity/,Paternity in Wisconsin,Content,High,Add 1 intentional in-body link (missing-only policy)
ADD_CONTEXTUAL,https://www.sterlinglawyers.com/wisconsin/blog/crafting-stability-families-brookfield-collaborative-divorce/,,https://www.sterlinglawyers.com/wisconsin/divorce/,Wisconsin Divorce,Content,High,Add 1 intentional in-body link (missing-only policy)
ADD_CONTEXTUAL,https://www.sterlinglawyers.com/wisconsin/blog/brighter-future-middleton-child-support-lawyers/,,https://www.sterlinglawyers.com/wisconsin/child-support/,Child Support in Wisconsin,Content,High,Add 1 intentional in-body link (missing-only policy)
ADD_CONTEXTUAL,https://www.sterlinglawyers.com/wisconsin/blog/resolving-paternity-conflicts-jefferson-county/,,https://www.sterlinglawyers.com/wisconsin/paternity/,Wisconsin Paternity,Content,High,Add 1 intentional in-body link (missing-only policy)
ADD_CONTEXTUAL,https://www.sterlinglawyers.com/wisconsin/blog/closer-look-collaborative-divorce-oshkosh-lawyers/,,https://www.sterlinglawyers.com/wisconsin/divorce/,Wisconsin Divorce services,Content,High,Add 1 intentional in-body link (missing-only policy)
ADD_CONTEXTUAL,https://www.sterlinglawyers.com/wisconsin/blog/path-to-full-custody-green-bay-attorney/,,https://www.sterlinglawyers.com/wisconsin/child-custody/,Wisconsin Child Custody services,Content,High,Add 1 intentional in-body link (missing-only policy)
ADD_CONTEXTUAL,https://www.sterlinglawyers.com/wisconsin/blog/brookfield-child-custody-challenges-attorneys-commitment/,,https://www.sterlinglawyers.com/wisconsin/child-custody/,Child Custody in Wisconsin,Content,High,Add 1 intentional in-body link (missing-only policy)
ADD_CONTEXTUAL,https://www.sterlinglawyers.com/wisconsin/blog/appleton-divorce-lawyer-advocate-fair-child-support/,,https://www.sterlinglawyers.com/wisconsin/child-support/,Wisconsin Child Support,Content,High,Add 1 intentional in-body link (missing-only policy)
ADD_CONTEXTUAL,https://www.sterlinglawyers.com/wisconsin/blog/empowered-dissolutions-reclaiming-control-collaborative-divorce/,,https://www.sterlinglawyers.com/wisconsin/divorce/,Wisconsin Divorce services,Content,High,Add 1 intentional in-body link (missing-only policy)
ADD_CONTEXTUAL,https://www.sterlinglawyers.com/wisconsin/blog/family-dynamics-shift-spousal-support-challenge-waukesha/,,https://www.sterlinglawyers.com/wisconsin/spousal-support/,Alimony / Spousal Support in Wisconsin,Content,High,Add 1 intentional in-body link (missing-only policy)
ADD_CONTEXTUAL,https://www.sterlinglawyers.com/wisconsin/blog/steadfast-advocate-contested-divorce-janesville/,,https://www.sterlinglawyers.com/wisconsin/divorce/,Wisconsin Divorce services,Content,High,Add 1 intentional in-body link (missing-only policy)
ADD_CONTEXTUAL,https://www.sterlinglawyers.com/wisconsin/blog/clarity-through-beaver-dam-divorce-mediation/,,https://www.sterlinglawyers.com/wisconsin/divorce/,Divorce in Wisconsin,Content,High,Add 1 intentional in-body link (missing-only policy)
ADD_CONTEXTUAL,https://www.sterlinglawyers.com/wisconsin/blog/leveraging-local-knowledge-beaver-dam-property-division-cases/,,https://www.sterlinglawyers.com/wisconsin/property-division/,Property Division in Wisconsin,Content,High,Add 1 intentional in-body link (missing-only policy)
ADD_CONTEXTUAL,https://www.sterlinglawyers.com/wisconsin/blog/finding-legal-help-during-military-divorce-oshkosh/,,https://www.sterlinglawyers.com/wisconsin/divorce/,Wisconsin Divorce,Content,High,Add 1 intentional in-body link (missing-only policy)
ADD_CONTEXTUAL,https://www.sterlinglawyers.com/wisconsin/blog/working-together-during-the-collaborative-divorce-process-in-mequon/,,https://www.sterlinglawyers.com/wisconsin/divorce/,Wisconsin Divorce,Content,High,Add 1 intentional in-body link (missing-only policy)
ADD_CONTEXTUAL,https://www.sterlinglawyers.com/wisconsin/blog/jefferson-child-custody-lawyer-transform-case/,,https://www.sterlinglawyers.com/wisconsin/child-custody/,Wisconsin Child Custody services,Content,High,Add 1 intentional in-body link (missing-only policy)
ADD_CONTEXTUAL,https://www.sterlinglawyers.com/wisconsin/blog/your-path-to-family-harmony-mequon-collaborative-divorce/,,https://www.sterlinglawyers.com/wisconsin/divorce/,Divorce in Wisconsin,Content,High,Add 1 intentional in-body link (missing-only policy)
ADD_CONTEXTUAL,https://www.sterlinglawyers.com/wisconsin/blog/advancing-child-support-justice-beaver-dam/,,https://www.sterlinglawyers.com/wisconsin/child-support/,Child Support in Wisconsin,Content,High,Add 1 intentional in-body link (missing-only policy)
ADD_CONTEXTUAL,https://www.sterlinglawyers.com/wisconsin/blog/insights-into-property-division-green-bay-attorney/,,https://www.sterlinglawyers.com/wisconsin/property-division/,Property Division in Wisconsin,Content,High,Add 1 intentional in-body link (missing-only policy)
ADD_CONTEXTUAL,https://www.sterlinglawyers.com/wisconsin/blog/stepping-into-parent-shoes-child-custody-concerns-sheboygan/,,https://www.sterlinglawyers.com/wisconsin/child-custody/,Wisconsin Child Custody,Content,High,Add 1 intentional in-body link (missing-only policy)
ADD_CONTEXTUAL,https://www.sterlinglawyers.com/wisconsin/blog/protecting-parental-rights-child-support-fond-du-lac/,,https://www.sterlinglawyers.com/wisconsin/child-support/,Wisconsin Child Support,Content,High,Add 1 intentional in-body link (missing-only policy)
ADD_CONTEXTUAL,https://www.sterlinglawyers.com/wisconsin/blog/steps-to-seamless-uncontested-divorce-waukesha-county/,,https://www.sterlinglawyers.com/wisconsin/divorce/,Divorce in Wisconsin,Content,High,Add 1 intentional in-body link (missing-only policy)
ADD_CONTEXTUAL,https://www.sterlinglawyers.com/wisconsin/blog/ensuring-family-stability-military-divorce-kenosha/,,https://www.sterlinglawyers.com/wisconsin/divorce/,Divorce in Wisconsin,Content,High,Add 1 intentional in-body link (missing-only policy)
ADD_CONTEXTUAL,https://www.sterlinglawyers.com/wisconsin/blog/discovering-paternity-rights-legal-steps-kenosha/,,https://www.sterlinglawyers.com/wisconsin/paternity/,Wisconsin Paternity,Content,High,Add 1 intentional in-body link (missing-only policy)
ADD_CONTEXTUAL,https://www.sterlinglawyers.com/wisconsin/blog/middleton-attorney-making-a-difference-spousal-support-cases/,,https://www.sterlinglawyers.com/wisconsin/spousal-support/,Alimony / Spousal Support in Wisconsin,Content,High,Add 1 intentional in-body link (missing-only policy)
ADD_CONTEXTUAL,https://www.sterlinglawyers.com/wisconsin/blog/steadfast-support-uncontested-divorce-winnebago-county/,,https://www.sterlinglawyers.com/wisconsin/divorce/,Divorce in Wisconsin,Content,High,Add 1 intentional in-body link (missing-only policy)
ADD_CONTEXTUAL,https://www.sterlinglawyers.com/wisconsin/blog/diligent-family-law-attorney-guiding-property-division-matters/,,https://www.sterlinglawyers.com/wisconsin/property-division/,Property Division in Wisconsin,Content,High,Add 1 intentional in-body link (missing-only policy)
ADD_CONTEXTUAL,https://www.sterlinglawyers.com/wisconsin/blog/milwaukee-child-custody-tips-strategies-parents/,,https://www.sterlinglawyers.com/wisconsin/child-custody/,Wisconsin Child Custody services,Content,High,Add 1 intentional in-body link (missing-only policy)
ADD_CONTEXTUAL,https://www.sterlinglawyers.com/wisconsin/blog/anchoring-rights-sheboygan-property-division/,,https://www.sterlinglawyers.com/wisconsin/property-division/,Property Division in Wisconsin,Content,High,Add 1 intentional in-body link (missing-only policy)
ADD_CONTEXTUAL,https://www.sterlinglawyers.com/wisconsin/blog/compassionate-uncontested-divorce-beaver-dam/,,https://www.sterlinglawyers.com/wisconsin/divorce/,Divorce in Wisconsin,Content,High,Add 1 intentional in-body link (missing-only policy)
ADD_CONTEXTUAL,https://www.sterlinglawyers.com/wisconsin/blog/professional-support-collaborative-divorce-sauk-county/,,https://www.sterlinglawyers.com/wisconsin/divorce/,Wisconsin Divorce services,Content,High,Add 1 intentional in-body link (missing-only policy)
ADD_CONTEXTUAL,https://www.sterlinglawyers.com/wisconsin/blog/illuminating-the-path-of-child-support-in-brown-county/,,https://www.sterlinglawyers.com/wisconsin/child-support/,Wisconsin Child Support,Content,High,Add 1 intentional in-body link (missing-only policy)
ADD_CONTEXTUAL,https://www.sterlinglawyers.com/wisconsin/blog/helping-families-resolve-paternity-matters-waukesha/,,https://www.sterlinglawyers.com/wisconsin/paternity/,Wisconsin Paternity,Content,High,Add 1 intentional in-body link (missing-only policy)
ADD_CONTEXTUAL,https://www.sterlinglawyers.com/wisconsin/blog/managing-family-dynamics-collaborative-divorce-kenosha/,,https://www.sterlinglawyers.com/wisconsin/divorce/,Wisconsin Divorce,Content,High,Add 1 intentional in-body link (missing-only policy)
ADD_CONTEXTUAL,https://www.sterlinglawyers.com/wisconsin/blog/a-look-into-uncontested-divorce-in-milwaukee-county/,,https://www.sterlinglawyers.com/wisconsin/divorce/,Wisconsin Divorce services,Content,High,Add 1 intentional in-body link (missing-only policy)
ADD_CONTEXTUAL,https://www.sterlinglawyers.com/wisconsin/blog/navigating-sheboygan-divorce-mediation-diligence-care/,,https://www.sterlinglawyers.com/wisconsin/divorce/,Wisconsin Divorce,Content,High,Add 1 intentional in-body link (missing-only policy)
ADD_CONTEXTUAL,https://www.sterlinglawyers.com/wisconsin/blog/military-divorce-insight-assistance-sheboygan-county/,,https://www.sterlinglawyers.com/wisconsin/divorce/,Wisconsin Divorce,Content,High,Add 1 intentional in-body link (missing-only policy)
ADD_CONTEXTUAL,https://www.sterlinglawyers.com/wisconsin/blog/understanding-family-law-with-jefferson-paternity-attorneys/,,https://www.sterlinglawyers.com/wisconsin/paternity/,Paternity in Wisconsin,Content,High,Add 1 intentional in-body link (missing-only policy)
ADD_CONTEXTUAL,https://www.sterlinglawyers.com/wisconsin/blog/guidance-road-of-military-divorce-west-bend-lawyers/,,https://www.sterlinglawyers.com/wisconsin/divorce/,Wisconsin Divorce services,Content,High,Add 1 intentional in-body link (missing-only policy)
ADD_CONTEXTUAL,https://www.sterlinglawyers.com/wisconsin/blog/helping-brookfield-clients-difficult-property-division/,,https://www.sterlinglawyers.com/wisconsin/property-division/,Wisconsin Property Division,Content,High,Add 1 intentional in-body link (missing-only policy)
ADD_CONTEXTUAL,https://www.sterlinglawyers.com/wisconsin/blog/helping-hand-with-brookfield-property-division-attorney/,,https://www.sterlinglawyers.com/wisconsin/property-division/,Wisconsin Property Division,Content,High,Add 1 intentional in-body link (missing-only policy)
ADD_CONTEXTUAL,https://www.sterlinglawyers.com/wisconsin/blog/janesville-lawyers-client-interests-military-divorce/,,https://www.sterlinglawyers.com/wisconsin/divorce/,Divorce in Wisconsin,Content,High,Add 1 intentional in-body link (missing-only policy)
ADD_CONTEXTUAL,https://www.sterlinglawyers.com/wisconsin/blog/forging-new-future-spousal-support-milwaukee/,,https://www.sterlinglawyers.com/wisconsin/spousal-support/,Wisconsin Alimony / Spousal Support services,Content,High,Add 1 intentional in-body link (missing-only policy)
ADD_CONTEXTUAL,https://www.sterlinglawyers.com/wisconsin/blog/stress-less-menomonee-falls-property-division-lawyers/,,https://www.sterlinglawyers.com/wisconsin/property-division/,Property Division in Wisconsin,Content,High,Add 1 intentional in-body link (missing-only policy)
ADD_CONTEXTUAL,https://www.sterlinglawyers.com/wisconsin/blog/compassionate-advocacy-divorce-mediation-attorneys-baraboo/,,https://www.sterlinglawyers.com/wisconsin/divorce/,Wisconsin Divorce,Content,High,Add 1 intentional in-body link (missing-only policy)
ADD_CONTEXTUAL,https://www.sterlinglawyers.com/wisconsin/blog/jefferson-fathers-legal-battle-child-custody-pursuit-stability/,,https://www.sterlinglawyers.com/wisconsin/child-custody/,Wisconsin Child Custody services,Content,High,Add 1 intentional in-body link (missing-only policy)
ADD_CONTEXTUAL,https://www.sterlinglawyers.com/wisconsin/blog/finding-strength-in-adversity-mothers-journey-paternity-case/,,https://www.sterlinglawyers.com/wisconsin/paternity/,Paternity in Wisconsin,Content,High,Add 1 intentional in-body link (missing-only policy)
ADD_CONTEXTUAL,https://www.sterlinglawyers.com/wisconsin/blog/divorce-mequon-compassion-meets-judicial-precision/,,https://www.sterlinglawyers.com/wisconsin/divorce/,Wisconsin Divorce services,Content,High,Add 1 intentional in-body link (missing-only policy)
ADD_CONTEXTUAL,https://www.sterlinglawyers.com/wisconsin/blog/unpacking-legal-process-baraboo-paternity-lawyers/,,https://www.sterlinglawyers.com/wisconsin/paternity/,Wisconsin Paternity,Content,High,Add 1 intentional in-body link (missing-only policy)
ADD_CONTEXTUAL,https://www.sterlinglawyers.com/wisconsin/blog/finding-solutions-paternity-challenges-legal-guidance-resolutions/,,https://www.sterlinglawyers.com/wisconsin/paternity/,Paternity in Wisconsin,Content,High,Add 1 intentional in-body link (missing-only policy)
ADD_CONTEXTUAL,https://www.sterlinglawyers.com/wisconsin/blog/legal-advocacy-lifeline-during-beloit-property-division/,,https://www.sterlinglawyers.com/wisconsin/property-division/,Property Division in Wisconsin,Content,High,Add 1 intentional in-body link (missing-only policy)
ADD_CONTEXTUAL,https://www.sterlinglawyers.com/wisconsin/blog/crafting-new-beginnings-mediation-oshkosh/,,https://www.sterlinglawyers.com/wisconsin/divorce/,Wisconsin Service,Content,High,Add 1 intentional in-body link (missing-only policy)
ADD_CONTEXTUAL,https://www.sterlinglawyers.com/wisconsin/blog/glimmer-hope-child-custody-battles-menomonee-falls-attorney/,,https://www.sterlinglawyers.com/wisconsin/child-custody/,Wisconsin Child Custody,Content,High,Add 1 intentional in-body link (missing-only policy)
ADD_CONTEXTUAL,https://www.sterlinglawyers.com/wisconsin/blog/parental-responsibilities-collide-sheboygan-child-support-cases/,,https://www.sterlinglawyers.com/wisconsin/child-support/,Child Support in Wisconsin,Content,High,Add 1 intentional in-body link (missing-only policy)
ADD_CONTEXTUAL,https://www.sterlinglawyers.com/wisconsin/blog/walking-through-property-division-intricacies-middleton/,,https://www.sterlinglawyers.com/wisconsin/property-division/,Wisconsin Property Division services,Content,High,Add 1 intentional in-body link (missing-only policy)
ADD_CONTEXTUAL,https://www.sterlinglawyers.com/wisconsin/blog/family-advocacy-spousal-support-jefferson/,,https://www.sterlinglawyers.com/wisconsin/spousal-support/,Wisconsin Alimony / Spousal Support,Content,High,Add 1 intentional in-body link (missing-only policy)
ADD_CONTEXTUAL,https://www.sterlinglawyers.com/wisconsin/blog/why-hiring-an-attorney-matters-beaver-dam-spousal-support/,,https://www.sterlinglawyers.com/wisconsin/spousal-support/,Wisconsin Alimony / Spousal Support,Content,High,Add 1 intentional in-body link (missing-only policy)
ADD_CONTEXTUAL,https://www.sterlinglawyers.com/wisconsin/blog/stable-spousal-support-brookfield/,,https://www.sterlinglawyers.com/wisconsin/spousal-support/,Wisconsin Alimony / Spousal Support,Content,High,Add 1 intentional in-body link (missing-only policy)
ADD_CONTEXTUAL,https://www.sterlinglawyers.com/wisconsin/blog/power-legal-guidance-milwaukee-contested-divorce/,,https://www.sterlinglawyers.com/wisconsin/divorce/,Divorce in Wisconsin,Content,High,Add 1 intentional in-body link (missing-only policy)
ADD_CONTEXTUAL,https://www.sterlinglawyers.com/wisconsin/blog/understanding-a-pewaukee-uncontested-divorce/,,https://www.sterlinglawyers.com/wisconsin/divorce/,Divorce in Wisconsin,Content,High,Add 1 intentional in-body link (missing-only policy)
ADD_CONTEXTUAL,https://www.sterlinglawyers.com/wisconsin/blog/unveiling-process-divorce-mediation-in-west-bend/,,https://www.sterlinglawyers.com/wisconsin/divorce/,Wisconsin Divorce services,Content,High,Add 1 intentional in-body link (missing-only policy)
ADD_CONTEXTUAL,https://www.sterlinglawyers.com/wisconsin/blog/the-human-aspect-of-uncontested-divorce-sheboygan/,,https://www.sterlinglawyers.com/wisconsin/divorce/,Wisconsin Divorce,Content,High,Add 1 intentional in-body link (missing-only policy)
ADD_CONTEXTUAL,https://www.sterlinglawyers.com/wisconsin/blog/stand-on-solid-legal-ground-beloit-contested-divorce/,,https://www.sterlinglawyers.com/wisconsin/divorce/,Wisconsin Divorce,Content,High,Add 1 intentional in-body link (missing-only policy)
ADD_CONTEXTUAL,https://www.sterlinglawyers.com/wisconsin/blog/menomonee-falls-divorce-mediation-lawyers-journey-resolution/,,https://www.sterlinglawyers.com/wisconsin/divorce/,Wisconsin Divorce,Content,High,Add 1 intentional in-body link (missing-only policy)
ADD_CONTEXTUAL,https://www.sterlinglawyers.com/wisconsin/blog/complexities-property-division-waukesha-county-attorney/,,https://www.sterlinglawyers.com/wisconsin/property-division/,Property Division in Wisconsin,Content,High,Add 1 intentional in-body link (missing-only policy)
ADD_CONTEXTUAL,https://www.sterlinglawyers.com/wisconsin/blog/transforming-tough-fond-du-lac-paternity-cases-into-new-beginnings/,,https://www.sterlinglawyers.com/wisconsin/paternity/,Wisconsin Paternity,Content,High,Add 1 intentional in-body link (missing-only policy)
ADD_CONTEXTUAL,https://www.sterlinglawyers.com/wisconsin/blog/child-support-challenges-mequon-lawyers/,,https://www.sterlinglawyers.com/wisconsin/child-support/,Child Support in Wisconsin,Content,High,Add 1 intentional in-body link (missing-only policy)
ADD_CONTEXTUAL,https://www.sterlinglawyers.com/wisconsin/blog/unseen-heroes-divorce-mediation-janesville/,,https://www.sterlinglawyers.com/wisconsin/divorce/,Wisconsin Divorce services,Content,High,Add 1 intentional in-body link (missing-only policy)
ADD_CONTEXTUAL,https://www.sterlinglawyers.com/wisconsin/blog/riding-waves-uncontested-divorce-racine-attorney/,,https://www.sterlinglawyers.com/wisconsin/divorce/,Wisconsin Divorce,Content,High,Add 1 intentional in-body link (missing-only policy)
ADD_CONTEXTUAL,https://www.sterlinglawyers.com/wisconsin/blog/sterling-lawyers-support-milwaukee-fathers/,,https://www.sterlinglawyers.com/wisconsin/divorce/,Wisconsin Service,Content,High,Add 1 intentional in-body link (missing-only policy)
ADD_CONTEXTUAL,https://www.sterlinglawyers.com/wisconsin/blog/empowering-military-divorce-clients-in-menomonee-falls/,,https://www.sterlinglawyers.com/wisconsin/divorce/,Wisconsin Divorce services,Content,High,Add 1 intentional in-body link (missing-only policy)
ADD_CONTEXTUAL,https://www.sterlinglawyers.com/wisconsin/blog/janesville-property-division-lawyers-turmoil-to-tranquility/,,https://www.sterlinglawyers.com/wisconsin/property-division/,Property Division in Wisconsin,Content,High,Add 1 intentional in-body link (missing-only policy)
ADD_CONTEXTUAL,https://www.sterlinglawyers.com/wisconsin/blog/child-support-advocacy-guide-middleton-lawyers/,,https://www.sterlinglawyers.com/wisconsin/child-support/,Wisconsin Child Support,Content,High,Add 1 intentional in-body link (missing-only policy)
ADD_CONTEXTUAL,https://www.sterlinglawyers.com/wisconsin/blog/fond-du-lac-uncontested-divorce-lawyers-guide-to-independence/,,https://www.sterlinglawyers.com/wisconsin/divorce/,Wisconsin Divorce services,Content,High,Add 1 intentional in-body link (missing-only policy)
ADD_CONTEXTUAL,https://www.sterlinglawyers.com/wisconsin/blog/reality-of-contested-divorce-with-menomonee-falls-lawyers/,,https://www.sterlinglawyers.com/wisconsin/divorce/,Wisconsin Divorce services,Content,High,Add 1 intentional in-body link (missing-only policy)
ADD_CONTEXTUAL,https://www.sterlinglawyers.com/wisconsin/blog/unpacking-military-divorce-complexity-milwaukee-attorney/,,https://www.sterlinglawyers.com/wisconsin/divorce/,Wisconsin Divorce,Content,High,Add 1 intentional in-body link (missing-only policy)
ADD_CONTEXTUAL,https://www.sterlinglawyers.com/wisconsin/blog/tackling-uncontested-divorce-challenges-racine-lawyers/,,https://www.sterlinglawyers.com/wisconsin/divorce/,Divorce in Wisconsin,Content,High,Add 1 intentional in-body link (missing-only policy)
ADD_CONTEXTUAL,https://www.sterlinglawyers.com/wisconsin/blog/unfolding-the-role-oshkosh-lawyer-child-custody-battles/,,https://www.sterlinglawyers.com/wisconsin/child-custody/,Wisconsin Child Custody,Content,High,Add 1 intentional in-body link (missing-only policy)
ADD_CONTEXTUAL,https://www.sterlinglawyers.com/wisconsin/blog/understanding-legal-landscape-contested-divorce-baraboo/,,https://www.sterlinglawyers.com/wisconsin/divorce/,Wisconsin Divorce services,Content,High,Add 1 intentional in-body link (missing-only policy)
ADD_CONTEXTUAL,https://www.sterlinglawyers.com/wisconsin/blog/making-sense-spousal-support-laws-fond-du-lac/,,https://www.sterlinglawyers.com/wisconsin/spousal-support/,Alimony / Spousal Support in Wisconsin,Content,High,Add 1 intentional in-body link (missing-only policy)
ADD_CONTEXTUAL,https://www.sterlinglawyers.com/wisconsin/blog/smoothing-the-path-divorce-mediation-beloit/,,https://www.sterlinglawyers.com/wisconsin/divorce/,Wisconsin Divorce services,Content,High,Add 1 intentional in-body link (missing-only policy)
ADD_CONTEXTUAL,https://www.sterlinglawyers.com/wisconsin/blog/planning-contested-divorce-with-brookfield-lawyer/,,https://www.sterlinglawyers.com/wisconsin/divorce/,Divorce in Wisconsin,Content,High,Add 1 intentional in-body link (missing-only policy)
ADD_CONTEXTUAL,https://www.sterlinglawyers.com/wisconsin/blog/waukesha-attorney-compassionate-support-contested-divorces/,,https://www.sterlinglawyers.com/wisconsin/divorce/,Wisconsin Divorce services,Content,High,Add 1 intentional in-body link (missing-only policy)
ADD_CONTEXTUAL,https://www.sterlinglawyers.com/wisconsin/blog/unfolding-layers-child-custody-law-janesville/,,https://www.sterlinglawyers.com/wisconsin/child-custody/,Wisconsin Child Custody,Content,High,Add 1 intentional in-body link (missing-only policy)
ADD_CONTEXTUAL,https://www.sterlinglawyers.com/wisconsin/blog/beloit-spousal-support-lawyer-establishing-financial-security/,,https://www.sterlinglawyers.com/wisconsin/spousal-support/,Wisconsin Alimony / Spousal Support services,Content,High,Add 1 intentional in-body link (missing-only policy)
ADD_CONTEXTUAL,https://www.sterlinglawyers.com/wisconsin/blog/insight-from-waukesha-contested-divorce-lawyers/,,https://www.sterlinglawyers.com/wisconsin/divorce/,Wisconsin Divorce services,Content,High,Add 1 intentional in-body link (missing-only policy)
ADD_CONTEXTUAL,https://www.sterlinglawyers.com/wisconsin/blog/beaver-dam-attorneys-guiding-child-custody-disputes/,,https://www.sterlinglawyers.com/wisconsin/child-custody/,Wisconsin Child Custody,Content,High,Add 1 intentional in-body link (missing-only policy)
ADD_CONTEXTUAL,https://www.sterlinglawyers.com/wisconsin/blog/foundational-legal-help-for-your-appleton-property-division-case/,,https://www.sterlinglawyers.com/wisconsin/property-division/,Property Division in Wisconsin,Content,High,Add 1 intentional in-body link (missing-only policy)
ADD_CONTEXTUAL,https://www.sterlinglawyers.com/wisconsin/blog/making-uncontested-divorce-less-daunting-brookfield/,,https://www.sterlinglawyers.com/wisconsin/divorce/,Wisconsin Divorce,Content,High,Add 1 intentional in-body link (missing-only policy)
ADD_CONTEXTUAL,https://www.sterlinglawyers.com/wisconsin/blog/braving-military-divorce-storm-green-bay-attorney/,,https://www.sterlinglawyers.com/wisconsin/divorce/,Wisconsin Divorce,Content,High,Add 1 intentional in-body link (missing-only policy)
ADD_CONTEXTUAL,https://www.sterlinglawyers.com/wisconsin/blog/resilient-life-after-contested-divorce-madison/,,https://www.sterlinglawyers.com/wisconsin/divorce/,Divorce in Wisconsin,Content,High,Add 1 intentional in-body link (missing-only policy)
ADD_CONTEXTUAL,https://www.sterlinglawyers.com/wisconsin/blog/fighting-for-fair-assistance-with-milwaukee-child-support-lawyers/,,https://www.sterlinglawyers.com/wisconsin/child-support/,Wisconsin Child Support,Content,High,Add 1 intentional in-body link (missing-only policy)
ADD_CONTEXTUAL,https://www.sterlinglawyers.com/wisconsin/blog/legal-insights-property-division-families-baraboo/,,https://www.sterlinglawyers.com/wisconsin/property-division/,Property Division in Wisconsin,Content,High,Add 1 intentional in-body link (missing-only policy)
ADD_CONTEXTUAL,https://www.sterlinglawyers.com/wisconsin/blog/ensuring-spousal-support-stability-madison-attorney-strategy/,,https://www.sterlinglawyers.com/wisconsin/spousal-support/,Alimony / Spousal Support in Wisconsin,Content,High,Add 1 intentional in-body link (missing-only policy)
ADD_CONTEXTUAL,https://www.sterlinglawyers.com/wisconsin/blog/finding-common-ground-collaborative-divorce-benefits/,,https://www.sterlinglawyers.com/wisconsin/divorce/,Divorce in Wisconsin,Content,High,Add 1 intentional in-body link (missing-only policy)
ADD_CONTEXTUAL,https://www.sterlinglawyers.com/wisconsin/blog/exploring-family-law-sheboygan-collaborative-divorce-lawyers/,,https://www.sterlinglawyers.com/wisconsin/divorce/,Wisconsin Divorce services,Content,High,Add 1 intentional in-body link (missing-only policy)
ADD_CONTEXTUAL,https://www.sterlinglawyers.com/wisconsin/blog/finding-right-ally-menomonee-falls-child-custody-lawyers/,,https://www.sterlinglawyers.com/wisconsin/child-custody/,Child Custody in Wisconsin,Content,High,Add 1 intentional in-body link (missing-only policy)
ADD_CONTEXTUAL,https://www.sterlinglawyers.com/wisconsin/blog/lighthouse-legal-support-contested-divorce-baraboo/,,https://www.sterlinglawyers.com/wisconsin/divorce/,Wisconsin Divorce,Content,High,Add 1 intentional in-body link (missing-only policy)
ADD_CONTEXTUAL,https://www.sterlinglawyers.com/wisconsin/blog/empowering-single-parents-paternity-appleton/,,https://www.sterlinglawyers.com/wisconsin/paternity/,Paternity in Wisconsin,Content,High,Add 1 intentional in-body link (missing-only policy)
ADD_CONTEXTUAL,https://www.sterlinglawyers.com/wisconsin/blog/effective-legal-representation-property-division-jefferson/,,https://www.sterlinglawyers.com/wisconsin/property-division/,Wisconsin Property Division,Content,High,Add 1 intentional in-body link (missing-only policy)
ADD_CONTEXTUAL,https://www.sterlinglawyers.com/wisconsin/blog/empowering-clients-spousal-support-west-bend/,,https://www.sterlinglawyers.com/wisconsin/spousal-support/,Wisconsin Alimony / Spousal Support,Content,High,Add 1 intentional in-body link (missing-only policy)
ADD_CONTEXTUAL,https://www.sterlinglawyers.com/wisconsin/blog/madison-lawyers-advice-property-division/,,https://www.sterlinglawyers.com/wisconsin/property-division/,Wisconsin Property Division,Content,High,Add 1 intentional in-body link (missing-only policy)
ADD_CONTEXTUAL,https://www.sterlinglawyers.com/wisconsin/blog/steering-tides-child-custody-kenosha-county/,,https://www.sterlinglawyers.com/wisconsin/child-custody/,Child Custody in Wisconsin,Content,High,Add 1 intentional in-body link (missing-only policy)
ADD_CONTEXTUAL,https://www.sterlinglawyers.com/wisconsin/blog/balancing-emotions-law-jefferson-contested-divorce/,,https://www.sterlinglawyers.com/wisconsin/divorce/,Divorce in Wisconsin,Content,High,Add 1 intentional in-body link (missing-only policy)
ADD_CONTEXTUAL,https://www.sterlinglawyers.com/wisconsin/blog/securing-legacy-understanding-paternity-law-milwaukee/,,https://www.sterlinglawyers.com/wisconsin/paternity/,Wisconsin Paternity,Content,High,Add 1 intentional in-body link (missing-only policy)
ADD_CONTEXTUAL,https://www.sterlinglawyers.com/wisconsin/blog/conquering-legal-challenges-family-law-beloit/,,https://www.sterlinglawyers.com/wisconsin/divorce/,Wisconsin Service services,Content,High,Add 1 intentional in-body link (missing-only policy)
ADD_CONTEXTUAL,https://www.sterlinglawyers.com/wisconsin/blog/securing-stability-amidst-uncertainty-racine-spousal-support-lawyers/,,https://www.sterlinglawyers.com/wisconsin/spousal-support/,Alimony / Spousal Support in Wisconsin,Content,High,Add 1 intentional in-body link (missing-only policy)
ADD_CONTEXTUAL,https://www.sterlinglawyers.com/wisconsin/blog/guide-property-division-racine-single-parents/,,https://www.sterlinglawyers.com/wisconsin/property-division/,Wisconsin Property Division services,Content,High,Add 1 intentional in-body link (missing-only policy)
ADD_CONTEXTUAL,https://www.sterlinglawyers.com/wisconsin/blog/legal-insights-modifying-child-support-mequon/,,https://www.sterlinglawyers.com/wisconsin/child-support/,Child Support in Wisconsin,Content,High,Add 1 intentional in-body link (missing-only policy)
ADD_CONTEXTUAL,https://www.sterlinglawyers.com/wisconsin/blog/complications-military-divorce-milwaukee/,,https://www.sterlinglawyers.com/wisconsin/divorce/,Wisconsin Divorce,Content,High,Add 1 intentional in-body link (missing-only policy)
ADD_CONTEXTUAL,https://www.sterlinglawyers.com/wisconsin/blog/seeking-fair-resolutions-madison-divorce-mediation/,,https://www.sterlinglawyers.com/wisconsin/divorce/,Divorce in Wisconsin,Content,High,Add 1 intentional in-body link (missing-only policy)
ADD_CONTEXTUAL,https://www.sterlinglawyers.com/wisconsin/blog/aiding-child-support-cases-skilled-legal-professionals/,,https://www.sterlinglawyers.com/wisconsin/child-support/,Wisconsin Child Support,Content,High,Add 1 intentional in-body link (missing-only policy)
ADD_CONTEXTUAL,https://www.sterlinglawyers.com/wisconsin/blog/resolving-conflict-with-brookfield-child-custody-lawyer/,,https://www.sterlinglawyers.com/wisconsin/child-custody/,Child Custody in Wisconsin,Content,High,Add 1 intentional in-body link (missing-only policy)
ADD_CONTEXTUAL,https://www.sterlinglawyers.com/wisconsin/blog/smooth-sailing-uncontested-divorce-middleton/,,https://www.sterlinglawyers.com/wisconsin/divorce/,Divorce in Wisconsin,Content,High,Add 1 intentional in-body link (missing-only policy)
ADD_CONTEXTUAL,https://www.sterlinglawyers.com/wisconsin/blog/beloit-military-divorce-lawyers-guidance/,,https://www.sterlinglawyers.com/wisconsin/divorce/,Divorce in Wisconsin,Content,High,Add 1 intentional in-body link (missing-only policy)
ADD_CONTEXTUAL,https://www.sterlinglawyers.com/wisconsin/blog/waukesha-military-divorce-lawyers-family-dynamics/,,https://www.sterlinglawyers.com/wisconsin/divorce/,Wisconsin Divorce,Content,High,Add 1 intentional in-body link (missing-only policy)
ADD_CONTEXTUAL,https://www.sterlinglawyers.com/wisconsin/blog/father-voice-racine-paternity-law-support/,,https://www.sterlinglawyers.com/wisconsin/paternity/,Paternity in Wisconsin,Content,High,Add 1 intentional in-body link (missing-only policy)
ADD_CONTEXTUAL,https://www.sterlinglawyers.com/wisconsin/blog/sailing-through-property-division-with-milwaukee-attorney/,,https://www.sterlinglawyers.com/wisconsin/property-division/,Wisconsin Property Division services,Content,High,Add 1 intentional in-body link (missing-only policy)
ADD_CONTEXTUAL,https://www.sterlinglawyers.com/wisconsin/blog/clients-journey-racine-child-support-lawyer/,,https://www.sterlinglawyers.com/wisconsin/child-support/,Wisconsin Child Support,Content,High,Add 1 intentional in-body link (missing-only policy)
ADD_CONTEXTUAL,https://www.sterlinglawyers.com/wisconsin/blog/overcoming-challenges-green-bay-uncontested-divorce-lawyers/,,https://www.sterlinglawyers.com/wisconsin/divorce/,Wisconsin Divorce,Content,High,Add 1 intentional in-body link (missing-only policy)
ADD_CONTEXTUAL,https://www.sterlinglawyers.com/wisconsin/blog/walking-complicated-path-contested-divorce/,,https://www.sterlinglawyers.com/wisconsin/divorce/,Wisconsin Divorce services,Content,High,Add 1 intentional in-body link (missing-only policy)
ADD_CONTEXTUAL,https://www.sterlinglawyers.com/wisconsin/blog/compassion-jefferson-collaborative-divorce/,,https://www.sterlinglawyers.com/wisconsin/divorce/,Wisconsin Divorce,Content,High,Add 1 intentional in-body link (missing-only policy)
ADD_CONTEXTUAL,https://www.sterlinglawyers.com/wisconsin/blog/family-law-insights-property-division-beloit/,,https://www.sterlinglawyers.com/wisconsin/property-division/,Wisconsin Property Division services,Content,High,Add 1 intentional in-body link (missing-only policy)
ADD_CONTEXTUAL,https://www.sterlinglawyers.com/wisconsin/blog/beloit-spousal-support-lawyer-financial-security-future/,,https://www.sterlinglawyers.com/wisconsin/spousal-support/,Wisconsin Alimony / Spousal Support,Content,High,Add 1 intentional in-body link (missing-only policy)
ADD_CONTEXTUAL,https://www.sterlinglawyers.com/wisconsin/blog/untangling-knots-contested-divorce-appleton/,,https://www.sterlinglawyers.com/wisconsin/divorce/,Divorce in Wisconsin,Content,High,Add 1 intentional in-body link (missing-only policy)
ADD_CONTEXTUAL,https://www.sterlinglawyers.com/wisconsin/blog/sheboygan-child-support-lawyer-navigate-bumpy-roads/,,https://www.sterlinglawyers.com/wisconsin/child-support/,Wisconsin Child Support,Content,High,Add 1 intentional in-body link (missing-only policy)
ADD_CONTEXTUAL,https://www.sterlinglawyers.com/wisconsin/blog/a-look-at-contested-divorces-in-sheboygan-county/,,https://www.sterlinglawyers.com/wisconsin/divorce/,Wisconsin Divorce services,Content,High,Add 1 intentional in-body link (missing-only policy)
ADD_CONTEXTUAL,https://www.sterlinglawyers.com/wisconsin/blog/finding-light-challenging-contested-divorce-fond-du-lac/,,https://www.sterlinglawyers.com/wisconsin/divorce/,Wisconsin Divorce,Content,High,Add 1 intentional in-body link (missing-only policy)
ADD_CONTEXTUAL,https://www.sterlinglawyers.com/wisconsin/blog/hiring-fond-du-lac-divorce-mediation-lawyer-advantages/,,https://www.sterlinglawyers.com/wisconsin/divorce/,Wisconsin Divorce,Content,High,Add 1 intentional in-body link (missing-only policy)
ADD_CONTEXTUAL,https://www.sterlinglawyers.com/wisconsin/blog/legal-light-collaborative-divorce-baraboo/,,https://www.sterlinglawyers.com/wisconsin/divorce/,Divorce in Wisconsin,Content,High,Add 1 intentional in-body link (missing-only policy)
ADD_CONTEXTUAL,https://www.sterlinglawyers.com/wisconsin/blog/contested-divorce-stress-management-middleton-lawyers/,,https://www.sterlinglawyers.com/wisconsin/divorce/,Wisconsin Divorce,Content,High,Add 1 intentional in-body link (missing-only policy)
ADD_CONTEXTUAL,https://www.sterlinglawyers.com/wisconsin/blog/leap-of-faith-navigating-paternity-case-middleton-attorney/,,https://www.sterlinglawyers.com/wisconsin/paternity/,Wisconsin Paternity,Content,High,Add 1 intentional in-body link (missing-only policy)
ADD_CONTEXTUAL,https://www.sterlinglawyers.com/wisconsin/blog/middleton-property-division-assistance/,,https://www.sterlinglawyers.com/wisconsin/property-division/,Wisconsin Property Division,Content,High,Add 1 intentional in-body link (missing-only policy)
ADD_CONTEXTUAL,https://www.sterlinglawyers.com/wisconsin/blog/addressing-military-divorce-concerns-with-jefferson-attorneys/,,https://www.sterlinglawyers.com/wisconsin/divorce/,Wisconsin Divorce,Content,High,Add 1 intentional in-body link (missing-only policy)
ADD_CONTEXTUAL,https://www.sterlinglawyers.com/wisconsin/blog/from-confusion-to-clarity-collaborative-divorce-janesville/,,https://www.sterlinglawyers.com/wisconsin/divorce/,Wisconsin Divorce,Content,High,Add 1 intentional in-body link (missing-only policy)
ADD_CONTEXTUAL,https://www.sterlinglawyers.com/wisconsin/blog/legal-support-empathy-divorce-mediation/,,https://www.sterlinglawyers.com/wisconsin/divorce/,Wisconsin Divorce services,Content,High,Add 1 intentional in-body link (missing-only policy)
ADD_CONTEXTUAL,https://www.sterlinglawyers.com/wisconsin/blog/janesville-uncontested-divorce-legalities/,,https://www.sterlinglawyers.com/wisconsin/divorce/,Wisconsin Divorce services,Content,High,Add 1 intentional in-body link (missing-only policy)
ADD_CONTEXTUAL,https://www.sterlinglawyers.com/wisconsin/blog/soldiers-journey-military-divorce-rock-county/,,https://www.sterlinglawyers.com/wisconsin/divorce/,Wisconsin Divorce,Content,High,Add 1 intentional in-body link (missing-only policy)
ADD_CONTEXTUAL,https://www.sterlinglawyers.com/wisconsin/blog/unraveling-process-beloit-divorce-mediation-lawyers/,,https://www.sterlinglawyers.com/wisconsin/divorce/,Divorce in Wisconsin,Content,High,Add 1 intentional in-body link (missing-only policy)
ADD_CONTEXTUAL,https://www.sterlinglawyers.com/wisconsin/blog/why-you-need-a-beloit-uncontested-divorce-lawyer-by-your-side/,,https://www.sterlinglawyers.com/wisconsin/divorce/,Divorce in Wisconsin,Content,High,Add 1 intentional in-body link (missing-only policy)
ADD_CONTEXTUAL,https://www.sterlinglawyers.com/wisconsin/blog/legal-counsel-importance-beaver-dam-collaborative-divorce-proceedings/,,https://www.sterlinglawyers.com/wisconsin/divorce/,Wisconsin Divorce services,Content,High,Add 1 intentional in-body link (missing-only policy)
ADD_CONTEXTUAL,https://www.sterlinglawyers.com/wisconsin/blog/how-beaver-dam-divorce-mediation-lawyer-facilitate-peaceful-divorce/,,https://www.sterlinglawyers.com/wisconsin/divorce/,Divorce in Wisconsin,Content,High,Add 1 intentional in-body link (missing-only policy)
ADD_CONTEXTUAL,https://www.sterlinglawyers.com/wisconsin/blog/guiding-you-through-the-court-system-in-green-bay/,,https://www.sterlinglawyers.com/wisconsin/divorce/,Wisconsin Service,Content,High,Add 1 intentional in-body link (missing-only policy)
ADD_CONTEXTUAL,https://www.sterlinglawyers.com/wisconsin/blog/navigating-maze-family-law-green-bay-military-divorce-lawyers/,,https://www.sterlinglawyers.com/wisconsin/divorce/,Divorce in Wisconsin,Content,High,Add 1 intentional in-body link (missing-only policy)
ADD_CONTEXTUAL,https://www.sterlinglawyers.com/wisconsin/blog/advancing-through-racine-contested-divorce-with-confidence/,,https://www.sterlinglawyers.com/wisconsin/divorce/,Wisconsin Divorce,Content,High,Add 1 intentional in-body link (missing-only policy)
ADD_CONTEXTUAL,https://www.sterlinglawyers.com/wisconsin/blog/racine-divorce-mediation-lawyers-make-difference/,,https://www.sterlinglawyers.com/wisconsin/divorce/,Divorce in Wisconsin,Content,High,Add 1 intentional in-body link (missing-only policy)
ADD_CONTEXTUAL,https://www.sterlinglawyers.com/wisconsin/blog/insight-legal-journey-racine-child-custody-lawyers/,,https://www.sterlinglawyers.com/wisconsin/child-custody/,Child Custody in Wisconsin,Content,High,Add 1 intentional in-body link (missing-only policy)
ADD_CONTEXTUAL,https://www.sterlinglawyers.com/wisconsin/blog/family-focus-unanimous-divorce-jefferson/,,https://www.sterlinglawyers.com/wisconsin/divorce/,Divorce in Wisconsin,Content,High,Add 1 intentional in-body link (missing-only policy)
ADD_CONTEXTUAL,https://www.sterlinglawyers.com/wisconsin/blog/securing-legal-rights-responsibilities-west-bend-paternity-attorney/,,https://www.sterlinglawyers.com/wisconsin/paternity/,Paternity in Wisconsin,Content,High,Add 1 intentional in-body link (missing-only policy)
ADD_CONTEXTUAL,https://www.sterlinglawyers.com/wisconsin/blog/peace-of-mind-uncontested-divorce-west-bend/,,https://www.sterlinglawyers.com/wisconsin/divorce/,Wisconsin Divorce,Content,High,Add 1 intentional in-body link (missing-only policy)
ADD_CONTEXTUAL,https://www.sterlinglawyers.com/wisconsin/blog/legal-assistance-west-bend-military-divorce-cases/,,https://www.sterlinglawyers.com/wisconsin/divorce/,Wisconsin Divorce,Content,High,Add 1 intentional in-body link (missing-only policy)
ADD_CONTEXTUAL,https://www.sterlinglawyers.com/wisconsin/blog/west-bend-child-custody-lawyers-supporting-parents-through-difficult-cases/,,https://www.sterlinglawyers.com/wisconsin/child-custody/,Wisconsin Child Custody services,Content,High,Add 1 intentional in-body link (missing-only policy)
ADD_CONTEXTUAL,https://www.sterlinglawyers.com/wisconsin/blog/protecting-your-future-with-mequon-uncontested-divorce-lawyers/,,https://www.sterlinglawyers.com/wisconsin/divorce/,Wisconsin Divorce,Content,High,Add 1 intentional in-body link (missing-only policy)
ADD_CONTEXTUAL,https://www.sterlinglawyers.com/wisconsin/blog/journey-of-dedicated-child-custody-lawyer-in-ozaukee-county/,,https://www.sterlinglawyers.com/wisconsin/child-custody/,Child Custody in Wisconsin,Content,High,Add 1 intentional in-body link (missing-only policy)
ADD_CONTEXTUAL,https://www.sterlinglawyers.com/wisconsin/blog/securing-your-future-with-kenosha-spousal-support-lawyers/,,https://www.sterlinglawyers.com/wisconsin/spousal-support/,Wisconsin Alimony / Spousal Support services,Content,High,Add 1 intentional in-body link (missing-only policy)
ADD_CONTEXTUAL,https://www.sterlinglawyers.com/wisconsin/blog/kenosha-fathers-quest-for-establishing-paternity/,,https://www.sterlinglawyers.com/wisconsin/paternity/,Wisconsin Paternity,Content,High,Add 1 intentional in-body link (missing-only policy)
ADD_CONTEXTUAL,https://www.sterlinglawyers.com/wisconsin/blog/unveiling-the-secrect-kenosha-uncontested-divorce-lawyers/,,https://www.sterlinglawyers.com/wisconsin/divorce/,Wisconsin Divorce services,Content,High,Add 1 intentional in-body link (missing-only policy)
ADD_CONTEXTUAL,https://www.sterlinglawyers.com/wisconsin/blog/simplifying-the-process-with-kenosha-property-division-lawyers/,,https://www.sterlinglawyers.com/wisconsin/property-division/,Property Division in Wisconsin,Content,High,Add 1 intentional in-body link (missing-only policy)
ADD_CONTEXTUAL,https://www.sterlinglawyers.com/wisconsin/blog/smooth-transition-collaborative-divorce-lawyers/,,https://www.sterlinglawyers.com/wisconsin/divorce/,Divorce in Wisconsin,Content,High,Add 1 intentional in-body link (missing-only policy)
ADD_CONTEXTUAL,https://www.sterlinglawyers.com/wisconsin/blog/appleton-uncontested-divorce-attorneys-handle-the-details/,,https://www.sterlinglawyers.com/wisconsin/divorce/,Wisconsin Divorce,Content,High,Add 1 intentional in-body link (missing-only policy)
ADD_CONTEXTUAL,https://www.sterlinglawyers.com/wisconsin/blog/understanding-importance-of-skilled-appleton-military-divorce-lawyers/,,https://www.sterlinglawyers.com/wisconsin/divorce/,Divorce in Wisconsin,Content,High,Add 1 intentional in-body link (missing-only policy)
ADD_CONTEXTUAL,https://www.sterlinglawyers.com/wisconsin/blog/madison-uncontested-divorce-lawyers-expectations/,,https://www.sterlinglawyers.com/wisconsin/divorce/,Wisconsin Divorce,Content,High,Add 1 intentional in-body link (missing-only policy)
ADD_CONTEXTUAL,https://www.sterlinglawyers.com/wisconsin/blog/facing-legal-intricacies-law-waukesha-collaborative-divorce-attorneys/,,https://www.sterlinglawyers.com/wisconsin/divorce/,Wisconsin Divorce,Content,High,Add 1 intentional in-body link (missing-only policy)
ADD_CONTEXTUAL,https://www.sterlinglawyers.com/wisconsin/blog/a-teachers-journey-through-property-division-in-family-law/,,https://www.sterlinglawyers.com/wisconsin/property-division/,Wisconsin Property Division,Content,High,Add 1 intentional in-body link (missing-only policy)
ADD_CONTEXTUAL,https://www.sterlinglawyers.com/wisconsin/blog/menomonee-falls-collaborative-divorce-lawyers-help-with-separation/,,https://www.sterlinglawyers.com/wisconsin/divorce/,Divorce in Wisconsin,Content,High,Add 1 intentional in-body link (missing-only policy)
ADD_CONTEXTUAL,https://www.sterlinglawyers.com/wisconsin/blog/swerving-obstacles-with-milwaukee-collaborative-divorce-lawyers/,,https://www.sterlinglawyers.com/wisconsin/divorce/,Wisconsin Divorce services,Content,High,Add 1 intentional in-body link (missing-only policy)
ADD_CONTEXTUAL,https://www.sterlinglawyers.com/wisconsin/blog/navigating-the-complexities-of-military-divorce-with-brookfield-lawyers/,,https://www.sterlinglawyers.com/wisconsin/divorce/,Wisconsin Divorce,Content,High,Add 1 intentional in-body link (missing-only policy)
ADD_CONTEXTUAL,https://www.sterlinglawyers.com/wisconsin/blog/child-custody-agreement-baraboo-parents/,,https://www.sterlinglawyers.com/wisconsin/child-custody/,Wisconsin Child Custody,Content,High,Add 1 intentional in-body link (missing-only policy)
ADD_CONTEXTUAL,https://www.sterlinglawyers.com/wisconsin/blog/annulments-work-wisconsin/,,https://www.sterlinglawyers.com/wisconsin/divorce/,Wisconsin divorce,Content,High,Add 1 intentional in-body link (missing-only policy)
ADD_CONTEXTUAL,https://www.sterlinglawyers.com/wisconsin/blog/can-claim-sons-life-insurance-knowing-wanted/,,https://www.sterlinglawyers.com/wisconsin/divorce/,Wisconsin divorce,Content,High,Add 1 intentional in-body link (missing-only policy)
ADD_CONTEXTUAL,https://www.sterlinglawyers.com/wisconsin/blog/can-prenup-presiding-event-death-exercised-divorce/,,https://www.sterlinglawyers.com/wisconsin/divorce/,Wisconsin divorce,Content,High,Add 1 intentional in-body link (missing-only policy)
ADD_CONTEXTUAL,https://www.sterlinglawyers.com/wisconsin/blog/methods-marketing-firm/,,https://www.sterlinglawyers.com/wisconsin/divorce/,Wisconsin divorce,Content,High,Add 1 intentional in-body link (missing-only policy)
ADD_CONTEXTUAL,https://www.sterlinglawyers.com/wisconsin/divorce/being-your-childs-support-system/,,https://www.sterlinglawyers.com/wisconsin/divorce/,Wisconsin divorce,Content,High,Add 1 intentional in-body link (missing-only policy)
ADD_CONTEXTUAL,https://www.sterlinglawyers.com/wisconsin/divorce/divorce-and-the-cobra-act/,,https://www.sterlinglawyers.com/wisconsin/divorce/,Wisconsin divorce,Content,High,Add 1 intentional in-body link (missing-only policy)
