Keyword,Search Volume,Search Intent,Topic Cluster,Current URL,Meta Title,Meta Description,H1,Match Type,Suggested Action,Notes
what is abstract management,140,Informational,BLOG-Abstract Management Education,https://omnipress.com/blog/beginners-guide-to-abstract-management/,Beginner’s Guide to Abstract Management | Omnipress,"New to abstract management? Learn what it is, how it works, and the best practices for setting up and running a successful call for papers using an abstract management system.",Beginner’s Guide to Abstract Management,Exact,None,"Fully aligned: exact keyword appears in URL slug, H1, title; intent matches page focus."
abstract review,70,Commercial,BLOG-Abstract Management Education,https://omnipress.com/blog/expert-tips-for-managing-conference-abstract-reviews/,Expert Tips for Managing Conference Abstract Reviews | Omnipress,Here's a list of tips and tricks to help you set up and manage the review process so you get better abstract reviews.,Expert Tips for Managing Conference Abstract Reviews,Exact,Optimize,"Fully aligned: exact keyword appears in URL slug, H1, title; intent matches page focus."
abstract manager,50,Informational,BLOG-Abstract Management Education,https://omnipress.com/blog/beginners-guide-to-abstract-management/,Beginner’s Guide to Abstract Management | Omnipress,"New to abstract management? Learn what it is, how it works, and the best practices for setting up and running a successful call for papers using an abstract management system.",Beginner’s Guide to Abstract Management,Partial,Optimize,Optimize: add exact keyword to SEO title; include exact keyword in H1.
what is abstract fee,40,Informational,BLOG-Abstract Management Education,https://omnipress.com/blog/beginners-guide-to-abstract-management/,Beginner’s Guide to Abstract Management | Omnipress,"New to abstract management? Learn what it is, how it works, and the best practices for setting up and running a successful call for papers using an abstract management system.",Beginner’s Guide to Abstract Management,Partial,Optimize,Optimize: add exact keyword to SEO title; include exact keyword in H1.
abstract management platform,30,Commercial,BLOG-Abstract Management Education,https://omnipress.com/blog/beginners-guide-to-abstract-management/,Beginner’s Guide to Abstract Management | Omnipress,"New to abstract management? Learn what it is, how it works, and the best practices for setting up and running a successful call for papers using an abstract management system.",Beginner’s Guide to Abstract Management,Partial,Optimize,Optimize: add exact keyword to SEO title; include exact keyword in H1.
abstractmanagement,30,Informational,BLOG-Abstract Management Education,https://omnipress.com/blog/5-must-know-tips-for-choosing-the-right-abstract-management-system/,5 Tips for Choosing the Right Abstract Management System | Omnipress,"Looking for the best abstract management system for your event? Discover 5 must-know tips to help you choose a flexible, user-friendly solution that simplifies submissions and reviews.",5 Must-Know Tips for Choosing the Right Abstract Management System,Partial,Optimize,Optimize: add exact keyword to SEO title; include exact keyword in H1.
abstract management call for papers pro tips,0,Informational,BLOG-Abstract Management Education,https://omnipress.com/blog/abstract-management-call-for-papers-pro-tips/,Abstract Management Pros Share Tips on Managing a Call For Papers | Omnipress,"Four abstract management experts provide tips on how to simplify your next call for papers, abstracts, or presentations.",Abstract Management Pros Share Tips on Managing a Call For Papers,Exact,Optimize,Fully aligned: exact keyword appears in URL slug; intent matches page focus.
blog everything you need to know about testing your abstract management system,,Informational,BLOG-Abstract Management Education,https://omnipress.com/blog/everything-you-need-to-know-about-testing-your-abstract-management-system/,Everything You Need to Know About Testing Your Abstract Management System | Omnipress,"Before opening your call for papers, it's important to perform user testing of your abstract management system. Learn why and how.",Everything You Need to Know About Testing Your Abstract Management System,Partial,Optimize,Optimize: coverage row seeded from URL slug; refine title/H1/content to target this term.
blog get your team on board with abstract management software,,Commercial,BLOG-Abstract Management Education,https://omnipress.com/blog/get-your-team-on-board-with-abstract-management-software/,Abstract Management Software: How to Get Your Team On Board | Omnipress,Stop the chaos. Master abstract management software adoption by turning team resistance into buy-in. Eliminate spreadsheets and endless emails today.,How to Get Your Team on Board with Abstract Management Software,Partial,Optimize,Optimize: coverage row seeded from URL slug; refine title/H1/content to target this term.
blog how to set up your abstract management system for better speaker submissions,,Informational,BLOG-Abstract Management Education,https://omnipress.com/blog/how-to-set-up-your-abstract-management-system-for-better-speaker-submissions/,How to Set Up Your Abstract Management System for Better Speaker Submissions | Omnipress,"Improve the quality of your abstract submissions with these practical tips. Learn how to structure your forms, add helper text, and use conditional logic for a smoother submission process.",How to Set Up Your Abstract Management System for Better Speaker Submissions,Partial,Optimize,Optimize: coverage row seeded from URL slug; refine title/H1/content to target this term.
blog why charge for abstract submissions a new planners guide,,Informational,BLOG-Abstract Management Education,https://omnipress.com/blog/why-charge-for-abstract-submissions-a-new-planners-guide/,Why Charge for Abstract Submissions? A New Planner’s Guide | Omnipress,"Learn why charging a small abstract submission fee can improve quality, reduce admin time, and support a smoother call for papers process.",Why Charge for Abstract Submissions? A New Planner’s Guide,Partial,Optimize,Optimize: coverage row seeded from URL slug; refine title/H1/content to target this term.
ai for associations,50,Commercial,BLOG-AI & Learning Technology,https://omnipress.com/blog/harnessing-ai-for-associations-enhancing-educational-content-and-member-engagement/,Harnessing AI for Associations: Enhancing Educational Content and Member Engagement | Omnipress,"Discover how associations can use AI tools like chatbots, LLMs, and AI-powered LMS platforms to personalize learning, improve content delivery, and engage members.",Harnessing AI for Associations: Enhancing Educational Content and Member Engagement,Exact,Optimize,"Fully aligned: exact keyword appears in URL slug, H1, title; intent matches page focus."
associations can use ai to personalize learning,0,Commercial,BLOG-AI & Learning Technology,https://omnipress.com/blog/how-associations-can-use-ai-to-personalize-learning/,How Associations Can Use AI to Personalize Learning | Omnipress,"Learn practical, accessible ways associations can use AI to personalize learning, improve engagement, and save staff time.",Bridging the Gap: How Associations Can Use AI to Personalize Learning,Exact,Optimize,"Fully aligned: exact keyword appears in URL slug, H1, title; intent matches page focus."
fast data educational programs agile,0,Commercial,BLOG-AI & Learning Technology,https://omnipress.com/blog/fast-data-educational-programs-agile/,AI + Fast Data Makes Educational Programs More Agile | Omnipress,It's not enough to have access to Big Data. Associations need Fast Data to to make strategic decisions faster than ever.,AI + Fast Data Makes Educational Programs More Agile,Exact,Optimize,Fully aligned: exact keyword appears in URL slug; intent matches page focus.
adult learning strategies,170,Commercial,BLOG-Association Learning & Professional Development,https://omnipress.com/blog/focus-12-traits-effective-adult-learning-infographic/,Focus on These 12 Traits for Effective Adult Learning | Omnipress,"To design an effective adult learning curriculum, it's important to understand the 12 traits that make adult participants unique.",Focus on These 12 Traits for Effective Adult Learning,Partial,Optimize,Optimize: add exact keyword to SEO title; include exact keyword in H1.
association learning,140,Commercial,BLOG-Association Learning & Professional Development,https://omnipress.com/blog/the-future-of-association-learning/,Bridging the Gap: The Future of Association Learning | Omnipress,"Discover how to connect content, design, and technology into a sustainable learning strategy. See what the future of association learning looks like in practice.",Bridging the Gap: The Future of Association Learning,Exact,Optimize,"Fully aligned: exact keyword appears in URL slug, H1, title; intent matches page focus."
characteristics of adult learners,140,Commercial,BLOG-Association Learning & Professional Development,https://omnipress.com/blog/focus-12-traits-effective-adult-learning-infographic/,Focus on These 12 Traits for Effective Adult Learning | Omnipress,"To design an effective adult learning curriculum, it's important to understand the 12 traits that make adult participants unique.",Focus on These 12 Traits for Effective Adult Learning,Partial,Optimize,Optimize: add exact keyword to SEO title; include exact keyword in H1.
characteristics of an adult,110,Commercial,BLOG-Association Learning & Professional Development,https://omnipress.com/blog/focus-12-traits-effective-adult-learning-infographic/,Focus on These 12 Traits for Effective Adult Learning | Omnipress,"To design an effective adult learning curriculum, it's important to understand the 12 traits that make adult participants unique.",Focus on These 12 Traits for Effective Adult Learning,Partial,Optimize,Optimize: add exact keyword to SEO title; include exact keyword in H1.
characteristics of the adult learner,110,Commercial,BLOG-Association Learning & Professional Development,https://omnipress.com/blog/focus-12-traits-effective-adult-learning-infographic/,Focus on These 12 Traits for Effective Adult Learning | Omnipress,"To design an effective adult learning curriculum, it's important to understand the 12 traits that make adult participants unique.",Focus on These 12 Traits for Effective Adult Learning,Partial,Optimize,Optimize: add exact keyword to SEO title; include exact keyword in H1.
adult characteristics,70,Commercial,BLOG-Association Learning & Professional Development,https://omnipress.com/blog/focus-12-traits-effective-adult-learning-infographic/,Focus on These 12 Traits for Effective Adult Learning | Omnipress,"To design an effective adult learning curriculum, it's important to understand the 12 traits that make adult participants unique.",Focus on These 12 Traits for Effective Adult Learning,Partial,Optimize,Optimize: add exact keyword to SEO title; include exact keyword in H1.
adult learning best practices,70,Commercial,BLOG-Association Learning & Professional Development,https://omnipress.com/blog/focus-12-traits-effective-adult-learning-infographic/,Focus on These 12 Traits for Effective Adult Learning | Omnipress,"To design an effective adult learning curriculum, it's important to understand the 12 traits that make adult participants unique.",Focus on These 12 Traits for Effective Adult Learning,Partial,Optimize,Optimize: add exact keyword to SEO title; include exact keyword in H1.
youtubeinstagram,70,Commercial,BLOG-Association Learning & Professional Development,https://omnipress.com/blog/how-to-design-materials-that-make-learning-stick/,How to Design Materials That Make Learning Stick | Omnipress,"Learn how associations can design inclusive, accessible learning materials that make education more engaging and effective for every member.",Bridging the Gap: How to Design Materials That Make Learning Stick,Partial,Optimize,Optimize: add exact keyword to SEO title; include exact keyword in H1.
adult learner characteristics,40,Commercial,BLOG-Association Learning & Professional Development,https://omnipress.com/blog/focus-12-traits-effective-adult-learning-infographic/,Focus on These 12 Traits for Effective Adult Learning | Omnipress,"To design an effective adult learning curriculum, it's important to understand the 12 traits that make adult participants unique.",Focus on These 12 Traits for Effective Adult Learning,Partial,Optimize,Optimize: add exact keyword to SEO title; include exact keyword in H1.
characteristic of an adult learner,40,Commercial,BLOG-Association Learning & Professional Development,https://omnipress.com/blog/focus-12-traits-effective-adult-learning-infographic/,Focus on These 12 Traits for Effective Adult Learning | Omnipress,"To design an effective adult learning curriculum, it's important to understand the 12 traits that make adult participants unique.",Focus on These 12 Traits for Effective Adult Learning,Partial,Optimize,Optimize: add exact keyword to SEO title; include exact keyword in H1.
characteristics of adult learning,40,Commercial,BLOG-Association Learning & Professional Development,https://omnipress.com/blog/focus-12-traits-effective-adult-learning-infographic/,Focus on These 12 Traits for Effective Adult Learning | Omnipress,"To design an effective adult learning curriculum, it's important to understand the 12 traits that make adult participants unique.",Focus on These 12 Traits for Effective Adult Learning,Partial,Optimize,Optimize: add exact keyword to SEO title; include exact keyword in H1.
what adult learning,40,Commercial,BLOG-Association Learning & Professional Development,https://omnipress.com/blog/focus-12-traits-effective-adult-learning-infographic/,Focus on These 12 Traits for Effective Adult Learning | Omnipress,"To design an effective adult learning curriculum, it's important to understand the 12 traits that make adult participants unique.",Focus on These 12 Traits for Effective Adult Learning,Exact,Optimize,"Fully aligned: exact keyword appears in URL slug, H1, title; intent matches page focus."
aota builds strong relationships with young professionals,0,Commercial,BLOG-Association Learning & Professional Development,https://omnipress.com/blog/association-profile-aota-building-strong-relationships-young-professionals/,How AOTA Builds Strong Relationships with Young Professionals | Omnipress,Associations need to connect with young professionals to remain strong in the future. Here are some of the successful strategies one association is using.,How AOTA Builds Strong Relationships with Young Professionals,Exact,Optimize,"Fully aligned: exact keyword appears in H1, title; intent matches page focus."
associations can improve professional development,0,Commercial,BLOG-Association Learning & Professional Development,https://omnipress.com/blog/bridging-the-gap-how-associations-can-reimagine-professional-development/,How Associations Can Improve Professional Development,Associations have the expertise members trust. Here’s how they can reimagine professional development to meet evolving learning expectations.,Bridging the Gap: How Associations Can Reimagine Professional Development,Exact,Optimize,Fully aligned: exact keyword appears in title; intent matches page focus.
associations can repurpose content to save time,0,Commercial,BLOG-Association Learning & Professional Development,https://omnipress.com/blog/how-associations-can-repurpose-content-to-save-time/,How Associations Can Repurpose Content to Save Time | Omnipress,"Learn how associations can repurpose existing materials to save time, stretch budgets, and engage more members year-round.",Bridging the Gap: How Repurposing Content Helps Associations Save Time and Engage More Members,Exact,Optimize,"Fully aligned: exact keyword appears in URL slug, title; intent matches page focus."
blog 5 things associations should know about gen z,,Informational,BLOG-Association Learning & Professional Development,https://omnipress.com/blog/5-things-associations-should-know-about-gen-z/,5 Things Associations Should Know About Gen Z | Omnipress,Gen Z is reshaping the future of associations. Learn five ways to connect with this new generation—from social media habits and mental health priorities to values-based engagement and career stability.,5 Things Associations Should Know About Gen Z,Partial,Optimize,Optimize: coverage row seeded from URL slug; refine title/H1/content to target this term.
blog are your educational programs ready for gen z,,Informational,BLOG-Association Learning & Professional Development,https://omnipress.com/blog/are-your-educational-programs-ready-for-gen-z/,Are Your Educational Programs Ready for Gen Z? | Omnipress,Gen Z is entering the workforce and reshaping expectations for learning. Discover what this new generation wants from your educational programs and how associations can adapt to meet their needs.,Are Your Educational Programs Ready for Gen Z?,Partial,Optimize,Optimize: coverage row seeded from URL slug; refine title/H1/content to target this term.
blog how associations can better compete in a growing training market,,Informational,BLOG-Association Learning & Professional Development,https://omnipress.com/blog/how-associations-can-better-compete-in-a-growing-training-market/,How Associations Can Better Compete in a Growing Training Market | Omnipress,"The training market is booming—and more competitive than ever. Learn how associations can stand out by optimizing educational content, repackaging programs, and embracing new learning channels.",How Associations Can Better Compete in a Growing Training Market,Partial,Optimize,Optimize: coverage row seeded from URL slug; refine title/H1/content to target this term.
blog qr codes deliver just in time training learning,,Informational,BLOG-Association Learning & Professional Development,https://omnipress.com/blog/qr-codes-deliver-just-in-time-training-learning/,QR Codes: A Surprising Way to Deliver Just-in-Time Training | Omnipress,"Discover how QR codes can support just-in-time training by giving learners instant access to videos, guides, and resources—without overhauling your existing materials.",QR Codes: A Surprising Way to Deliver Just-in-Time Training,Partial,Optimize,Optimize: coverage row seeded from URL slug; refine title/H1/content to target this term.
blog using youtube instagram and tiktok to attract gen z to your association,,Commercial,BLOG-Association Learning & Professional Development,https://omnipress.com/blog/using-youtube-instagram-and-tiktok-to-attract-gen-z-to-your-association/,"Using YouTube, Instagram, and TikTok to Attract Gen Z to Your Association | Omnipress","Want to connect with Gen Z? Learn how to use YouTube, Instagram, and TikTok to attract younger members, grow training participation, and promote your association’s mission.","Using YouTube, Instagram, and TikTok to Attract Gen Z to Your Association",Partial,Optimize,Optimize: coverage row seeded from URL slug; refine title/H1/content to target this term.
design materials that make learning stick,0,Commercial,BLOG-Association Learning & Professional Development,https://omnipress.com/blog/how-to-design-materials-that-make-learning-stick/,How to Design Materials That Make Learning Stick | Omnipress,"Learn how associations can design inclusive, accessible learning materials that make education more engaging and effective for every member.",Bridging the Gap: How to Design Materials That Make Learning Stick,Exact,Optimize,"Fully aligned: exact keyword appears in URL slug, H1, title; intent matches page focus."
future continuing education k 12 classroom,0,Commercial,BLOG-Association Learning & Professional Development,https://omnipress.com/blog/future-continuing-education-k-12-classroom/,The Future of Continuing Education Can be Found in K-12 Classrooms | Omnipress,Continuing education professionals can learn how to meet the learning needs of adult learners by looking at the evolution of K-12 classrooms.,The Future of Continuing Education Can be Found in K-12 Classrooms,Exact,Optimize,Fully aligned: exact keyword appears in URL slug; intent matches page focus.
training materials handwritten engagement,0,Commercial,BLOG-Association Learning & Professional Development,https://omnipress.com/blog/training-materials-handwritten-engagement/,Why Handwritten Training Materials Boost Learning Retention | Omnipress,2024 studies confirm handwriting beats typing for learning. Discover how to design training materials that improve memory and engagement.,Making Training Materials Work: The Case for Handwritten Engagement,Exact,Optimize,Fully aligned: exact keyword appears in URL slug; intent matches page focus.
mobile app for event,590,Commercial,BLOG-Conference/Event Strategy,https://omnipress.com/blog/selecting-mobile-event-app-conference/,How to Select a Mobile Event App - Omnipress,"Use this overview of mobile event apps, including questions and considerations to help you choose the right one for your conference.",How to Select a Mobile Event App For Your Conference,Partial,Optimize,Optimize: add exact keyword to SEO title; include exact keyword in H1.
conference mobile app,320,Commercial,BLOG-Conference/Event Strategy,https://omnipress.com/blog/selecting-mobile-event-app-conference/,How to Select a Mobile Event App - Omnipress,"Use this overview of mobile event apps, including questions and considerations to help you choose the right one for your conference.",How to Select a Mobile Event App For Your Conference,Partial,Optimize,Optimize: add exact keyword to SEO title; include exact keyword in H1.
omnipress madison,260,Commercial,BLOG-Conference/Event Strategy,https://omnipress.com/blog/,Blog - Omnipress,"Explore expert insights on abstract management, conference printing, training materials, and association events. Stay ahead with trends, tips, and best practices.",Omnipress Blog,Partial,Optimize,Optimize: add exact keyword to SEO title; include exact keyword in H1.
educational tools for neurodivergent learning styles,110,Commercial,BLOG-Conference/Event Strategy,https://omnipress.com/blog/5-reasons-to-offer-online-conference-materials-even-if-you-already-have-an-app/,5 Reasons to Offer Online Conference Materials (Even If You Already Have an App) | Omnipress,"Find out why savvy event planners always offer online conference materials to their attendees, in addition to using a mobile app.",5 Reasons to Offer Online Conference Materials (Even If You Already Have an App),Partial,Optimize,Optimize: add exact keyword to SEO title; include exact keyword in H1.
top programs that balance neurotypical expectations with neurodivergent needs,110,Commercial,BLOG-Conference/Event Strategy,https://omnipress.com/blog/omnipress-launches-new-mobile-app-that-upgrades-the-event-experience/,Omnipress Launches New Mobile App That Upgrades the Event Experience | Omnipress,"To provide even better event engagement for attendees and sponsors, Omnipress is now an authorized provider of Engagefully EVENTS by RD Mobile, a leading mobile event app.",Omnipress Launches New Mobile App That Upgrades the Event Experience,Partial,Optimize,Optimize: add exact keyword to SEO title; include exact keyword in H1.
app for conference,50,Commercial,BLOG-Conference/Event Strategy,https://omnipress.com/blog/selecting-mobile-event-app-conference/,How to Select a Mobile Event App - Omnipress,"Use this overview of mobile event apps, including questions and considerations to help you choose the right one for your conference.",How to Select a Mobile Event App For Your Conference,Exact,Optimize,"Fully aligned: exact keyword appears in URL slug, H1; intent matches page focus."
digital program book,30,Commercial,BLOG-Conference/Event Strategy,https://omnipress.com/blog/tips-for-designing-an-inspiring-conference-program-booklet/,Tips for Designing an Inspiring Conference Program Book | Omnipress,Your conference program book should convey the excitement and energy on your meeting or event. Check out these inspiring design tips!,Tips for Designing an Inspiring Conference Program Book,Partial,Optimize,Optimize: add exact keyword to SEO title; include exact keyword in H1.
blog 4 takeaways from the omnipress 2023 conference industry report,,Informational,BLOG-Conference/Event Strategy,https://omnipress.com/blog/4-takeaways-from-the-omnipress-2023-conference-industry-report/,4 Takeaways from the Omnipress 2023 Conference Industry Report | Omnipress,The 9th annual report tracking changes in the conference industry has been released! Here are 4 of the top takeaways from this year's data.,4 Takeaways from the Omnipress 2023 Conference Industry Report,Partial,Optimize,Optimize: coverage row seeded from URL slug; refine title/H1/content to target this term.
repurpose conference content for year round engagement,0,Commercial,BLOG-Conference/Event Strategy,https://omnipress.com/blog/how-to-repurpose-conference-content-for-year-round-engagement/,How to Repurpose Conference Content for Year-Round Member Engagement | Omnipress,"Turn your conference content into a year-round member resource. Learn how to repurpose session recordings, slides, and materials to engage new and longtime members while attracting new ones.",How to Repurpose Conference Content for Year-Round Engagement,Exact,Optimize,"Fully aligned: exact keyword appears in URL slug, H1; intent matches page focus."
selecting mobile event app conference,0,Commercial,BLOG-Conference/Event Strategy,https://omnipress.com/blog/selecting-mobile-event-app-conference/,How to Select a Mobile Event App - Omnipress,"Use this overview of mobile event apps, including questions and considerations to help you choose the right one for your conference.",How to Select a Mobile Event App For Your Conference,Exact,Optimize,Fully aligned: exact keyword appears in URL slug; intent matches page focus.
call to submit,140,Commercial,BLOG-General Blog,https://omnipress.com/blog/infographic-10-easy-ways-promote-call-papers/,10 Easy Ways to Promote Your Call For Papers | Omnipress,"Use these 10 tips to attract more authors and speakers to your call for papers, posters, and presentations.",10 Easy Ways to Promote Your Call For Papers,Partial,Optimize,Optimize: add exact keyword to SEO title; include exact keyword in H1.
call for content,70,Navigational,BLOG-General Blog,https://omnipress.com/blog/infographic-10-easy-ways-promote-call-papers/,10 Easy Ways to Promote Your Call For Papers | Omnipress,"Use these 10 tips to attract more authors and speakers to your call for papers, posters, and presentations.",10 Easy Ways to Promote Your Call For Papers,Partial,Optimize,Optimize: add exact keyword to SEO title; include exact keyword in H1.
paper calling,70,Navigational,BLOG-General Blog,https://omnipress.com/blog/,Blog - Omnipress,"Explore expert insights on abstract management, conference printing, training materials, and association events. Stay ahead with trends, tips, and best practices.",Omnipress Blog,Partial,Optimize,Optimize: add exact keyword to SEO title; include exact keyword in H1.
paper calls,70,Commercial,BLOG-General Blog,https://omnipress.com/blog/,Blog - Omnipress,"Explore expert insights on abstract management, conference printing, training materials, and association events. Stay ahead with trends, tips, and best practices.",Omnipress Blog,Partial,Optimize,Optimize: add exact keyword to SEO title; include exact keyword in H1.
calling papers,50,Navigational,BLOG-General Blog,https://omnipress.com/blog/infographic-10-easy-ways-promote-call-papers/,10 Easy Ways to Promote Your Call For Papers | Omnipress,"Use these 10 tips to attract more authors and speakers to your call for papers, posters, and presentations.",10 Easy Ways to Promote Your Call For Papers,Partial,Optimize,Optimize: add exact keyword to SEO title; include exact keyword in H1.
awards program content engages members year round,0,Commercial,BLOG-General Blog,https://omnipress.com/blog/awards-program-content-engages-members-year-round/,Awards Program Content That Engages Members Year-Round | Omnipress,"Association awards program recipients are recognized at the annual conference, which has a short shelf life. Create content that engages your members all year.",Awards Program Content That Engages Members Year-Round,Exact,Optimize,Fully aligned: exact keyword appears in URL slug; intent matches page focus.
blog - omnipress,0,Navigational,BLOG-General Blog,https://omnipress.com/blog/,Blog - Omnipress,"Explore expert insights on abstract management, conference printing, training materials, and association events. Stay ahead with trends, tips, and best practices.",Omnipress Blog,Exact,Optimize,Fully aligned: exact keyword appears in title; intent matches page focus.
blog 10 tips for writing instructions for your call for papers,,Commercial,BLOG-General Blog,https://omnipress.com/blog/10-tips-for-writing-instructions-for-your-call-for-papers/,10 Tips for Writing Call for Papers Instructions - INFOGRAPHIC,.Follow these 10 tips when writing your call for papers instructions to make the process as easy as possible for your submitters.,10 Tips for Writing Instructions for Your Call for Papers [INFOGRAPHIC],Partial,Optimize,Optimize: coverage row seeded from URL slug; refine title/H1/content to target this term.
blog 3 reasons to use qr codes in your training course,,Informational,BLOG-General Blog,https://omnipress.com/blog/3-reasons-to-use-qr-codes-in-your-training-course/,3 Reasons to Use QR Codes in Your Training Course | Omnipress,"QR codes can transform your training course by blending print and digital learning. Discover how to use them for interactivity, collaboration, and just-in-time support that boosts retention.",3 Reasons to Use QR Codes in Your Training Course,Partial,Optimize,Optimize: coverage row seeded from URL slug; refine title/H1/content to target this term.
how to bind a book,2900,Commercial,"BLOG-Print, Binding & Production Education",https://omnipress.com/blog/book-binding-101-conference-materials-educational-publications/,Book Binding 101 for Educational Materials | Omnipress,Here's everything you need to know to choose the right type of book binding for your printed materials.,Book Binding 101 for Educational Materials,Partial,Optimize,Optimize: add exact keyword to SEO title; include exact keyword in H1.
what is school and library binding,720,Commercial,"BLOG-Print, Binding & Production Education",https://omnipress.com/blog/book-binding-101-conference-materials-educational-publications/,Book Binding 101 for Educational Materials | Omnipress,Here's everything you need to know to choose the right type of book binding for your printed materials.,Book Binding 101 for Educational Materials,Partial,Optimize,Optimize: add exact keyword to SEO title; include exact keyword in H1.
binding 101,480,Commercial,"BLOG-Print, Binding & Production Education",https://omnipress.com/blog/book-binding-101-conference-materials-educational-publications/,Book Binding 101 for Educational Materials | Omnipress,Here's everything you need to know to choose the right type of book binding for your printed materials.,Book Binding 101 for Educational Materials,Exact,Optimize,"Fully aligned: exact keyword appears in URL slug, H1, title; intent matches page focus."
book binds,260,Commercial,"BLOG-Print, Binding & Production Education",https://omnipress.com/blog/book-binding-101-conference-materials-educational-publications/,Book Binding 101 for Educational Materials | Omnipress,Here's everything you need to know to choose the right type of book binding for your printed materials.,Book Binding 101 for Educational Materials,Partial,Optimize,Optimize: add exact keyword to SEO title; include exact keyword in H1.
how to print book without book binding,260,Commercial,"BLOG-Print, Binding & Production Education",https://omnipress.com/blog/book-binding-101-conference-materials-educational-publications/,Book Binding 101 for Educational Materials | Omnipress,Here's everything you need to know to choose the right type of book binding for your printed materials.,Book Binding 101 for Educational Materials,Partial,Optimize,Optimize: add exact keyword to SEO title; include exact keyword in H1.
how to bind your own book,210,Commercial,"BLOG-Print, Binding & Production Education",https://omnipress.com/blog/book-binding-101-conference-materials-educational-publications/,Book Binding 101 for Educational Materials | Omnipress,Here's everything you need to know to choose the right type of book binding for your printed materials.,Book Binding 101 for Educational Materials,Partial,Optimize,Optimize: add exact keyword to SEO title; include exact keyword in H1.
event booklet,170,Commercial,"BLOG-Print, Binding & Production Education",https://omnipress.com/blog/selecting-mobile-event-app-conference/,How to Select a Mobile Event App - Omnipress,"Use this overview of mobile event apps, including questions and considerations to help you choose the right one for your conference.",How to Select a Mobile Event App For Your Conference,Partial,Optimize,Optimize: add exact keyword to SEO title; include exact keyword in H1.
textbook binding,170,Commercial,"BLOG-Print, Binding & Production Education",https://omnipress.com/blog/book-binding-101-conference-materials-educational-publications/,Book Binding 101 for Educational Materials | Omnipress,Here's everything you need to know to choose the right type of book binding for your printed materials.,Book Binding 101 for Educational Materials,Partial,Optimize,Optimize: add exact keyword to SEO title; include exact keyword in H1.
binding a booklet,140,Commercial,"BLOG-Print, Binding & Production Education",https://omnipress.com/blog/book-binding-101-conference-materials-educational-publications/,Book Binding 101 for Educational Materials | Omnipress,Here's everything you need to know to choose the right type of book binding for your printed materials.,Book Binding 101 for Educational Materials,Partial,Optimize,Optimize: add exact keyword to SEO title; include exact keyword in H1.
binding materials for booklets,140,Commercial,"BLOG-Print, Binding & Production Education",https://omnipress.com/blog/book-binding-101-conference-materials-educational-publications/,Book Binding 101 for Educational Materials | Omnipress,Here's everything you need to know to choose the right type of book binding for your printed materials.,Book Binding 101 for Educational Materials,Partial,Optimize,Optimize: add exact keyword to SEO title; include exact keyword in H1.
how to bind a booklet,140,Commercial,"BLOG-Print, Binding & Production Education",https://omnipress.com/blog/tips-for-designing-an-inspiring-conference-program-booklet/,Tips for Designing an Inspiring Conference Program Book | Omnipress,Your conference program book should convey the excitement and energy on your meeting or event. Check out these inspiring design tips!,Tips for Designing an Inspiring Conference Program Book,Partial,Optimize,Optimize: add exact keyword to SEO title; include exact keyword in H1.
book conference,110,Commercial,"BLOG-Print, Binding & Production Education",https://omnipress.com/blog/tips-for-designing-an-inspiring-conference-program-booklet/,Tips for Designing an Inspiring Conference Program Book | Omnipress,Your conference program book should convey the excitement and energy on your meeting or event. Check out these inspiring design tips!,Tips for Designing an Inspiring Conference Program Book,Partial,Optimize,Optimize: add exact keyword to SEO title; include exact keyword in H1.
conference materials,110,Commercial,"BLOG-Print, Binding & Production Education",https://omnipress.com/blog/book-binding-101-conference-materials-educational-publications/,Book Binding 101 for Educational Materials | Omnipress,Here's everything you need to know to choose the right type of book binding for your printed materials.,Book Binding 101 for Educational Materials,Exact,Optimize,Fully aligned: exact keyword appears in URL slug; intent matches page focus.
ways to bind a book,110,Commercial,"BLOG-Print, Binding & Production Education",https://omnipress.com/blog/book-binding-101-conference-materials-educational-publications/,Book Binding 101 for Educational Materials | Omnipress,Here's everything you need to know to choose the right type of book binding for your printed materials.,Book Binding 101 for Educational Materials,Partial,Optimize,Optimize: add exact keyword to SEO title; include exact keyword in H1.
where to bind a book,110,Commercial,"BLOG-Print, Binding & Production Education",https://omnipress.com/blog/book-binding-101-conference-materials-educational-publications/,Book Binding 101 for Educational Materials | Omnipress,Here's everything you need to know to choose the right type of book binding for your printed materials.,Book Binding 101 for Educational Materials,Partial,Optimize,Optimize: add exact keyword to SEO title; include exact keyword in H1.
event program booklet,90,Commercial,"BLOG-Print, Binding & Production Education",https://omnipress.com/blog/tips-for-designing-an-inspiring-conference-program-booklet/,Tips for Designing an Inspiring Conference Program Book | Omnipress,Your conference program book should convey the excitement and energy on your meeting or event. Check out these inspiring design tips!,Tips for Designing an Inspiring Conference Program Book,Partial,Optimize,Optimize: add exact keyword to SEO title; include exact keyword in H1.
program book,90,Commercial,"BLOG-Print, Binding & Production Education",https://omnipress.com/blog/tips-for-designing-an-inspiring-conference-program-booklet/,Tips for Designing an Inspiring Conference Program Book | Omnipress,Your conference program book should convey the excitement and energy on your meeting or event. Check out these inspiring design tips!,Tips for Designing an Inspiring Conference Program Book,Exact,Optimize,"Fully aligned: exact keyword appears in URL slug, H1, title; intent matches page focus."
binding space,70,Commercial,"BLOG-Print, Binding & Production Education",https://omnipress.com/blog/book-binding-101-conference-materials-educational-publications/,Book Binding 101 for Educational Materials | Omnipress,Here's everything you need to know to choose the right type of book binding for your printed materials.,Book Binding 101 for Educational Materials,Partial,Optimize,Optimize: add exact keyword to SEO title; include exact keyword in H1.
book binding plastic,70,Commercial,"BLOG-Print, Binding & Production Education",https://omnipress.com/blog/book-binding-101-conference-materials-educational-publications/,Book Binding 101 for Educational Materials | Omnipress,Here's everything you need to know to choose the right type of book binding for your printed materials.,Book Binding 101 for Educational Materials,Partial,Optimize,Optimize: add exact keyword to SEO title; include exact keyword in H1.
conference book,70,Commercial,"BLOG-Print, Binding & Production Education",https://omnipress.com/blog/tips-for-designing-an-inspiring-conference-program-booklet/,Tips for Designing an Inspiring Conference Program Book | Omnipress,Your conference program book should convey the excitement and energy on your meeting or event. Check out these inspiring design tips!,Tips for Designing an Inspiring Conference Program Book,Partial,Optimize,Optimize: add exact keyword to SEO title; include exact keyword in H1.
how to bind a loose leaf textbook,70,Commercial,"BLOG-Print, Binding & Production Education",https://omnipress.com/blog/how-associations-can-use-ai-to-personalize-learning/,How Associations Can Use AI to Personalize Learning | Omnipress,"Learn practical, accessible ways associations can use AI to personalize learning, improve engagement, and save staff time.",Bridging the Gap: How Associations Can Use AI to Personalize Learning,Partial,Optimize,Optimize: add exact keyword to SEO title; include exact keyword in H1.
how to bound a book,70,Commercial,"BLOG-Print, Binding & Production Education",https://omnipress.com/blog/book-binding-101-conference-materials-educational-publications/,Book Binding 101 for Educational Materials | Omnipress,Here's everything you need to know to choose the right type of book binding for your printed materials.,Book Binding 101 for Educational Materials,Partial,Optimize,Optimize: add exact keyword to SEO title; include exact keyword in H1.
loose leaf textbook binding,70,Commercial,"BLOG-Print, Binding & Production Education",https://omnipress.com/blog/book-binding-101-conference-materials-educational-publications/,Book Binding 101 for Educational Materials | Omnipress,Here's everything you need to know to choose the right type of book binding for your printed materials.,Book Binding 101 for Educational Materials,Partial,Optimize,Optimize: add exact keyword to SEO title; include exact keyword in H1.
post book binding,70,Commercial,"BLOG-Print, Binding & Production Education",https://omnipress.com/blog/book-binding-101-conference-materials-educational-publications/,Book Binding 101 for Educational Materials | Omnipress,Here's everything you need to know to choose the right type of book binding for your printed materials.,Book Binding 101 for Educational Materials,Partial,Optimize,Optimize: add exact keyword to SEO title; include exact keyword in H1.
ways to bind a booklet,70,Commercial,"BLOG-Print, Binding & Production Education",https://omnipress.com/blog/tips-for-designing-an-inspiring-conference-program-booklet/,Tips for Designing an Inspiring Conference Program Book | Omnipress,Your conference program book should convey the excitement and energy on your meeting or event. Check out these inspiring design tips!,Tips for Designing an Inspiring Conference Program Book,Partial,Optimize,Optimize: add exact keyword to SEO title; include exact keyword in H1.
what is textbook binding,70,Commercial,"BLOG-Print, Binding & Production Education",https://omnipress.com/blog/book-binding-101-conference-materials-educational-publications/,Book Binding 101 for Educational Materials | Omnipress,Here's everything you need to know to choose the right type of book binding for your printed materials.,Book Binding 101 for Educational Materials,Partial,Optimize,Optimize: add exact keyword to SEO title; include exact keyword in H1.
where can you bind a book,70,Commercial,"BLOG-Print, Binding & Production Education",https://omnipress.com/blog/book-binding-101-conference-materials-educational-publications/,Book Binding 101 for Educational Materials | Omnipress,Here's everything you need to know to choose the right type of book binding for your printed materials.,Book Binding 101 for Educational Materials,Partial,Optimize,Optimize: add exact keyword to SEO title; include exact keyword in H1.
book binding photos,50,Commercial,"BLOG-Print, Binding & Production Education",https://omnipress.com/blog/book-binding-101-conference-materials-educational-publications/,Book Binding 101 for Educational Materials | Omnipress,Here's everything you need to know to choose the right type of book binding for your printed materials.,Book Binding 101 for Educational Materials,Partial,Optimize,Optimize: add exact keyword to SEO title; include exact keyword in H1.
comb bound books,50,Commercial,"BLOG-Print, Binding & Production Education",https://omnipress.com/blog/how-associations-can-use-ai-to-personalize-learning/,How Associations Can Use AI to Personalize Learning | Omnipress,"Learn practical, accessible ways associations can use AI to personalize learning, improve engagement, and save staff time.",Bridging the Gap: How Associations Can Use AI to Personalize Learning,Partial,Optimize,Optimize: add exact keyword to SEO title; include exact keyword in H1.
how to bind a looseleaf textbook,50,Commercial,"BLOG-Print, Binding & Production Education",https://omnipress.com/blog/how-associations-can-use-ai-to-personalize-learning/,How Associations Can Use AI to Personalize Learning | Omnipress,"Learn practical, accessible ways associations can use AI to personalize learning, improve engagement, and save staff time.",Bridging the Gap: How Associations Can Use AI to Personalize Learning,Partial,Optimize,Optimize: add exact keyword to SEO title; include exact keyword in H1.
print program booklet,50,Commercial,"BLOG-Print, Binding & Production Education",https://omnipress.com/blog/tips-for-designing-an-inspiring-conference-program-booklet/,Tips for Designing an Inspiring Conference Program Book | Omnipress,Your conference program book should convey the excitement and energy on your meeting or event. Check out these inspiring design tips!,Tips for Designing an Inspiring Conference Program Book,Partial,Optimize,Optimize: add exact keyword to SEO title; include exact keyword in H1.
rfp questions to ask vendor,50,Commercial,"BLOG-Print, Binding & Production Education",https://omnipress.com/blog/four-questions-your-print-and-fulfillment-rfp-should-include/,4 Questions Your Print and Fulfillment RFP Should Include | Omnipress,"To select a new print and fulfillment vendor for your training materials with confidence, includes these 4 questions on your RFP.",4 Questions Your Print and Fulfillment RFP Should Include,Partial,Optimize,Optimize: add exact keyword to SEO title; include exact keyword in H1.
staples bookbinding,50,Commercial,"BLOG-Print, Binding & Production Education",https://omnipress.com/blog/how-associations-can-use-ai-to-personalize-learning/,How Associations Can Use AI to Personalize Learning | Omnipress,"Learn practical, accessible ways associations can use AI to personalize learning, improve engagement, and save staff time.",Bridging the Gap: How Associations Can Use AI to Personalize Learning,Partial,Optimize,Optimize: add exact keyword to SEO title; include exact keyword in H1.
symposium booklet,50,Commercial,"BLOG-Print, Binding & Production Education",https://omnipress.com/blog/tips-for-designing-an-inspiring-conference-program-booklet/,Tips for Designing an Inspiring Conference Program Book | Omnipress,Your conference program book should convey the excitement and energy on your meeting or event. Check out these inspiring design tips!,Tips for Designing an Inspiring Conference Program Book,Partial,Optimize,Optimize: add exact keyword to SEO title; include exact keyword in H1.
best printer for book binding,40,Commercial,"BLOG-Print, Binding & Production Education",https://omnipress.com/blog/book-binding-101-conference-materials-educational-publications/,Book Binding 101 for Educational Materials | Omnipress,Here's everything you need to know to choose the right type of book binding for your printed materials.,Book Binding 101 for Educational Materials,Partial,Optimize,Optimize: add exact keyword to SEO title; include exact keyword in H1.
bind sheets,40,Commercial,"BLOG-Print, Binding & Production Education",https://omnipress.com/blog/how-associations-can-use-ai-to-personalize-learning/,How Associations Can Use AI to Personalize Learning | Omnipress,"Learn practical, accessible ways associations can use AI to personalize learning, improve engagement, and save staff time.",Bridging the Gap: How Associations Can Use AI to Personalize Learning,Partial,Optimize,Optimize: add exact keyword to SEO title; include exact keyword in H1.
binded notes,40,Commercial,"BLOG-Print, Binding & Production Education",https://omnipress.com/blog/how-associations-can-use-ai-to-personalize-learning/,How Associations Can Use AI to Personalize Learning | Omnipress,"Learn practical, accessible ways associations can use AI to personalize learning, improve engagement, and save staff time.",Bridging the Gap: How Associations Can Use AI to Personalize Learning,Partial,Optimize,Optimize: add exact keyword to SEO title; include exact keyword in H1.
books binding,40,Commercial,"BLOG-Print, Binding & Production Education",https://omnipress.com/blog/book-binding-101-conference-materials-educational-publications/,Book Binding 101 for Educational Materials | Omnipress,Here's everything you need to know to choose the right type of book binding for your printed materials.,Book Binding 101 for Educational Materials,Partial,Optimize,Optimize: add exact keyword to SEO title; include exact keyword in H1.
educational print fulfillment houston tx,40,Commercial,"BLOG-Print, Binding & Production Education",https://omnipress.com/blog/what-is-print-and-fulfillment/,What Is Print and Fulfillment (Print Fulfillment Explained) | Omnipress,"Learn what print and fulfillment, also known as print fulfillment, mean and how warehousing, inventory management, and planned printing help organizations deliver materials efficiently and cost-effectively.",What Is Print and Fulfillment and Why Organizations Use It,Partial,Optimize,Optimize: add exact keyword to SEO title; include exact keyword in H1.
how to print a program booklet,40,Commercial,"BLOG-Print, Binding & Production Education",https://omnipress.com/blog/tips-for-designing-an-inspiring-conference-program-booklet/,Tips for Designing an Inspiring Conference Program Book | Omnipress,Your conference program book should convey the excitement and energy on your meeting or event. Check out these inspiring design tips!,Tips for Designing an Inspiring Conference Program Book,Partial,Optimize,Optimize: add exact keyword to SEO title; include exact keyword in H1.
inexpensive book binding,40,Commercial,"BLOG-Print, Binding & Production Education",https://omnipress.com/blog/book-binding-101-conference-materials-educational-publications/,Book Binding 101 for Educational Materials | Omnipress,Here's everything you need to know to choose the right type of book binding for your printed materials.,Book Binding 101 for Educational Materials,Partial,Optimize,Optimize: add exact keyword to SEO title; include exact keyword in H1.
printed training materials,40,Commercial,"BLOG-Print, Binding & Production Education",https://omnipress.com/blog/are-printed-training-materials-still-relevant-in-an-elearning-world/,Are Printed Training Materials Still Relevant in an eLearning World? | Omnipress,"As eLearning grows, print still plays a vital role in learning retention. Discover why printed training materials remain essential for in-person and hybrid courses, especially for today’s learners.",Are Printed Training Materials Still Relevant in an eLearning World?,Exact,None,"Fully aligned: exact keyword appears in URL slug, H1, title; intent matches page focus."
publications fulfillment,40,Commercial,"BLOG-Print, Binding & Production Education",https://omnipress.com/blog/what-is-print-and-fulfillment/,What Is Print and Fulfillment (Print Fulfillment Explained) | Omnipress,"Learn what print and fulfillment, also known as print fulfillment, mean and how warehousing, inventory management, and planned printing help organizations deliver materials efficiently and cost-effectively.",What Is Print and Fulfillment and Why Organizations Use It,Partial,Optimize,Optimize: add exact keyword to SEO title; include exact keyword in H1.
bind loose leaf textbook,30,Commercial,"BLOG-Print, Binding & Production Education",https://omnipress.com/blog/how-associations-can-use-ai-to-personalize-learning/,How Associations Can Use AI to Personalize Learning | Omnipress,"Learn practical, accessible ways associations can use AI to personalize learning, improve engagement, and save staff time.",Bridging the Gap: How Associations Can Use AI to Personalize Learning,Partial,Optimize,Optimize: add exact keyword to SEO title; include exact keyword in H1.
binding a loose leaf textbook,30,Commercial,"BLOG-Print, Binding & Production Education",https://omnipress.com/blog/book-binding-101-conference-materials-educational-publications/,Book Binding 101 for Educational Materials | Omnipress,Here's everything you need to know to choose the right type of book binding for your printed materials.,Book Binding 101 for Educational Materials,Partial,Optimize,Optimize: add exact keyword to SEO title; include exact keyword in H1.
event print,30,Commercial,"BLOG-Print, Binding & Production Education",https://omnipress.com/blog/what-is-print-and-fulfillment/,What Is Print and Fulfillment (Print Fulfillment Explained) | Omnipress,"Learn what print and fulfillment, also known as print fulfillment, mean and how warehousing, inventory management, and planned printing help organizations deliver materials efficiently and cost-effectively.",What Is Print and Fulfillment and Why Organizations Use It,Partial,Optimize,Optimize: add exact keyword to SEO title; include exact keyword in H1.
materials needed for bookbinding,30,Commercial,"BLOG-Print, Binding & Production Education",https://omnipress.com/blog/book-binding-101-conference-materials-educational-publications/,Book Binding 101 for Educational Materials | Omnipress,Here's everything you need to know to choose the right type of book binding for your printed materials.,Book Binding 101 for Educational Materials,Partial,Optimize,Optimize: add exact keyword to SEO title; include exact keyword in H1.
where to print journals,30,Commercial,"BLOG-Print, Binding & Production Education",https://omnipress.com/blog/what-is-print-and-fulfillment/,What Is Print and Fulfillment (Print Fulfillment Explained) | Omnipress,"Learn what print and fulfillment, also known as print fulfillment, mean and how warehousing, inventory management, and planned printing help organizations deliver materials efficiently and cost-effectively.",What Is Print and Fulfillment and Why Organizations Use It,Partial,Optimize,Optimize: add exact keyword to SEO title; include exact keyword in H1.
applying micro learning concepts printed course materials,0,Commercial,"BLOG-Print, Binding & Production Education",https://omnipress.com/blog/applying-micro-learning-concepts-printed-course-materials/,Apply Microlearning Concepts to Your Printed Course Materials | Omnipress,Microlearning isn't just an elearning strategy. Your printed course materials can support microlearning with a few changes to design and layout.,Apply Microlearning Concepts to Your Printed Course Materials,Exact,Optimize,Fully aligned: exact keyword appears in URL slug; intent matches page focus.
blog combining ai with printed course materials to enhance in person training,,Commercial,"BLOG-Print, Binding & Production Education",https://omnipress.com/blog/combining-ai-with-printed-course-materials-to-enhance-in-person-training/,Combining AI with Printed Course Materials to Enhance In-Person Training | Omnipress,AI tools can be integrated into printed course materials to create a more dynamic and interactive classroom training experience.,Combining AI with Printed Course Materials to Enhance In-Person Training,Partial,Optimize,Optimize: coverage row seeded from URL slug; refine title/H1/content to target this term.
blog creating printed training materials that support bite sized learning,,Commercial,"BLOG-Print, Binding & Production Education",https://omnipress.com/blog/creating-printed-training-materials-that-support-bite-sized-learning/,Creating Printed Training Materials That Support Bite-Sized Learning | Omnipress,"Learn how to design printed training materials that support bite-sized learning. Use smart layouts, visuals, and interactive design techniques to keep learners engaged and improve retention.",Creating Printed Training Materials That Support Bite-Sized Learning [Infographic],Partial,Optimize,Optimize: coverage row seeded from URL slug; refine title/H1/content to target this term.
blog designing for neurodiversity how to make your in person education events neuro inclusive,,Commercial,"BLOG-Print, Binding & Production Education",https://omnipress.com/blog/designing-for-neurodiversity-how-to-make-your-in-person-education-events-neuro-inclusive/,Designing for Neurodiversity: Making In-Person Education Events More Inclusive for All Learners | Omnipress,Accessibility means including neurodiversity in the design and execution of your in-person education events.,Designing for Neurodiversity: Making In-Person Education Events More Inclusive for All Learners,Partial,Optimize,Optimize: coverage row seeded from URL slug; refine title/H1/content to target this term.
blog how to avoid last minute printing problems for your event or conference,,Commercial,"BLOG-Print, Binding & Production Education",https://omnipress.com/blog/how-to-avoid-last-minute-printing-problems-for-your-event-or-conference/,How to Avoid Last-Minute Printing Problems for Your Event or Conference | Omnipress,"Avoid last-minute printing issues for your conference or event. Learn how to plan ahead, prepare print-ready files, and work effectively with your print partner to ensure on-time delivery.",How to Avoid Last-Minute Printing Problems for Your Event or Conference,Partial,Optimize,Optimize: coverage row seeded from URL slug; refine title/H1/content to target this term.
blog how to build contingency planning into your call for papers,,Informational,"BLOG-Print, Binding & Production Education",https://omnipress.com/blog/how-to-build-contingency-planning-into-your-call-for-papers/,How to Build Contingency Planning Into Your Call for Papers | Omnipress,"During the uncertainty of this pandemic, it is important to build flexibility into your conference's call for papers. Use these four steps to manage speaker and event changes should they come up.",How to Build Contingency Planning Into Your Call for Papers,Partial,Optimize,Optimize: coverage row seeded from URL slug; refine title/H1/content to target this term.
blog how to refresh your training manuals for todays learners,,Commercial,"BLOG-Print, Binding & Production Education",https://omnipress.com/blog/how-to-refresh-your-training-manuals-for-todays-learners/,How to Refresh Your Training Manuals for Today’s Learners | Omnipress,Here are some tips to make sure your training manuals are written and designed to support the learning preferences of young professionals.,How to Refresh Your Training Manuals for Today’s Learners (And Why You Should!),Partial,Optimize,Optimize: coverage row seeded from URL slug; refine title/H1/content to target this term.
blog printed training materials design tips for learning retention,,Informational,"BLOG-Print, Binding & Production Education",https://omnipress.com/blog/printed-training-materials-design-tips-for-learning-retention/,Printed Training Materials: Design Tips For Learning Retention | Omnipress,"Do your course books, workbooks, manuals, and other training materials support learning retention? Here are a few design tips that can help.",Printed Training Materials: Design Tips For Learning Retention,Partial,Optimize,Optimize: coverage row seeded from URL slug; refine title/H1/content to target this term.
blog top print project mistakes that slow things down,,Informational,"BLOG-Print, Binding & Production Education",https://omnipress.com/blog/top-print-project-mistakes-that-slow-things-down/,Common Print Project Mistakes and How to Avoid Them | Omnipress,"Avoid common printing mistakes that delay your project. Learn how to prepare print-ready files, set correct margins and bleeds, and communicate effectively to keep your materials on schedule.",Top Print Project Mistakes That Slow Things Down (and How to Avoid Them),Partial,Optimize,Optimize: coverage row seeded from URL slug; refine title/H1/content to target this term.
blog use your conference program book to increase learning engagement and revenue,,Commercial,"BLOG-Print, Binding & Production Education",https://omnipress.com/blog/use-your-conference-program-book-to-increase-learning-engagement-and-revenue/,"Use Your Conference Program Book to Increase Learning, Engagement and Revenue | Omnipress","Inspired by real conferences, these ideas will increase the value of your conference program book and enhance the conference experience.","Use Your Conference Program Book to Increase Learning, Engagement and Revenue",Partial,Optimize,Optimize: coverage row seeded from URL slug; refine title/H1/content to target this term.
choose print fulfillment partner,0,Commercial,"BLOG-Print, Binding & Production Education",https://omnipress.com/blog/how-to-choose-print-fulfillment-partner/,5 Things You Should Know Before Selecting a Print and Fulfillment Partner | Omnipress,"Choosing the right print and fulfillment partner can make or break your success. Learn what to look for—from pricing transparency to scalability, quality, and dedicated support.",5 Things You Should Know Before Selecting a Print and Fulfillment Partner,Exact,Optimize,Fully aligned: exact keyword appears in URL slug; intent matches page focus.
gated content,590,Commercial,BLOG-SEO & Content Strategy for Associations,https://omnipress.com/blog/gated-vs-ungated-content-finding-the-right-balance-for-associations/,Gated vs. Ungated Content: Finding the Right Balance for Associations | Omnipress,Learn how to balance gated vs. ungated content to protect member value while boosting visibility. See how SEO and AI are reshaping association content strategy.,Gated vs. Ungated Content: Finding the Right Balance for Associations,Exact,None,"Fully aligned: exact keyword appears in URL slug, H1, title; intent matches page focus."
ungated definition,90,Commercial,BLOG-SEO & Content Strategy for Associations,https://omnipress.com/blog/gated-vs-ungated-content-finding-the-right-balance-for-associations/,Gated vs. Ungated Content: Finding the Right Balance for Associations | Omnipress,Learn how to balance gated vs. ungated content to protect member value while boosting visibility. See how SEO and AI are reshaping association content strategy.,Gated vs. Ungated Content: Finding the Right Balance for Associations,Partial,Optimize,Optimize: add exact keyword to SEO title; include exact keyword in H1.
gated vs ungated content,70,Commercial,BLOG-SEO & Content Strategy for Associations,https://omnipress.com/blog/gated-vs-ungated-content-finding-the-right-balance-for-associations/,Gated vs. Ungated Content: Finding the Right Balance for Associations | Omnipress,Learn how to balance gated vs. ungated content to protect member value while boosting visibility. See how SEO and AI are reshaping association content strategy.,Gated vs. Ungated Content: Finding the Right Balance for Associations,Exact,Optimize,"Fully aligned: exact keyword appears in URL slug, H1, title; intent matches page focus."
association content strategy,40,Commercial,BLOG-SEO & Content Strategy for Associations,https://omnipress.com/blog/the-impact-of-ai-on-association-educational-content/,The Impact of AI on Association Educational Content | Omnipress,"AI is changing how associations create and manage educational content. Learn how to balance innovation with trust, protect content integrity, and stay relevant in the AI era.",The Impact of AI on Association Educational Content,Partial,Optimize,Optimize: add exact keyword to SEO title; include exact keyword in H1.
gated content vs ungated content,40,Commercial,BLOG-SEO & Content Strategy for Associations,https://omnipress.com/blog/gated-vs-ungated-content-finding-the-right-balance-for-associations/,Gated vs. Ungated Content: Finding the Right Balance for Associations | Omnipress,Learn how to balance gated vs. ungated content to protect member value while boosting visibility. See how SEO and AI are reshaping association content strategy.,Gated vs. Ungated Content: Finding the Right Balance for Associations,Partial,Optimize,Optimize: add exact keyword to SEO title; include exact keyword in H1.
ungated content,40,Commercial,BLOG-SEO & Content Strategy for Associations,https://omnipress.com/blog/gated-vs-ungated-content-finding-the-right-balance-for-associations/,Gated vs. Ungated Content: Finding the Right Balance for Associations | Omnipress,Learn how to balance gated vs. ungated content to protect member value while boosting visibility. See how SEO and AI are reshaping association content strategy.,Gated vs. Ungated Content: Finding the Right Balance for Associations,Exact,Optimize,"Fully aligned: exact keyword appears in URL slug, H1, title; intent matches page focus."
blog simple seo tips to grow your conferences and courses,,Informational,BLOG-SEO & Content Strategy for Associations,https://omnipress.com/blog/simple-seo-tips-to-grow-your-conferences-and-courses/,Simple SEO Tips to Grow Your Conferences and Courses | Omnipress,"Boost visibility for your conferences and training programs with these simple SEO tips. Learn how to use keywords, links, and ungated content to attract new participants and grow your reach.",Simple SEO Tips to Grow Your Conferences and Courses,Partial,Optimize,Optimize: coverage row seeded from URL slug; refine title/H1/content to target this term.
abstract management system,170,Commercial,Unclustered,https://omnipress.com/blog/more-ways-to-use-an-abstract-management-system/,4 More Ways To Use An Abstract Management System (Besides Collecting Abstracts) | Omnipress,Your abstract management system can collect more than just abstracts. Use this same software to simplify other processes too.,4 More Ways To Use An Abstract Management System (Besides Collecting Abstracts),Exact,Optimize,"Fully aligned: exact keyword appears in URL slug, H1, title; intent matches page focus."
