Keyword,Search Volume,Search Intent,Topic Cluster,Current URL,Match Type,Suggested Action,Notes
how to bind a book,2900,Commercial,"BLOG-Print, Binding & Production Education",https://omnipress.com/blog/book-binding-101-conference-materials-educational-publications/,Partial,Optimize,Source=Expansion; Rationale=partial(score=0.21); ActionReason=optimize-existing; Signals=no-ranking-data
what is school and library binding,720,Commercial,"BLOG-Print, Binding & Production Education",https://omnipress.com/blog/book-binding-101-conference-materials-educational-publications/,Partial,Optimize,Source=Expansion; Rationale=partial(score=0.20); ActionReason=optimize-existing; Signals=no-ranking-data
gated content,590,Commercial,BLOG-SEO & Content Strategy for Associations,https://omnipress.com/blog/gated-vs-ungated-content-finding-the-right-balance-for-associations/,Exact,None,Source=SEMrush;GSC Query; Rationale=exact(score=0.47); ActionReason=none-strong-ranked; Signals=position=1;impressions=1604
manual printing,590,Commercial,Training Solutions,https://omnipress.com/publications/publication-printing/,Partial,Optimize,Source=Expansion; Rationale=partial(score=0.15); ActionReason=optimize-existing; Signals=no-ranking-data
mobile app for event,590,Commercial,Digital Products,https://omnipress.com/blog/selecting-mobile-event-app-conference/,Partial,Optimize,Source=Expansion; Rationale=partial(score=0.42); ActionReason=optimize-existing; Signals=no-ranking-data
virtual conference software,590,Commercial,Digital Products,https://omnipress.com/conferences/virtual-conference-event-platform/,Partial,Optimize,Source=SEMrush;GSC Query; Rationale=partial(score=0.36); ActionReason=optimize-existing; Signals=position=72;impressions=5438
application management software,480,Commercial,Resources,https://omnipress.com/abstract-and-application-management/,Exact,Optimize,Source=Expansion; Rationale=exact(score=0.79); ActionReason=optimize-existing; Signals=no-ranking-data
binding 101,480,Commercial,"BLOG-Print, Binding & Production Education",https://omnipress.com/blog/book-binding-101-conference-materials-educational-publications/,Exact,Optimize,Source=Expansion; Rationale=exact(score=0.56); ActionReason=optimize-existing; Signals=no-ranking-data
digital flipbook,480,Commercial,Digital Products,https://omnipress.com/conferences/digital-conference-flipbook/,Partial,Optimize,Source=SEMrush;GSC Query; Rationale=partial(score=0.53); ActionReason=optimize-existing; Signals=position=1;impressions=160
event mobile apps,480,Commercial,Digital Products,https://omnipress.com/conferences/event-app/request-for-quote/,Partial,Optimize,Source=Expansion; Rationale=partial(score=0.24); ActionReason=optimize-existing; Signals=no-ranking-data
abstract management,390,Commercial,Resources,https://omnipress.com/abstract-and-application-management/,Partial,Optimize,Source=Expansion; Rationale=partial(score=0.50); ActionReason=optimize-existing; Signals=no-ranking-data
conference mobile apps,390,Commercial,Digital Products,https://omnipress.com/conferences/digital-conference-flipbook/,Partial,Optimize,Source=Expansion; Rationale=partial(score=0.23); ActionReason=optimize-existing; Signals=no-ranking-data
program printing,390,Commercial,Conference Solutions,https://omnipress.com/conferences/conference-printing/request-for-quote/,Exact,Optimize,Source=Expansion; Rationale=exact(score=0.45); ActionReason=optimize-existing; Signals=no-ranking-data
application management system,320,Commercial,Resources,https://omnipress.com/abstract-and-application-management/,Partial,Optimize,Source=Expansion; Rationale=partial(score=0.41); ActionReason=optimize-existing; Signals=no-ranking-data
binding booklets,320,Commercial,Print Specs/Bindery,https://omnipress.com/bindings-tabs-finishes/,Partial,Optimize,Source=Expansion; Rationale=partial(score=0.22); ActionReason=optimize-existing; Signals=no-ranking-data
conference mobile app,320,Commercial,Digital Products,https://omnipress.com/blog/selecting-mobile-event-app-conference/,Partial,Optimize,Source=Expansion; Rationale=partial(score=0.35); ActionReason=optimize-existing; Signals=no-ranking-data
mobile event apps,320,Commercial,Digital Products,https://omnipress.com/conferences/event-app/request-for-quote/,Partial,Optimize,Source=Expansion; Rationale=partial(score=0.24); ActionReason=optimize-existing; Signals=no-ranking-data
printing programs,320,Commercial,Conference Solutions,https://omnipress.com/conferences/conference-printing/request-for-quote/,Partial,Optimize,Source=Expansion; Rationale=partial(score=0.21); ActionReason=optimize-existing; Signals=no-ranking-data
www.selectaward.com,320,Commercial,Application Management,https://omnipress.com/application-management/,Partial,Optimize,Source=Expansion; Rationale=partial(score=0.10); ActionReason=optimize-existing; Signals=no-ranking-data
abstract management software,260,Commercial,Resources,https://omnipress.com/abstract-and-application-management/,Partial,Optimize,Source=Expansion; Rationale=partial(score=0.59); ActionReason=optimize-existing; Signals=no-ranking-data
awards management software,260,Commercial,Application Management,https://omnipress.com/application-management/awards-management/,Exact,Optimize,Source=Expansion; Rationale=exact(score=0.90); ActionReason=optimize-existing; Signals=no-ranking-data
binded booklet,260,Commercial,Print Specs/Bindery,https://omnipress.com/bindings-tabs-finishes/,Partial,Optimize,Source=Expansion; Rationale=partial(score=0.10); ActionReason=optimize-existing; Signals=no-ranking-data
book binds,260,Commercial,"BLOG-Print, Binding & Production Education",https://omnipress.com/blog/book-binding-101-conference-materials-educational-publications/,Partial,Optimize,Source=Expansion; Rationale=partial(score=0.21); ActionReason=optimize-existing; Signals=no-ranking-data
booklet tabs,260,Commercial,Print Specs/Bindery,https://omnipress.com/bindings-tabs-finishes/,Partial,Optimize,Source=Expansion; Rationale=partial(score=0.21); ActionReason=optimize-existing; Signals=no-ranking-data
how to print book without book binding,260,Commercial,Print Specs/Bindery,https://omnipress.com/blog/book-binding-101-conference-materials-educational-publications/,Partial,Optimize,Source=Expansion; Rationale=partial(score=0.19); ActionReason=optimize-existing; Signals=no-ranking-data
omnipress madison,260,Commercial,Print & Fulfillment,https://omnipress.com/blog/,Partial,Optimize,Source=Expansion; Rationale=partial(score=0.23); ActionReason=optimize-existing; Signals=no-ranking-data
print manuals,260,Commercial,Training Solutions,https://omnipress.com/training/print-training-manuals/request-for-quote/,Partial,Optimize,Source=Expansion; Rationale=partial(score=0.35); ActionReason=optimize-existing; Signals=no-ranking-data
scholarship management,260,Commercial,Application Management,https://omnipress.com/application-management/scholarship-management/,Exact,Optimize,Source=Expansion; Rationale=exact(score=0.70); ActionReason=optimize-existing; Signals=no-ranking-data
scholarship management services,260,Commercial,Application Management,https://omnipress.com/application-management/scholarship-management/,Partial,Optimize,Source=Expansion; Rationale=partial(score=0.41); ActionReason=optimize-existing; Signals=no-ranking-data
spiral bound booklet,260,Commercial,Print Specs/Bindery,https://omnipress.com/bindings-tabs-finishes/,Partial,Optimize,Source=Expansion; Rationale=partial(score=0.10); ActionReason=optimize-existing; Signals=no-ranking-data
conference mobile application,210,Commercial,Digital Products,https://omnipress.com/conferences/digital-conference-flipbook/,Partial,Optimize,Source=Expansion; Rationale=partial(score=0.23); ActionReason=optimize-existing; Signals=no-ranking-data
event program printing,210,Commercial,Conference Solutions,https://omnipress.com/conferences/conference-printing/request-for-quote/,Exact,Optimize,Source=Expansion; Rationale=exact(score=0.47); ActionReason=optimize-existing; Signals=no-ranking-data
how to bind your own book,210,Commercial,"BLOG-Print, Binding & Production Education",https://omnipress.com/blog/book-binding-101-conference-materials-educational-publications/,Partial,Optimize,Source=Expansion; Rationale=partial(score=0.20); ActionReason=optimize-existing; Signals=no-ranking-data
printing programmes,210,Commercial,Conference Solutions,https://omnipress.com/conferences/conference-printing/request-for-quote/,Partial,Optimize,Source=Expansion; Rationale=partial(score=0.21); ActionReason=optimize-existing; Signals=no-ranking-data
scholarship management system,210,Commercial,Application Management,https://omnipress.com/application-management/scholarship-management/,Partial,Optimize,Source=Expansion; Rationale=partial(score=0.41); ActionReason=optimize-existing; Signals=no-ranking-data
spiral bound services,210,Commercial,Print Specs/Bindery,https://omnipress.com/print-and-fulfillment-services/,Partial,Optimize,Source=Expansion; Rationale=partial(score=0.13); ActionReason=optimize-existing; Signals=no-ranking-data
abstract management system,170,Commercial,Conference Solutions,https://omnipress.com/blog/more-ways-to-use-an-abstract-management-system/,Exact,Optimize,Source=Expansion; Rationale=exact(score=0.46); ActionReason=optimize-existing; Signals=no-ranking-data
adult learning strategies,170,Commercial,BLOG-Association Learning & Professional Development,https://omnipress.com/blog/focus-12-traits-effective-adult-learning-infographic/,Partial,Optimize,Source=Expansion; Rationale=partial(score=0.27); ActionReason=optimize-existing; Signals=no-ranking-data
applications management,170,Commercial,Resources,https://omnipress.com/abstract-and-application-management/,Partial,Optimize,Source=Expansion; Rationale=partial(score=0.25); ActionReason=optimize-existing; Signals=no-ranking-data
award management software,170,Commercial,Application Management,https://omnipress.com/application-management/awards-management/,Partial,Optimize,Source=Expansion; Rationale=partial(score=0.41); ActionReason=optimize-existing; Signals=no-ranking-data
conference event app,170,Commercial,Digital Products,https://omnipress.com/conferences/virtual-conference-event-platform/,Partial,Optimize,Source=Expansion; Rationale=partial(score=0.36); ActionReason=optimize-existing; Signals=no-ranking-data
event apps for conferences,170,Commercial,Digital Products,https://omnipress.com/conferences/virtual-conference-event-platform/,Partial,Optimize,Source=Expansion; Rationale=partial(score=0.29); ActionReason=optimize-existing; Signals=no-ranking-data
event booklet,170,Commercial,"BLOG-Print, Binding & Production Education",https://omnipress.com/blog/selecting-mobile-event-app-conference/,Partial,Optimize,Source=Expansion; Rationale=partial(score=0.22); ActionReason=optimize-existing; Signals=no-ranking-data
online application software,170,Commercial,Resources,https://omnipress.com/abstract-and-application-management/,Partial,Optimize,Source=Expansion; Rationale=partial(score=0.36); ActionReason=optimize-existing; Signals=no-ranking-data
printed manuals,170,Commercial,Training Solutions,https://omnipress.com/training/print-training-manuals/request-for-quote/,Partial,Optimize,Source=Expansion; Rationale=partial(score=0.21); ActionReason=optimize-existing; Signals=no-ranking-data
printing and fulfillment services,170,Commercial,Training Solutions,https://omnipress.com/print-and-fulfillment-services/,Partial,Optimize,Source=Expansion; Rationale=partial(score=0.33); ActionReason=optimize-existing; Signals=no-ranking-data
printing spiral bound books,170,Commercial,Print Specs/Bindery,https://omnipress.com/bindings-tabs-finishes/,Partial,Optimize,Source=Expansion; Rationale=partial(score=0.12); ActionReason=optimize-existing; Signals=no-ranking-data
scholarship software,170,Commercial,Application Management,https://omnipress.com/application-management/scholarship-management/,Partial,Optimize,Source=Expansion; Rationale=partial(score=0.50); ActionReason=optimize-existing; Signals=no-ranking-data
spiral bound booklets,170,Commercial,Print Specs/Bindery,https://omnipress.com/bindings-tabs-finishes/,Partial,Optimize,Source=Expansion; Rationale=partial(score=0.10); ActionReason=optimize-existing; Signals=no-ranking-data
textbook binding,170,Commercial,"BLOG-Print, Binding & Production Education",https://omnipress.com/blog/book-binding-101-conference-materials-educational-publications/,Partial,Optimize,Source=SEMrush;GSC Query; Rationale=partial(score=0.21); ActionReason=optimize-existing; Signals=position=1;impressions=2513
abstract management systems,140,Commercial,Conference Solutions,https://omnipress.com/conferences/abstract-management/request-for-demo/,Partial,Optimize,Source=Expansion; Rationale=partial(score=0.31); ActionReason=optimize-existing; Signals=no-ranking-data
association learning,140,Commercial,BLOG-Association Learning & Professional Development,https://omnipress.com/blog/the-future-of-association-learning/,Exact,Optimize,Source=SEMrush; Rationale=exact(score=0.61); ActionReason=optimize-existing; Signals=position=19
binding a booklet,140,Commercial,"BLOG-Print, Binding & Production Education",https://omnipress.com/blog/book-binding-101-conference-materials-educational-publications/,Partial,Optimize,Source=Expansion; Rationale=partial(score=0.21); ActionReason=optimize-existing; Signals=no-ranking-data
binding materials for booklets,140,Commercial,"BLOG-Print, Binding & Production Education",https://omnipress.com/blog/book-binding-101-conference-materials-educational-publications/,Partial,Optimize,Source=Expansion; Rationale=partial(score=0.32); ActionReason=optimize-existing; Signals=no-ranking-data
binding options,140,Commercial,Print Specs/Bindery,https://omnipress.com/bindings-tabs-finishes/,Exact,Optimize,Source=Expansion; Rationale=exact(score=0.60); ActionReason=optimize-existing; Signals=no-ranking-data
call to submit,140,Commercial,BLOG-General Blog,https://omnipress.com/blog/infographic-10-easy-ways-promote-call-papers/,Partial,Optimize,Source=SEMrush; Rationale=partial(score=0.20); ActionReason=optimize-existing; Signals=position=26
characteristics of adult learners,140,Commercial,BLOG-Association Learning & Professional Development,https://omnipress.com/blog/focus-12-traits-effective-adult-learning-infographic/,Partial,Optimize,Source=Expansion; Rationale=partial(score=0.17); ActionReason=optimize-existing; Signals=no-ranking-data
how to bind a booklet,140,Commercial,"BLOG-Print, Binding & Production Education",https://omnipress.com/blog/tips-for-designing-an-inspiring-conference-program-booklet/,Partial,Optimize,Source=Expansion; Rationale=partial(score=0.16); ActionReason=optimize-existing; Signals=no-ranking-data
mobile app for conferences,140,Commercial,Digital Products,https://omnipress.com/conferences/event-app/request-for-quote/,Partial,Optimize,Source=Expansion; Rationale=partial(score=0.32); ActionReason=optimize-existing; Signals=no-ranking-data
online abstract management,140,Commercial,Conference Solutions,https://omnipress.com/conferences/abstract-management/request-for-demo/,Partial,Optimize,Source=Expansion; Rationale=partial(score=0.31); ActionReason=optimize-existing; Signals=no-ranking-data
printing fulfillment services,140,Commercial,Print & Fulfillment,https://omnipress.com/print-and-fulfillment-services/,Partial,Optimize,Source=Expansion; Rationale=partial(score=0.43); ActionReason=optimize-existing; Signals=no-ranking-data
printing manuals,140,Commercial,Training Solutions,https://omnipress.com/training/print-training-manuals/request-for-quote/,Partial,Optimize,Source=Expansion; Rationale=partial(score=0.21); ActionReason=optimize-existing; Signals=no-ranking-data
training booklets,140,Commercial,Training Solutions,https://omnipress.com/training/,Partial,Optimize,Source=Expansion; Rationale=partial(score=0.38); ActionReason=optimize-existing; Signals=no-ranking-data
what is abstract management,140,Informational,BLOG-Abstract Management Education,https://omnipress.com/blog/beginners-guide-to-abstract-management/,Exact,None,Source=SEMrush;GSC Query; Rationale=exact(score=0.56); ActionReason=none-strong-ranked; Signals=position=5;impressions=4083
abstract submission software,110,Commercial,Conference Solutions,https://omnipress.com/abstract-and-application-management/,Partial,Optimize,Source=Expansion; Rationale=partial(score=0.26); ActionReason=optimize-existing; Signals=no-ranking-data
application management platform,110,Commercial,Resources,https://omnipress.com/abstract-and-application-management/,Partial,Optimize,Source=Expansion; Rationale=partial(score=0.41); ActionReason=optimize-existing; Signals=no-ranking-data
application management systems,110,Commercial,Resources,https://omnipress.com/abstract-and-application-management/,Partial,Optimize,Source=Expansion; Rationale=partial(score=0.41); ActionReason=optimize-existing; Signals=no-ranking-data
apps for conference,110,Commercial,Digital Products,https://omnipress.com/conferences/digital-conference-flipbook/,Partial,Optimize,Source=Expansion; Rationale=partial(score=0.26); ActionReason=optimize-existing; Signals=no-ranking-data
book conference,110,Commercial,"BLOG-Print, Binding & Production Education",https://omnipress.com/blog/tips-for-designing-an-inspiring-conference-program-booklet/,Partial,Optimize,Source=SEMrush; Rationale=partial(score=0.32); ActionReason=optimize-existing; Signals=position=2
characteristics of an adult,110,Commercial,BLOG-Association Learning & Professional Development,https://omnipress.com/blog/focus-12-traits-effective-adult-learning-infographic/,Partial,Optimize,Source=Expansion; Rationale=partial(score=0.18); ActionReason=optimize-existing; Signals=no-ranking-data
characteristics of the adult learner,110,Commercial,BLOG-Association Learning & Professional Development,https://omnipress.com/blog/focus-12-traits-effective-adult-learning-infographic/,Partial,Optimize,Source=Expansion; Rationale=partial(score=0.17); ActionReason=optimize-existing; Signals=no-ranking-data
conference materials,110,Commercial,Conference Solutions,https://omnipress.com/blog/book-binding-101-conference-materials-educational-publications/,Exact,Optimize,Source=Expansion; Rationale=exact(score=0.35); ActionReason=optimize-existing; Signals=no-ranking-data
custom book printing and binding,110,Commercial,Print Specs/Bindery,https://omnipress.com/bindings-tabs-finishes/,Partial,Optimize,Source=Expansion; Rationale=partial(score=0.22); ActionReason=optimize-existing; Signals=no-ranking-data
custom spiral bound book printing,110,Commercial,Print Specs/Bindery,https://omnipress.com/bindings-tabs-finishes/,Partial,Optimize,Source=Expansion; Rationale=partial(score=0.12); ActionReason=optimize-existing; Signals=no-ranking-data
education kit fulfillment,110,Commercial,Training Solutions,https://omnipress.com/training/fulfillment/request-for-quote/,Partial,Optimize,Source=Expansion; Rationale=partial(score=0.20); ActionReason=optimize-existing; Signals=no-ranking-data
educational tools for neurodivergent learning styles,110,Commercial,BLOG-Conference/Event Strategy,https://omnipress.com/blog/5-reasons-to-offer-online-conference-materials-even-if-you-already-have-an-app/,Partial,Optimize,Source=Expansion; Rationale=partial(score=0.10); ActionReason=optimize-existing; Signals=no-ranking-data
evant.app,110,Commercial,Digital Products,https://omnipress.com/conferences/event-app/request-for-quote/,Partial,Optimize,Source=Expansion; Rationale=partial(score=0.21); ActionReason=optimize-existing; Signals=no-ranking-data
event app for conferences,110,Commercial,Digital Products,https://omnipress.com/conferences/event-app/request-for-quote/,Partial,Optimize,Source=Expansion; Rationale=partial(score=0.44); ActionReason=optimize-existing; Signals=no-ranking-data
management application,110,Commercial,Resources,https://omnipress.com/application-management/,Partial,Optimize,Source=Expansion; Rationale=partial(score=0.55); ActionReason=optimize-existing; Signals=no-ranking-data
manual printing services,110,Commercial,Training Solutions,https://omnipress.com/publications/publication-printing/,Partial,Optimize,Source=Expansion; Rationale=partial(score=0.17); ActionReason=optimize-existing; Signals=no-ranking-data
mobile apps for events and conferences,110,Commercial,Digital Products,https://omnipress.com/conferences/event-app/request-for-quote/,Partial,Optimize,Source=Expansion; Rationale=partial(score=0.18); ActionReason=optimize-existing; Signals=no-ranking-data
mobile conference apps,110,Commercial,Digital Products,https://omnipress.com/conferences/digital-conference-flipbook/,Partial,Optimize,Source=Expansion; Rationale=partial(score=0.23); ActionReason=optimize-existing; Signals=no-ranking-data
printing services binding,110,Commercial,Print Specs/Bindery,https://omnipress.com/bindings-tabs-finishes/,Partial,Optimize,Source=Expansion; Rationale=partial(score=0.28); ActionReason=optimize-existing; Signals=no-ranking-data
professional bindery,110,Commercial,Print Specs/Bindery,https://omnipress.com/bindings-tabs-finishes/,Partial,Optimize,Source=Expansion; Rationale=partial(score=0.10); ActionReason=optimize-existing; Signals=no-ranking-data
program booklet printing,110,Commercial,Conference Solutions,https://omnipress.com/conferences/conference-printing/request-for-quote/,Partial,Optimize,Source=Expansion; Rationale=partial(score=0.23); ActionReason=optimize-existing; Signals=no-ranking-data
submission management software,110,Commercial,Conference Solutions,https://omnipress.com/application-management/awards-management/,Partial,Optimize,Source=Expansion; Rationale=partial(score=0.31); ActionReason=optimize-existing; Signals=no-ranking-data
tab printing,110,Commercial,Print Specs/Bindery,https://omnipress.com/publications/publication-printing/,Partial,Optimize,Source=Expansion; Rationale=partial(score=0.15); ActionReason=optimize-existing; Signals=no-ranking-data
top programs that balance neurotypical expectations with neurodivergent needs,110,Commercial,BLOG-Conference/Event Strategy,https://omnipress.com/blog/omnipress-launches-new-mobile-app-that-upgrades-the-event-experience/,Partial,Optimize,Source=SEMrush;GSC Query; Rationale=partial(score=0.14); ActionReason=optimize-existing; Signals=position=9;impressions=264
ways to bind a book,110,Commercial,"BLOG-Print, Binding & Production Education",https://omnipress.com/blog/book-binding-101-conference-materials-educational-publications/,Partial,Optimize,Source=Expansion; Rationale=partial(score=0.20); ActionReason=optimize-existing; Signals=no-ranking-data
where to bind a book,110,Commercial,"BLOG-Print, Binding & Production Education",https://omnipress.com/blog/book-binding-101-conference-materials-educational-publications/,Partial,Optimize,Source=Expansion; Rationale=partial(score=0.21); ActionReason=optimize-existing; Signals=no-ranking-data
application management tools,90,Commercial,Resources,https://omnipress.com/abstract-and-application-management/,Partial,Optimize,Source=Expansion; Rationale=partial(score=0.41); ActionReason=optimize-existing; Signals=no-ranking-data
awards management system,90,Commercial,Application Management,https://omnipress.com/application-management/awards-management/,Partial,Optimize,Source=Expansion; Rationale=partial(score=0.41); ActionReason=optimize-existing; Signals=no-ranking-data
binding and printing,90,Commercial,Print Specs/Bindery,https://omnipress.com/bindings-tabs-finishes/,Partial,Optimize,Source=Expansion; Rationale=partial(score=0.26); ActionReason=optimize-existing; Signals=no-ranking-data
booklet binding options,90,Commercial,Print Specs/Bindery,https://omnipress.com/bindings-tabs-finishes/,Partial,Optimize,Source=Expansion; Rationale=partial(score=0.34); ActionReason=optimize-existing; Signals=no-ranking-data
conference booklet,90,Commercial,BLOG-Conference/Event Strategy,https://omnipress.com/conferences/,Partial,Optimize,Source=Expansion; Rationale=partial(score=0.19); ActionReason=optimize-existing; Signals=no-ranking-data
educational printing services,90,Commercial,Training Solutions,https://omnipress.com/publications/publication-printing/,Partial,Optimize,Source=Expansion; Rationale=partial(score=0.17); ActionReason=optimize-existing; Signals=no-ranking-data
event program booklet,90,Commercial,"BLOG-Print, Binding & Production Education",https://omnipress.com/blog/tips-for-designing-an-inspiring-conference-program-booklet/,Partial,Optimize,Source=Expansion; Rationale=partial(score=0.24); ActionReason=optimize-existing; Signals=no-ranking-data
grants management dashboard,90,Commercial,Application Management,https://omnipress.com/application-management/grants-management/,Partial,Optimize,Source=SEMrush;GSC Query; Rationale=partial(score=0.41); ActionReason=optimize-existing; Signals=position=12;impressions=1573
instruction manual printing,90,Commercial,Training Solutions,https://omnipress.com/training/,Partial,Optimize,Source=Expansion; Rationale=partial(score=0.14); ActionReason=optimize-existing; Signals=no-ranking-data
journal printing companies,90,Commercial,Publication Solutions,https://omnipress.com/publications/publication-printing/,Partial,Optimize,Source=Expansion; Rationale=partial(score=0.41); ActionReason=optimize-existing; Signals=no-ranking-data
journal printing services,90,Commercial,Publication Solutions,https://omnipress.com/publications/publication-printing/,Exact,Optimize,Source=Expansion; Rationale=exact(score=0.67); ActionReason=optimize-existing; Signals=no-ranking-data
mobile apps for conferences,90,Commercial,Digital Products,https://omnipress.com/conferences/event-app/request-for-quote/,Partial,Optimize,Source=Expansion; Rationale=partial(score=0.20); ActionReason=optimize-existing; Signals=no-ranking-data
print and fulfillment,90,Commercial,Print & Fulfillment,https://omnipress.com/print-and-fulfillment-services/,Exact,Optimize,Source=Expansion; Rationale=exact(score=0.72); ActionReason=optimize-existing; Signals=no-ranking-data
printing and fulfillment,90,Commercial,Print & Fulfillment,https://omnipress.com/print-and-fulfillment-services/,Partial,Optimize,Source=Expansion; Rationale=partial(score=0.26); ActionReason=optimize-existing; Signals=no-ranking-data
printing binder,90,Commercial,Print Specs/Bindery,https://omnipress.com/publications/publication-printing/,Partial,Optimize,Source=Expansion; Rationale=partial(score=0.15); ActionReason=optimize-existing; Signals=no-ranking-data
program book,90,Commercial,"BLOG-Print, Binding & Production Education",https://omnipress.com/blog/tips-for-designing-an-inspiring-conference-program-booklet/,Exact,Optimize,Source=Expansion; Rationale=exact(score=0.52); ActionReason=optimize-existing; Signals=no-ranking-data
program print,90,Commercial,Conference Solutions,https://omnipress.com/conferences/conference-printing/request-for-quote/,Exact,Optimize,Source=Expansion; Rationale=exact(score=0.33); ActionReason=optimize-existing; Signals=no-ranking-data
scholarship management platform,90,Commercial,Application Management,https://omnipress.com/application-management/scholarship-management/,Partial,Optimize,Source=Expansion; Rationale=partial(score=0.41); ActionReason=optimize-existing; Signals=no-ranking-data
scholarship management service,90,Commercial,Application Management,https://omnipress.com/application-management/scholarship-management/,Partial,Optimize,Source=Expansion; Rationale=partial(score=0.41); ActionReason=optimize-existing; Signals=no-ranking-data
staples book binding options,90,Commercial,Print Specs/Bindery,https://omnipress.com/bindings-tabs-finishes/,Partial,Optimize,Source=Expansion; Rationale=partial(score=0.31); ActionReason=optimize-existing; Signals=no-ranking-data
training manual printing,90,Commercial,Training Solutions,https://omnipress.com/training/,Partial,Optimize,Source=Expansion; Rationale=partial(score=0.35); ActionReason=optimize-existing; Signals=no-ranking-data
ungated definition,90,Commercial,BLOG-SEO & Content Strategy for Associations,https://omnipress.com/blog/gated-vs-ungated-content-finding-the-right-balance-for-associations/,Partial,Optimize,Source=Expansion; Rationale=partial(score=0.17); ActionReason=optimize-existing; Signals=no-ranking-data
abstract hr,70,Commercial,Resources,https://omnipress.com/abstract-and-application-management/,Partial,Optimize,Source=SEMrush; Rationale=partial(score=0.25); ActionReason=optimize-existing; Signals=position=39
abstract review,70,Commercial,BLOG-Abstract Management Education,https://omnipress.com/blog/expert-tips-for-managing-conference-abstract-reviews/,Exact,Optimize,Source=SEMrush;GSC Query; Rationale=exact(score=0.40); ActionReason=optimize-existing; Signals=position=89;impressions=653
adult characteristics,70,Commercial,BLOG-Association Learning & Professional Development,https://omnipress.com/blog/focus-12-traits-effective-adult-learning-infographic/,Partial,Optimize,Source=Expansion; Rationale=partial(score=0.18); ActionReason=optimize-existing; Signals=no-ranking-data
adult learning best practices,70,Commercial,BLOG-Association Learning & Professional Development,https://omnipress.com/blog/focus-12-traits-effective-adult-learning-infographic/,Partial,Optimize,Source=Expansion; Rationale=partial(score=0.25); ActionReason=optimize-existing; Signals=no-ranking-data
agenda booklet,70,Commercial,Conference Solutions,https://omnipress.com/conferences/,Partial,Optimize,Source=Expansion; Rationale=partial(score=0.10); ActionReason=optimize-existing; Signals=no-ranking-data
applications management software,70,Commercial,Resources,https://omnipress.com/abstract-and-application-management/,Partial,Optimize,Source=Expansion; Rationale=partial(score=0.36); ActionReason=optimize-existing; Signals=no-ranking-data
awards management,70,Commercial,Application Management,https://omnipress.com/application-management/awards-management/,Exact,Optimize,Source=Expansion; Rationale=exact(score=0.70); ActionReason=optimize-existing; Signals=no-ranking-data
best scholarship management software 2025,70,Commercial,Application Management,https://omnipress.com/application-management/scholarship-management/,Partial,Optimize,Source=Expansion; Rationale=partial(score=0.48); ActionReason=optimize-existing; Signals=no-ranking-data
binded pages,70,Commercial,Print Specs/Bindery,https://omnipress.com/bindings-tabs-finishes/,Partial,Optimize,Source=Expansion; Rationale=partial(score=0.10); ActionReason=optimize-existing; Signals=no-ranking-data
binding options for booklets,70,Commercial,Print Specs/Bindery,https://omnipress.com/bindings-tabs-finishes/,Partial,Optimize,Source=Expansion; Rationale=partial(score=0.34); ActionReason=optimize-existing; Signals=no-ranking-data
binding space,70,Commercial,"BLOG-Print, Binding & Production Education",https://omnipress.com/blog/book-binding-101-conference-materials-educational-publications/,Partial,Optimize,Source=Expansion; Rationale=partial(score=0.21); ActionReason=optimize-existing; Signals=no-ranking-data
book binding plastic,70,Commercial,"BLOG-Print, Binding & Production Education",https://omnipress.com/blog/book-binding-101-conference-materials-educational-publications/,Partial,Optimize,Source=Expansion; Rationale=partial(score=0.32); ActionReason=optimize-existing; Signals=no-ranking-data
book printing binding,70,Commercial,Print Specs/Bindery,https://omnipress.com/bindings-tabs-finishes/,Partial,Optimize,Source=Expansion; Rationale=partial(score=0.24); ActionReason=optimize-existing; Signals=no-ranking-data
call for content,70,Navigational,BLOG-General Blog,https://omnipress.com/blog/infographic-10-easy-ways-promote-call-papers/,Partial,Optimize,Source=Expansion; Rationale=partial(score=0.20); ActionReason=optimize-existing; Signals=no-ranking-data
conference attendee app,70,Commercial,Digital Products,https://omnipress.com/conferences/digital-conference-flipbook/,Partial,Optimize,Source=Expansion; Rationale=partial(score=0.23); ActionReason=optimize-existing; Signals=no-ranking-data
conference book,70,Commercial,"BLOG-Print, Binding & Production Education",https://omnipress.com/blog/tips-for-designing-an-inspiring-conference-program-booklet/,Partial,Optimize,Source=Expansion; Rationale=partial(score=0.32); ActionReason=optimize-existing; Signals=no-ranking-data
conference brochure,70,Commercial,Conference Solutions,https://omnipress.com/conferences/,Partial,Optimize,Source=Expansion; Rationale=partial(score=0.29); ActionReason=optimize-existing; Signals=no-ranking-data
conference printing,70,Commercial,Conference Solutions,https://omnipress.com/conferences/conference-printing/request-for-quote/,Exact,None,Source=SEMrush;GSC Query; Rationale=exact(score=0.55); ActionReason=none-strong-ranked; Signals=position=1;impressions=2206
conference schedule app,70,Commercial,Digital Products,https://omnipress.com/conferences/digital-conference-flipbook/,Partial,Optimize,Source=Expansion; Rationale=partial(score=0.23); ActionReason=optimize-existing; Signals=no-ranking-data
custom printed training materials,70,Commercial,Training Solutions,https://omnipress.com/training/,Partial,Optimize,Source=SEMrush;GSC Query; Rationale=partial(score=0.36); ActionReason=optimize-existing; Signals=position=32;impressions=479
different types binders,70,Commercial,Print Specs/Bindery,https://omnipress.com/bindings-tabs-finishes/,Partial,Optimize,Source=Expansion; Rationale=partial(score=0.10); ActionReason=optimize-existing; Signals=no-ranking-data
digital event program,70,Commercial,Digital Products,https://omnipress.com/digital-products/,Partial,Optimize,Source=Expansion; Rationale=partial(score=0.36); ActionReason=optimize-existing; Signals=no-ranking-data
educational print fulfillment new york city,70,Commercial,Print & Fulfillment,https://omnipress.com/print-and-fulfillment-services/,Partial,Optimize,Source=Expansion; Rationale=partial(score=0.29); ActionReason=optimize-existing; Signals=no-ranking-data
educational print fulfillment phoenix az,70,Commercial,Print & Fulfillment,https://omnipress.com/print-and-fulfillment-services/,Partial,Optimize,Source=Expansion; Rationale=partial(score=0.32); ActionReason=optimize-existing; Signals=no-ranking-data
event conference app,70,Commercial,Digital Products,https://omnipress.com/conferences/virtual-conference-event-platform/,Partial,Optimize,Source=Expansion; Rationale=partial(score=0.36); ActionReason=optimize-existing; Signals=no-ranking-data
event conference mobile apps,70,Commercial,Digital Products,https://omnipress.com/conferences/virtual-conference-event-platform/,Partial,Optimize,Source=Expansion; Rationale=partial(score=0.32); ActionReason=optimize-existing; Signals=no-ranking-data
gated vs ungated content,70,Commercial,BLOG-SEO & Content Strategy for Associations,https://omnipress.com/blog/gated-vs-ungated-content-finding-the-right-balance-for-associations/,Exact,Optimize,Source=Expansion; Rationale=exact(score=0.64); ActionReason=optimize-existing; Signals=no-ranking-data
how to bind a loose leaf textbook,70,Commercial,"BLOG-Print, Binding & Production Education",https://omnipress.com/blog/how-associations-can-use-ai-to-personalize-learning/,Partial,Optimize,Source=Expansion; Rationale=partial(score=0.10); ActionReason=optimize-existing; Signals=no-ranking-data
how to bound a book,70,Commercial,"BLOG-Print, Binding & Production Education",https://omnipress.com/blog/book-binding-101-conference-materials-educational-publications/,Partial,Optimize,Source=Expansion; Rationale=partial(score=0.21); ActionReason=optimize-existing; Signals=no-ranking-data
journal printing and binding,70,Commercial,Publication Solutions,https://omnipress.com/publications/publication-printing/,Partial,Optimize,Source=Expansion; Rationale=partial(score=0.41); ActionReason=optimize-existing; Signals=no-ranking-data
loose leaf textbook binding,70,Commercial,"BLOG-Print, Binding & Production Education",https://omnipress.com/blog/book-binding-101-conference-materials-educational-publications/,Partial,Optimize,Source=Expansion; Rationale=partial(score=0.18); ActionReason=optimize-existing; Signals=no-ranking-data
mobile event application,70,Commercial,Digital Products,https://omnipress.com/conferences/event-app/request-for-quote/,Partial,Optimize,Source=Expansion; Rationale=partial(score=0.24); ActionReason=optimize-existing; Signals=no-ranking-data
mobile event applications,70,Commercial,Digital Products,https://omnipress.com/conferences/event-app/request-for-quote/,Partial,Optimize,Source=Expansion; Rationale=partial(score=0.24); ActionReason=optimize-existing; Signals=no-ranking-data
online manual printing services,70,Commercial,Training Solutions,https://omnipress.com/publications/publication-printing/,Partial,Optimize,Source=Expansion; Rationale=partial(score=0.15); ActionReason=optimize-existing; Signals=no-ranking-data
paper calling,70,Navigational,BLOG-General Blog,https://omnipress.com/blog/,Partial,Optimize,Source=Expansion; Rationale=partial(score=0.10); ActionReason=optimize-existing; Signals=no-ranking-data
paper calls,70,Commercial,BLOG-General Blog,https://omnipress.com/blog/,Partial,Optimize,Source=SEMrush; Rationale=partial(score=0.10); ActionReason=optimize-existing; Signals=position=5
post book binding,70,Commercial,"BLOG-Print, Binding & Production Education",https://omnipress.com/blog/book-binding-101-conference-materials-educational-publications/,Partial,Optimize,Source=Expansion; Rationale=partial(score=0.32); ActionReason=optimize-existing; Signals=no-ranking-data
print conference,70,Commercial,Conference Solutions,https://omnipress.com/conferences/,Partial,Optimize,Source=Expansion; Rationale=partial(score=0.29); ActionReason=optimize-existing; Signals=no-ranking-data
print homeschool curriculum,70,Commercial,Training Solutions,https://omnipress.com/training/print-k-12-course-materials/,Partial,Optimize,Source=Expansion; Rationale=partial(score=0.20); ActionReason=optimize-existing; Signals=no-ranking-data
print manual,70,Commercial,Training Solutions,https://omnipress.com/training/print-k-12-course-materials/,Partial,Optimize,Source=Expansion; Rationale=partial(score=0.21); ActionReason=optimize-existing; Signals=no-ranking-data
printing and publications,70,Commercial,Publication Solutions,https://omnipress.com/publications/publication-printing/,Partial,Optimize,Source=Expansion; Rationale=partial(score=0.44); ActionReason=optimize-existing; Signals=no-ranking-data
printing programs for events,70,Commercial,Conference Solutions,https://omnipress.com/conferences/conference-printing/request-for-quote/,Partial,Optimize,Source=Expansion; Rationale=partial(score=0.19); ActionReason=optimize-existing; Signals=no-ranking-data
program book printing,70,Commercial,Conference Solutions,https://omnipress.com/conferences/conference-printing/request-for-quote/,Partial,Optimize,Source=Expansion; Rationale=partial(score=0.23); ActionReason=optimize-existing; Signals=no-ranking-data
types of binding for printing,70,Commercial,Print Specs/Bindery,https://omnipress.com/bindings-tabs-finishes/,Partial,Optimize,Source=Expansion; Rationale=partial(score=0.24); ActionReason=optimize-existing; Signals=no-ranking-data
ways to bind a booklet,70,Commercial,"BLOG-Print, Binding & Production Education",https://omnipress.com/blog/tips-for-designing-an-inspiring-conference-program-booklet/,Partial,Optimize,Source=Expansion; Rationale=partial(score=0.15); ActionReason=optimize-existing; Signals=no-ranking-data
what is textbook binding,70,Commercial,"BLOG-Print, Binding & Production Education",https://omnipress.com/blog/book-binding-101-conference-materials-educational-publications/,Partial,Optimize,Source=Expansion; Rationale=partial(score=0.21); ActionReason=optimize-existing; Signals=no-ranking-data
where can you bind a book,70,Commercial,"BLOG-Print, Binding & Production Education",https://omnipress.com/blog/book-binding-101-conference-materials-educational-publications/,Partial,Optimize,Source=Expansion; Rationale=partial(score=0.20); ActionReason=optimize-existing; Signals=no-ranking-data
where to get paper binded,70,Commercial,Print Specs/Bindery,https://omnipress.com/bindings-tabs-finishes/,Partial,Optimize,Source=Expansion; Rationale=partial(score=0.10); ActionReason=optimize-existing; Signals=no-ranking-data
youtubeinstagram,70,Commercial,BLOG-Association Learning & Professional Development,https://omnipress.com/blog/how-to-design-materials-that-make-learning-stick/,Partial,Optimize,Source=SEMrush; Rationale=partial(score=0.10); ActionReason=optimize-existing; Signals=position=60
abstract manager,50,Informational,BLOG-Abstract Management Education,https://omnipress.com/blog/beginners-guide-to-abstract-management/,Partial,Optimize,Source=Expansion; Rationale=partial(score=0.21); ActionReason=optimize-existing; Signals=no-ranking-data
ai for associations,50,Commercial,BLOG-AI & Learning Technology,https://omnipress.com/blog/harnessing-ai-for-associations-enhancing-educational-content-and-member-engagement/,Exact,Optimize,Source=SEMrush;GSC Query; Rationale=exact(score=0.37); ActionReason=optimize-existing; Signals=position=42;impressions=604
ai to create training materials,50,Commercial,BLOG-AI & Learning Technology,https://omnipress.com/training/,Partial,Optimize,Source=SEMrush;GSC Query; Rationale=partial(score=0.26); ActionReason=optimize-existing; Signals=position=96;impressions=1341
app for conference,50,Commercial,Digital Products,https://omnipress.com/blog/selecting-mobile-event-app-conference/,Exact,Optimize,Source=Expansion; Rationale=exact(score=0.42); ActionReason=optimize-existing; Signals=no-ranking-data
application management solution,50,Commercial,Resources,https://omnipress.com/abstract-and-application-management/,Partial,Optimize,Source=Expansion; Rationale=partial(score=0.41); ActionReason=optimize-existing; Signals=no-ranking-data
application submission software,50,Commercial,Resources,https://omnipress.com/abstract-and-application-management/,Partial,Optimize,Source=Expansion; Rationale=partial(score=0.36); ActionReason=optimize-existing; Signals=no-ranking-data
best abstract management software,50,Commercial,Conference Solutions,https://omnipress.com/abstract-and-application-management/,Partial,Optimize,Source=Expansion; Rationale=partial(score=0.40); ActionReason=optimize-existing; Signals=no-ranking-data
best print on demand journals,50,Commercial,Publication Solutions,https://omnipress.com/publications/publication-printing/request-for-quote/,Partial,Optimize,Source=Expansion; Rationale=partial(score=0.13); ActionReason=optimize-existing; Signals=no-ranking-data
book binding photos,50,Commercial,"BLOG-Print, Binding & Production Education",https://omnipress.com/blog/book-binding-101-conference-materials-educational-publications/,Partial,Optimize,Source=Expansion; Rationale=partial(score=0.32); ActionReason=optimize-existing; Signals=no-ranking-data
booklet bindings,50,Commercial,Print Specs/Bindery,https://omnipress.com/bindings-tabs-finishes/,Partial,Optimize,Source=Expansion; Rationale=partial(score=0.21); ActionReason=optimize-existing; Signals=no-ranking-data
calling papers,50,Navigational,BLOG-General Blog,https://omnipress.com/blog/infographic-10-easy-ways-promote-call-papers/,Partial,Optimize,Source=Expansion; Rationale=partial(score=0.20); ActionReason=optimize-existing; Signals=no-ranking-data
catalyst application,50,Commercial,Resources,https://omnipress.com/application-management/,Exact,Optimize,Source=Expansion; Rationale=exact(score=0.53); ActionReason=optimize-existing; Signals=no-ranking-data
comb bound books,50,Commercial,"BLOG-Print, Binding & Production Education",https://omnipress.com/blog/how-associations-can-use-ai-to-personalize-learning/,Partial,Optimize,Source=Expansion; Rationale=partial(score=0.10); ActionReason=optimize-existing; Signals=no-ranking-data
conference agenda app,50,Commercial,Digital Products,https://omnipress.com/conferences/digital-conference-flipbook/,Partial,Optimize,Source=Expansion; Rationale=partial(score=0.23); ActionReason=optimize-existing; Signals=no-ranking-data
conference management systems,50,Commercial,Conference Solutions,https://omnipress.com/conferences/,Partial,Optimize,Source=Expansion; Rationale=partial(score=0.25); ActionReason=optimize-existing; Signals=no-ranking-data
educational print fulfillment los angeles ca,50,Commercial,Print & Fulfillment,https://omnipress.com/print-and-fulfillment-services/,Partial,Optimize,Source=Expansion; Rationale=partial(score=0.29); ActionReason=optimize-existing; Signals=no-ranking-data
event apps for conference,50,Commercial,Digital Products,https://omnipress.com/conferences/virtual-conference-event-platform/,Partial,Optimize,Source=Expansion; Rationale=partial(score=0.36); ActionReason=optimize-existing; Signals=no-ranking-data
event conference apps,50,Commercial,Digital Products,https://omnipress.com/conferences/virtual-conference-event-platform/,Partial,Optimize,Source=Expansion; Rationale=partial(score=0.36); ActionReason=optimize-existing; Signals=no-ranking-data
event management abstract,50,Commercial,Conference Solutions,https://omnipress.com/conferences/abstract-management/request-for-demo/,Partial,Optimize,Source=Expansion; Rationale=partial(score=0.31); ActionReason=optimize-existing; Signals=no-ranking-data
event mobile applications,50,Commercial,Digital Products,https://omnipress.com/conferences/event-app/request-for-quote/,Partial,Optimize,Source=Expansion; Rationale=partial(score=0.24); ActionReason=optimize-existing; Signals=no-ranking-data
grant application management,50,Commercial,Application Management,https://omnipress.com/application-management/,Partial,Optimize,Source=Expansion; Rationale=partial(score=0.48); ActionReason=optimize-existing; Signals=no-ranking-data
how to bind a looseleaf textbook,50,Commercial,"BLOG-Print, Binding & Production Education",https://omnipress.com/blog/how-associations-can-use-ai-to-personalize-learning/,Partial,Optimize,Source=Expansion; Rationale=partial(score=0.10); ActionReason=optimize-existing; Signals=no-ranking-data
k12 printing,50,Commercial,Training Solutions,https://omnipress.com/publications/publication-printing/,Partial,Optimize,Source=SEMrush; Rationale=partial(score=0.15); ActionReason=optimize-existing; Signals=position=36
laminated booklets,50,Commercial,Print Specs/Bindery,https://omnipress.com/bindings-tabs-finishes/,Partial,Optimize,Source=Expansion; Rationale=partial(score=0.10); ActionReason=optimize-existing; Signals=no-ranking-data
online abstract submission software,50,Commercial,Conference Solutions,https://omnipress.com/conferences/abstract-management/pricing/,Partial,Optimize,Source=Expansion; Rationale=partial(score=0.23); ActionReason=optimize-existing; Signals=no-ranking-data
online application management system,50,Commercial,Application Management,https://omnipress.com/application-management/,Partial,Optimize,Source=SEMrush;GSC Query; Rationale=partial(score=0.40); ActionReason=optimize-existing; Signals=position=2;impressions=1942
print binding options,50,Commercial,Print Specs/Bindery,https://omnipress.com/bindings-tabs-finishes/,Partial,Optimize,Source=Expansion; Rationale=partial(score=0.34); ActionReason=optimize-existing; Signals=no-ranking-data
print event programs,50,Commercial,Conference Solutions,https://omnipress.com/conferences/,Partial,Optimize,Source=Expansion; Rationale=partial(score=0.14); ActionReason=optimize-existing; Signals=no-ranking-data
print program booklet,50,Commercial,Conference Solutions,https://omnipress.com/blog/tips-for-designing-an-inspiring-conference-program-booklet/,Partial,Optimize,Source=Expansion; Rationale=partial(score=0.14); ActionReason=optimize-existing; Signals=no-ranking-data
print tabs,50,Commercial,Print Specs/Bindery,https://omnipress.com/bindings-tabs-finishes/,Partial,Optimize,Source=Expansion; Rationale=partial(score=0.21); ActionReason=optimize-existing; Signals=no-ranking-data
print training,50,Commercial,Training Solutions,https://omnipress.com/training/print-training-manuals/request-for-quote/,Exact,Optimize,Source=Expansion; Rationale=exact(score=0.55); ActionReason=optimize-existing; Signals=no-ranking-data
printed program,50,Commercial,Conference Solutions,https://omnipress.com/conferences/conference-printing/request-for-quote/,Partial,Optimize,Source=Expansion; Rationale=partial(score=0.13); ActionReason=optimize-existing; Signals=no-ranking-data
printed publications,50,Commercial,Publication Solutions,https://omnipress.com/publications/,Partial,Optimize,Source=Expansion; Rationale=partial(score=0.36); ActionReason=optimize-existing; Signals=no-ranking-data
printer tabs,50,Commercial,Print Specs/Bindery,https://omnipress.com/bindings-tabs-finishes/,Partial,Optimize,Source=Expansion; Rationale=partial(score=0.21); ActionReason=optimize-existing; Signals=no-ranking-data
printing bound books,50,Commercial,Print Specs/Bindery,https://omnipress.com/bindings-tabs-finishes/,Partial,Optimize,Source=Expansion; Rationale=partial(score=0.13); ActionReason=optimize-existing; Signals=no-ranking-data
printing kitting fulfillment madison wi,50,Commercial,Print & Fulfillment,https://omnipress.com/print-and-fulfillment-services/,Partial,Optimize,Source=SEMrush;GSC Query; Rationale=partial(score=0.20); ActionReason=optimize-existing; Signals=position=4;impressions=538
printing publications,50,Commercial,Publication Solutions,https://omnipress.com/publications/publication-printing/,Partial,Optimize,Source=Expansion; Rationale=partial(score=0.44); ActionReason=optimize-existing; Signals=no-ranking-data
printing training manuals,50,Commercial,Training Solutions,https://omnipress.com/training/,Partial,Optimize,Source=Expansion; Rationale=partial(score=0.35); ActionReason=optimize-existing; Signals=no-ranking-data
printing workbooks,50,Commercial,Training Solutions,https://omnipress.com/publications/publication-printing/,Partial,Optimize,Source=Expansion; Rationale=partial(score=0.15); ActionReason=optimize-existing; Signals=no-ranking-data
programs printing,50,Commercial,Conference Solutions,https://omnipress.com/conferences/conference-printing/request-for-quote/,Partial,Optimize,Source=Expansion; Rationale=partial(score=0.21); ActionReason=optimize-existing; Signals=no-ranking-data
rfp questions to ask vendor,50,Commercial,"BLOG-Print, Binding & Production Education",https://omnipress.com/blog/four-questions-your-print-and-fulfillment-rfp-should-include/,Partial,Optimize,Source=SEMrush; Rationale=partial(score=0.25); ActionReason=optimize-existing; Signals=position=76
scholarship application management software,50,Commercial,Application Management,https://omnipress.com/application-management/scholarship-management/,Partial,Optimize,Source=Expansion; Rationale=partial(score=0.56); ActionReason=optimize-existing; Signals=no-ranking-data
scholarship application software,50,Commercial,Application Management,https://omnipress.com/application-management/scholarship-management/,Partial,Optimize,Source=Expansion; Rationale=partial(score=0.41); ActionReason=optimize-existing; Signals=no-ranking-data
scholarships management software,50,Commercial,Application Management,https://omnipress.com/application-management/awards-management/,Partial,Optimize,Source=Expansion; Rationale=partial(score=0.41); ActionReason=optimize-existing; Signals=no-ranking-data
scholarships management system,50,Commercial,Application Management,https://omnipress.com/application-management/,Partial,Optimize,Source=Expansion; Rationale=partial(score=0.25); ActionReason=optimize-existing; Signals=no-ranking-data
spiral bound binder,50,Commercial,Print Specs/Bindery,https://omnipress.com/bindings-tabs-finishes/,Partial,Optimize,Source=Expansion; Rationale=partial(score=0.10); ActionReason=optimize-existing; Signals=no-ranking-data
staples bookbinding,50,Commercial,"BLOG-Print, Binding & Production Education",https://omnipress.com/blog/how-associations-can-use-ai-to-personalize-learning/,Partial,Optimize,Source=Expansion; Rationale=partial(score=0.10); ActionReason=optimize-existing; Signals=no-ranking-data
submission management system,50,Commercial,Conference Solutions,https://omnipress.com/conferences/abstract-management/request-for-demo/,Partial,Optimize,Source=Expansion; Rationale=partial(score=0.19); ActionReason=optimize-existing; Signals=no-ranking-data
symposium booklet,50,Commercial,"BLOG-Print, Binding & Production Education",https://omnipress.com/blog/tips-for-designing-an-inspiring-conference-program-booklet/,Partial,Optimize,Source=Expansion; Rationale=partial(score=0.16); ActionReason=optimize-existing; Signals=no-ranking-data
training manual printing services,50,Commercial,Training Solutions,https://omnipress.com/training/,Partial,Optimize,Source=SEMrush;GSC Query; Rationale=partial(score=0.30); ActionReason=optimize-existing; Signals=position=20;impressions=2673
training update,50,Commercial,"BLOG-Print, Binding & Production Education",https://omnipress.com/training/,Partial,Optimize,Source=SEMrush;GSC Query; Rationale=partial(score=0.28); ActionReason=optimize-existing; Signals=position=4;impressions=1306
abstract management software features,40,Commercial,Resources,https://omnipress.com/abstract-and-application-management/,Partial,Optimize,Source=Expansion; Rationale=partial(score=0.49); ActionReason=optimize-existing; Signals=no-ranking-data
adult learner characteristics,40,Commercial,BLOG-Association Learning & Professional Development,https://omnipress.com/blog/focus-12-traits-effective-adult-learning-infographic/,Partial,Optimize,Source=Expansion; Rationale=partial(score=0.17); ActionReason=optimize-existing; Signals=no-ranking-data
application management software for schools,40,Commercial,Application Management,https://omnipress.com/application-management/,Partial,Optimize,Source=Expansion; Rationale=partial(score=0.49); ActionReason=optimize-existing; Signals=no-ranking-data
application review software,40,Commercial,Resources,https://omnipress.com/abstract-and-application-management/,Partial,Optimize,Source=Expansion; Rationale=partial(score=0.36); ActionReason=optimize-existing; Signals=no-ranking-data
association content strategy,40,Commercial,BLOG-SEO & Content Strategy for Associations,https://omnipress.com/blog/the-impact-of-ai-on-association-educational-content/,Partial,Optimize,Source=Expansion; Rationale=partial(score=0.32); ActionReason=optimize-existing; Signals=no-ranking-data
best awards management software,40,Commercial,Application Management,https://omnipress.com/application-management/awards-management/,Partial,Optimize,Source=Expansion; Rationale=partial(score=0.56); ActionReason=optimize-existing; Signals=no-ranking-data
best printer for book binding,40,Commercial,Print Specs/Bindery,https://omnipress.com/blog/book-binding-101-conference-materials-educational-publications/,Partial,Optimize,Source=Expansion; Rationale=partial(score=0.19); ActionReason=optimize-existing; Signals=no-ranking-data
best software for handling multiple award entries and judging criteria,40,Commercial,Application Management,https://omnipress.com/application-management/awards-management/,Partial,Optimize,Source=Expansion; Rationale=partial(score=0.17); ActionReason=optimize-existing; Signals=no-ranking-data
bind sheets,40,Commercial,"BLOG-Print, Binding & Production Education",https://omnipress.com/blog/how-associations-can-use-ai-to-personalize-learning/,Partial,Optimize,Source=Expansion; Rationale=partial(score=0.10); ActionReason=optimize-existing; Signals=no-ranking-data
binded notes,40,Commercial,"BLOG-Print, Binding & Production Education",https://omnipress.com/blog/how-associations-can-use-ai-to-personalize-learning/,Partial,Optimize,Source=Expansion; Rationale=partial(score=0.10); ActionReason=optimize-existing; Signals=no-ranking-data
binding options for printing,40,Commercial,Print Specs/Bindery,https://omnipress.com/bindings-tabs-finishes/,Partial,Optimize,Source=Expansion; Rationale=partial(score=0.39); ActionReason=optimize-existing; Signals=no-ranking-data
booklet with tabs,40,Commercial,Print Specs/Bindery,https://omnipress.com/bindings-tabs-finishes/,Partial,Optimize,Source=SEMrush;GSC Query; Rationale=partial(score=0.21); ActionReason=optimize-existing; Signals=position=1;impressions=398
books binding,40,Commercial,"BLOG-Print, Binding & Production Education",https://omnipress.com/blog/book-binding-101-conference-materials-educational-publications/,Partial,Optimize,Source=Expansion; Rationale=partial(score=0.21); ActionReason=optimize-existing; Signals=no-ranking-data
characteristic of an adult learner,40,Commercial,BLOG-Association Learning & Professional Development,https://omnipress.com/blog/focus-12-traits-effective-adult-learning-infographic/,Partial,Optimize,Source=SEMrush; Rationale=partial(score=0.17); ActionReason=optimize-existing; Signals=position=12
characteristics of adult learning,40,Commercial,BLOG-Association Learning & Professional Development,https://omnipress.com/blog/focus-12-traits-effective-adult-learning-infographic/,Partial,Optimize,Source=Expansion; Rationale=partial(score=0.27); ActionReason=optimize-existing; Signals=no-ranking-data
custom book tabs,40,Commercial,Print Specs/Bindery,https://omnipress.com/bindings-tabs-finishes/request-for-information/,Partial,Optimize,Source=Expansion; Rationale=partial(score=0.20); ActionReason=optimize-existing; Signals=no-ranking-data
customizable book tabs,40,Commercial,Print Specs/Bindery,https://omnipress.com/bindings-tabs-finishes/request-for-information/,Partial,Optimize,Source=Expansion; Rationale=partial(score=0.20); ActionReason=optimize-existing; Signals=no-ranking-data
education printing services,40,Commercial,Training Solutions,https://omnipress.com/publications/publication-printing/,Partial,Optimize,Source=Expansion; Rationale=partial(score=0.17); ActionReason=optimize-existing; Signals=no-ranking-data
educational kitting fulfillment new york city,40,Commercial,Training Solutions,https://omnipress.com/training/fulfillment/request-for-quote/,Partial,Optimize,Source=Expansion; Rationale=partial(score=0.17); ActionReason=optimize-existing; Signals=no-ranking-data
educational print fulfillment houston tx,40,Commercial,Training Solutions,https://omnipress.com/blog/what-is-print-and-fulfillment/,Partial,Optimize,Source=Expansion; Rationale=partial(score=0.22); ActionReason=optimize-existing; Signals=no-ranking-data
event papers,40,Commercial,Conference Solutions,https://omnipress.com/conferences/,Partial,Optimize,Source=Expansion; Rationale=partial(score=0.14); ActionReason=optimize-existing; Signals=no-ranking-data
fast printing training manuals with tabs calgary alberta,40,Commercial,Training Solutions,https://omnipress.com/training/print-training-manuals/request-for-quote/,Partial,Optimize,Source=Expansion; Rationale=partial(score=0.23); ActionReason=optimize-existing; Signals=no-ranking-data
free abstract management software,40,Commercial,Conference Solutions,https://omnipress.com/abstract-and-application-management/,Partial,Optimize,Source=Expansion; Rationale=partial(score=0.40); ActionReason=optimize-existing; Signals=no-ranking-data
free awards management software,40,Commercial,Application Management,https://omnipress.com/application-management/awards-management/,Partial,Optimize,Source=SEMrush;GSC Query; Rationale=partial(score=0.56); ActionReason=optimize-existing; Signals=position=7;impressions=573
gated content vs ungated content,40,Commercial,BLOG-SEO & Content Strategy for Associations,https://omnipress.com/blog/gated-vs-ungated-content-finding-the-right-balance-for-associations/,Partial,Optimize,Source=Expansion; Rationale=partial(score=0.44); ActionReason=optimize-existing; Signals=no-ranking-data
how to create engaging training material,40,Commercial,"BLOG-Print, Binding & Production Education",https://omnipress.com/training/,Partial,Optimize,Source=Expansion; Rationale=partial(score=0.20); ActionReason=optimize-existing; Signals=no-ranking-data
how to print a program booklet,40,Commercial,Conference Solutions,https://omnipress.com/blog/tips-for-designing-an-inspiring-conference-program-booklet/,Partial,Optimize,Source=Expansion; Rationale=partial(score=0.14); ActionReason=optimize-existing; Signals=no-ranking-data
inexpensive book binding,40,Commercial,"BLOG-Print, Binding & Production Education",https://omnipress.com/blog/book-binding-101-conference-materials-educational-publications/,Partial,Optimize,Source=Expansion; Rationale=partial(score=0.32); ActionReason=optimize-existing; Signals=no-ranking-data
management system conference,40,Commercial,Conference Solutions,https://omnipress.com/conferences/,Partial,Optimize,Source=Expansion; Rationale=partial(score=0.25); ActionReason=optimize-existing; Signals=no-ranking-data
manual printing near me,40,Commercial,Training Solutions,https://omnipress.com/training/,Partial,Optimize,Source=Expansion; Rationale=partial(score=0.14); ActionReason=optimize-existing; Signals=no-ranking-data
mobile application for events,40,Commercial,Digital Products,https://omnipress.com/application-management/,Partial,Optimize,Source=Expansion; Rationale=partial(score=0.15); ActionReason=optimize-existing; Signals=no-ranking-data
printed programs,40,Commercial,Conference Solutions,https://omnipress.com/bindings-tabs-finishes/,Partial,Optimize,Source=Expansion; Rationale=partial(score=0.12); ActionReason=optimize-existing; Signals=no-ranking-data
printed training materials,40,Commercial,"BLOG-Print, Binding & Production Education",https://omnipress.com/blog/are-printed-training-materials-still-relevant-in-an-elearning-world/,Exact,None,Source=SEMrush;GSC Query; Rationale=exact(score=0.59); ActionReason=none-strong-ranked; Signals=position=1;impressions=1501
publications fulfillment,40,Commercial,"BLOG-Print, Binding & Production Education",https://omnipress.com/blog/what-is-print-and-fulfillment/,Partial,Optimize,Source=SEMrush;GSC Query; Rationale=partial(score=0.26); ActionReason=optimize-existing; Signals=position=12;impressions=531
publications printing,40,Commercial,Publication Solutions,https://omnipress.com/publications/,Exact,None,Source=SEMrush;GSC Query; Rationale=exact(score=0.61); ActionReason=none-strong-ranked; Signals=position=4;impressions=700
scholarship administration software,40,Commercial,Application Management,https://omnipress.com/application-management/scholarship-management/,Partial,Optimize,Source=SEMrush;GSC Query; Rationale=partial(score=0.41); ActionReason=optimize-existing; Signals=position=6;impressions=593
scholarship management systems,40,Commercial,Application Management,https://omnipress.com/application-management/scholarship-management/,Partial,Optimize,Source=Expansion; Rationale=partial(score=0.41); ActionReason=optimize-existing; Signals=no-ranking-data
software program for scholarship management,40,Commercial,Application Management,https://omnipress.com/application-management/scholarship-management/,Partial,Optimize,Source=Expansion; Rationale=partial(score=0.56); ActionReason=optimize-existing; Signals=no-ranking-data
submissions management software,40,Commercial,Conference Solutions,https://omnipress.com/application-management/awards-management/,Partial,Optimize,Source=Expansion; Rationale=partial(score=0.31); ActionReason=optimize-existing; Signals=no-ranking-data
training manual print,40,Commercial,Training Solutions,https://omnipress.com/training/print-training-manuals/request-for-quote/,Partial,Optimize,Source=Expansion; Rationale=partial(score=0.31); ActionReason=optimize-existing; Signals=no-ranking-data
training manual printers,40,Commercial,Training Solutions,https://omnipress.com/training/,Partial,Optimize,Source=Expansion; Rationale=partial(score=0.29); ActionReason=optimize-existing; Signals=no-ranking-data
training manuals printing spring,40,Commercial,Training Solutions,https://omnipress.com/training/,Partial,Optimize,Source=Expansion; Rationale=partial(score=0.30); ActionReason=optimize-existing; Signals=no-ranking-data
ungated content,40,Commercial,BLOG-SEO & Content Strategy for Associations,https://omnipress.com/blog/gated-vs-ungated-content-finding-the-right-balance-for-associations/,Exact,Optimize,Source=Expansion; Rationale=exact(score=0.47); ActionReason=optimize-existing; Signals=no-ranking-data
what adult learning,40,Commercial,BLOG-Association Learning & Professional Development,https://omnipress.com/blog/focus-12-traits-effective-adult-learning-infographic/,Exact,Optimize,Source=Expansion; Rationale=exact(score=0.49); ActionReason=optimize-existing; Signals=no-ranking-data
what is abstract fee,40,Informational,BLOG-Abstract Management Education,https://omnipress.com/blog/beginners-guide-to-abstract-management/,Partial,Optimize,Source=SEMrush; Rationale=partial(score=0.21); ActionReason=optimize-existing; Signals=position=16
abstract management platform,30,Commercial,BLOG-Abstract Management Education,https://omnipress.com/blog/beginners-guide-to-abstract-management/,Partial,Optimize,Source=SEMrush;GSC Query; Rationale=partial(score=0.32); ActionReason=optimize-existing; Signals=position=54;impressions=1005
abstractmanagement,30,Informational,BLOG-Abstract Management Education,https://omnipress.com/blog/5-must-know-tips-for-choosing-the-right-abstract-management-system/,Partial,Optimize,Source=Expansion; Rationale=partial(score=0.10); ActionReason=optimize-existing; Signals=no-ranking-data
application for management,30,Commercial,Resources,https://omnipress.com/application-management/,Exact,Optimize,Source=Expansion; Rationale=exact(score=0.75); ActionReason=optimize-existing; Signals=no-ranking-data
bind loose leaf textbook,30,Commercial,"BLOG-Print, Binding & Production Education",https://omnipress.com/blog/how-associations-can-use-ai-to-personalize-learning/,Partial,Optimize,Source=Expansion; Rationale=partial(score=0.10); ActionReason=optimize-existing; Signals=no-ranking-data
binding a loose leaf textbook,30,Commercial,"BLOG-Print, Binding & Production Education",https://omnipress.com/blog/book-binding-101-conference-materials-educational-publications/,Partial,Optimize,Source=Expansion; Rationale=partial(score=0.18); ActionReason=optimize-existing; Signals=no-ranking-data
booklet conference,30,Commercial,BLOG-Conference/Event Strategy,https://omnipress.com/conferences/,Partial,Optimize,Source=Expansion; Rationale=partial(score=0.19); ActionReason=optimize-existing; Signals=no-ranking-data
cheap manual printing,30,Commercial,Training Solutions,https://omnipress.com/training/,Partial,Optimize,Source=Expansion; Rationale=partial(score=0.14); ActionReason=optimize-existing; Signals=no-ranking-data
cheapest way to print a manual,30,Commercial,Training Solutions,https://omnipress.com/training/print-k-12-course-materials/,Partial,Optimize,Source=Expansion; Rationale=partial(score=0.18); ActionReason=optimize-existing; Signals=no-ranking-data
convention apps,30,Commercial,Digital Products,https://omnipress.com/conferences/digital-conference-flipbook/,Partial,Optimize,Source=Expansion; Rationale=partial(score=0.10); ActionReason=optimize-existing; Signals=no-ranking-data
digital program book,30,Commercial,BLOG-Conference/Event Strategy,https://omnipress.com/blog/tips-for-designing-an-inspiring-conference-program-booklet/,Partial,Optimize,Source=SEMrush;GSC Query; Rationale=partial(score=0.19); ActionReason=optimize-existing; Signals=position=28;impressions=134
event print,30,Commercial,Conference Solutions,https://omnipress.com/blog/what-is-print-and-fulfillment/,Partial,Optimize,Source=Expansion; Rationale=partial(score=0.16); ActionReason=optimize-existing; Signals=no-ranking-data
grants management system software,30,Commercial,Application Management,https://omnipress.com/application-management/grants-management/,Partial,Optimize,Source=Expansion; Rationale=partial(score=0.56); ActionReason=optimize-existing; Signals=no-ranking-data
how to get a journal printed,30,Commercial,Publication Solutions,https://omnipress.com/publications/publication-printing/,Partial,Optimize,Source=Expansion; Rationale=partial(score=0.23); ActionReason=optimize-existing; Signals=no-ranking-data
manual printers,30,Commercial,Training Solutions,https://omnipress.com/training/,Partial,Optimize,Source=Expansion; Rationale=partial(score=0.10); ActionReason=optimize-existing; Signals=no-ranking-data
manual printing and binding,30,Commercial,Training Solutions,https://omnipress.com/training/,Partial,Optimize,Source=Expansion; Rationale=partial(score=0.14); ActionReason=optimize-existing; Signals=no-ranking-data
manual printing service,30,Commercial,Training Solutions,https://omnipress.com/training/,Partial,Optimize,Source=Expansion; Rationale=partial(score=0.14); ActionReason=optimize-existing; Signals=no-ranking-data
materials needed for bookbinding,30,Commercial,"BLOG-Print, Binding & Production Education",https://omnipress.com/blog/book-binding-101-conference-materials-educational-publications/,Partial,Optimize,Source=Expansion; Rationale=partial(score=0.20); ActionReason=optimize-existing; Signals=no-ranking-data
online application systems,30,Commercial,Resources,https://omnipress.com/abstract-and-application-management/,Partial,Optimize,Source=Expansion; Rationale=partial(score=0.23); ActionReason=optimize-existing; Signals=no-ranking-data
online manual printing,30,Commercial,Training Solutions,https://omnipress.com/training/,Partial,Optimize,Source=Expansion; Rationale=partial(score=0.14); ActionReason=optimize-existing; Signals=no-ranking-data
online presentation printing,30,Commercial,Conference Solutions,https://omnipress.com/conferences/conference-printing/request-for-quote/,Partial,Optimize,Source=Expansion; Rationale=partial(score=0.19); ActionReason=optimize-existing; Signals=no-ranking-data
paper binding options,30,Commercial,Print Specs/Bindery,https://omnipress.com/bindings-tabs-finishes/,Partial,Optimize,Source=Expansion; Rationale=partial(score=0.34); ActionReason=optimize-existing; Signals=no-ranking-data
print a manual,30,Commercial,Training Solutions,https://omnipress.com/training/print-k-12-course-materials/,Partial,Optimize,Source=Expansion; Rationale=partial(score=0.21); ActionReason=optimize-existing; Signals=no-ranking-data
print and fulfillment services,30,Commercial,Print & Fulfillment,https://omnipress.com/print-and-fulfillment-services/,Exact,Optimize,Source=Expansion; Rationale=exact(score=0.94); ActionReason=optimize-existing; Signals=no-ranking-data
print manuals online,30,Commercial,Training Solutions,https://omnipress.com/training/print-training-manuals/request-for-quote/,Partial,Optimize,Source=Expansion; Rationale=partial(score=0.31); ActionReason=optimize-existing; Signals=no-ranking-data
print training manuals,30,Commercial,"BLOG-Print, Binding & Production Education",https://omnipress.com/training/print-training-manuals/request-for-quote/,Exact,Optimize,Source=Expansion; Rationale=exact(score=0.58); ActionReason=optimize-existing; Signals=no-ranking-data
printed tabs,30,Commercial,Print Specs/Bindery,https://omnipress.com/bindings-tabs-finishes/,Partial,Optimize,Source=Expansion; Rationale=partial(score=0.24); ActionReason=optimize-existing; Signals=no-ranking-data
printing a manual,30,Commercial,Training Solutions,https://omnipress.com/publications/publication-printing/,Partial,Optimize,Source=Expansion; Rationale=partial(score=0.15); ActionReason=optimize-existing; Signals=no-ranking-data
printing and publishing mailing list,30,Commercial,Publication Solutions,https://omnipress.com/publications/publication-printing/,Partial,Optimize,Source=Expansion; Rationale=partial(score=0.21); ActionReason=optimize-existing; Signals=no-ranking-data
printing conference,30,Commercial,Conference Solutions,https://omnipress.com/conferences/conference-printing/request-for-quote/,Partial,Optimize,Source=Expansion; Rationale=partial(score=0.35); ActionReason=optimize-existing; Signals=no-ranking-data
printing manual,30,Commercial,Training Solutions,https://omnipress.com/publications/publication-printing/,Partial,Optimize,Source=Expansion; Rationale=partial(score=0.15); ActionReason=optimize-existing; Signals=no-ranking-data
printing publishing,30,Commercial,Publication Solutions,https://omnipress.com/publications/publication-printing/,Partial,Optimize,Source=Expansion; Rationale=partial(score=0.25); ActionReason=optimize-existing; Signals=no-ranking-data
professional book binders,30,Commercial,Print Specs/Bindery,https://omnipress.com/bindings-tabs-finishes/,Partial,Optimize,Source=Expansion; Rationale=partial(score=0.10); ActionReason=optimize-existing; Signals=no-ranking-data
spiral bound book printing services,30,Commercial,Print Specs/Bindery,https://omnipress.com/bindings-tabs-finishes/,Partial,Optimize,Source=Expansion; Rationale=partial(score=0.15); ActionReason=optimize-existing; Signals=no-ranking-data
training manuals printing,30,Commercial,Training Solutions,https://omnipress.com/training/,Partial,Optimize,Source=Expansion; Rationale=partial(score=0.35); ActionReason=optimize-existing; Signals=no-ranking-data
virtual conferences platforms,30,Commercial,Digital Products,https://omnipress.com/conferences/virtual-conference-event-platform/,Partial,Optimize,Source=Expansion; Rationale=partial(score=0.29); ActionReason=optimize-existing; Signals=no-ranking-data
vistaprint binding,30,Commercial,Print Specs/Bindery,https://omnipress.com/bindings-tabs-finishes/,Partial,Optimize,Source=Expansion; Rationale=partial(score=0.22); ActionReason=optimize-existing; Signals=no-ranking-data
where to print journals,30,Commercial,Publication Solutions,https://omnipress.com/blog/what-is-print-and-fulfillment/,Partial,Optimize,Source=Expansion; Rationale=partial(score=0.16); ActionReason=optimize-existing; Signals=no-ranking-data
abstract management call for papers pro tips,0,Informational,BLOG-Abstract Management Education,https://omnipress.com/blog/abstract-management-call-for-papers-pro-tips/,Exact,Optimize,Source=Seed; Rationale=exact(score=0.81); ActionReason=optimize-existing; Signals=no-ranking-data; ZeroVolume=Essential cluster-completeness term
aota builds strong relationships with young professionals,0,Commercial,BLOG-Association Learning & Professional Development,https://omnipress.com/blog/association-profile-aota-building-strong-relationships-young-professionals/,Exact,Optimize,Source=Seed; Rationale=exact(score=0.96); ActionReason=optimize-existing; Signals=no-ranking-data; ZeroVolume=Essential cluster-completeness term
applying micro learning concepts printed course materials,0,Commercial,"BLOG-Print, Binding & Production Education",https://omnipress.com/blog/applying-micro-learning-concepts-printed-course-materials/,Exact,Optimize,Source=Seed; Rationale=exact(score=0.79); ActionReason=optimize-existing; Signals=no-ranking-data; ZeroVolume=Essential cluster-completeness term
associations can improve professional development,0,Commercial,BLOG-Association Learning & Professional Development,https://omnipress.com/blog/bridging-the-gap-how-associations-can-reimagine-professional-development/,Exact,Optimize,Source=Seed; Rationale=exact(score=0.78); ActionReason=optimize-existing; Signals=no-ranking-data; ZeroVolume=Essential cluster-completeness term
associations can repurpose content to save time,0,Commercial,BLOG-Association Learning & Professional Development,https://omnipress.com/blog/how-associations-can-repurpose-content-to-save-time/,Exact,Optimize,Source=Seed; Rationale=exact(score=0.90); ActionReason=optimize-existing; Signals=no-ranking-data; ZeroVolume=Essential cluster-completeness term
associations can use ai to personalize learning,0,Commercial,BLOG-AI & Learning Technology,https://omnipress.com/blog/how-associations-can-use-ai-to-personalize-learning/,Exact,Optimize,Source=Seed; Rationale=exact(score=0.80); ActionReason=optimize-existing; Signals=no-ranking-data; ZeroVolume=Essential cluster-completeness term
awards program content engages members year round,0,Commercial,BLOG-General Blog,https://omnipress.com/blog/awards-program-content-engages-members-year-round/,Exact,Optimize,Source=Seed; Rationale=exact(score=0.89); ActionReason=optimize-existing; Signals=no-ranking-data; ZeroVolume=Essential cluster-completeness term
blog - omnipress,0,Navigational,BLOG-General Blog,https://omnipress.com/blog/,Exact,Optimize,Source=Seed; Rationale=exact(score=1.00); ActionReason=optimize-existing; Signals=no-ranking-data; ZeroVolume=Essential cluster-completeness term
choose print fulfillment partner,0,Commercial,"BLOG-Print, Binding & Production Education",https://omnipress.com/blog/how-to-choose-print-fulfillment-partner/,Exact,Optimize,Source=Seed; Rationale=exact(score=0.73); ActionReason=optimize-existing; Signals=no-ranking-data; ZeroVolume=Essential cluster-completeness term
design materials that make learning stick,0,Commercial,BLOG-Association Learning & Professional Development,https://omnipress.com/blog/how-to-design-materials-that-make-learning-stick/,Exact,Optimize,Source=Seed; Rationale=exact(score=0.90); ActionReason=optimize-existing; Signals=no-ranking-data; ZeroVolume=Essential cluster-completeness term
digital products,0,Commercial,Digital Products,https://omnipress.com/digital-products/,Exact,Optimize,Source=Seed; Rationale=exact(score=0.79); ActionReason=optimize-existing; Signals=no-ranking-data; ZeroVolume=Essential cluster-completeness term
digital publications,0,Commercial,Publication Solutions,https://omnipress.com/publications/digital-publications/,Exact,Optimize,Source=Seed; Rationale=exact(score=0.70); ActionReason=optimize-existing; Signals=no-ranking-data; ZeroVolume=Essential cluster-completeness term
fast data educational programs agile,0,Commercial,BLOG-AI & Learning Technology,https://omnipress.com/blog/fast-data-educational-programs-agile/,Exact,Optimize,Source=Seed; Rationale=exact(score=0.81); ActionReason=optimize-existing; Signals=no-ranking-data; ZeroVolume=Essential cluster-completeness term
future continuing education k 12 classroom,0,Commercial,BLOG-Association Learning & Professional Development,https://omnipress.com/blog/future-continuing-education-k-12-classroom/,Exact,Optimize,Source=Seed; Rationale=exact(score=0.81); ActionReason=optimize-existing; Signals=no-ranking-data; ZeroVolume=Essential cluster-completeness term
member publications printing & digital services,0,Commercial,Publication Solutions,https://omnipress.com/publications/,Exact,Optimize,Source=Seed; Rationale=exact(score=0.69); ActionReason=optimize-existing; Signals=no-ranking-data; ZeroVolume=Essential cluster-completeness term
repurpose conference content for year round engagement,0,Commercial,BLOG-Conference/Event Strategy,https://omnipress.com/blog/how-to-repurpose-conference-content-for-year-round-engagement/,Exact,Optimize,Source=Seed; Rationale=exact(score=0.84); ActionReason=optimize-existing; Signals=no-ranking-data; ZeroVolume=Essential cluster-completeness term
selecting mobile event app conference,0,Commercial,BLOG-Conference/Event Strategy,https://omnipress.com/blog/selecting-mobile-event-app-conference/,Exact,Optimize,Source=Seed; Rationale=exact(score=0.68); ActionReason=optimize-existing; Signals=no-ranking-data; ZeroVolume=Essential cluster-completeness term
training materials handwritten engagement,0,Commercial,BLOG-Association Learning & Professional Development,https://omnipress.com/blog/training-materials-handwritten-engagement/,Exact,Optimize,Source=Seed; Rationale=exact(score=0.75); ActionReason=optimize-existing; Signals=no-ranking-data; ZeroVolume=Essential cluster-completeness term
