Map ID,Content Phase,Content Category,Content Type,Content Role,Page Title Structure,Idealized URL,Target Seed Keyword,Existing Client URL,Gap Status,Notes,Keyword Intent,AI Overview,MSV
1,Phase 02,Core Content Pages,Home Page,Home Page,{Brand},/,{brand},https://tdefamilylaw.com/,MAPPED,Homepage exists,N/A,N/A,N/A
2,Phase 03,Core Content Pages,Individual Service Pages,Divorce,Divorce in Georgia,.com/georgia/divorce/,divorce in Georgia,https://tdefamilylaw.com/family-law/divorce/,MAPPED,URL structure differs from ideal - currently under /family-law/,Research,Yes,2900
3,Phase 03,Core Content Pages,Individual Service Pages,Child Custody,Child Custody in Georgia,.com/georgia/child-custody/,child custody in Georgia,https://tdefamilylaw.com/family-law/child-custody-lawyer/,MAPPED,URL structure differs from ideal,Research,Yes,50
4,Phase 03,Core Content Pages,Individual Service Pages,Child Support,Child Support in Georgia,.com/georgia/child-support/,child support in Georgia,,GAP - MISSING,No dedicated child support service page exists,Research,Yes,260
5,Phase 03,Core Content Pages,Individual Service Pages,Alimony,Alimony in Georgia,.com/georgia/alimony/,alimony in Georgia,https://tdefamilylaw.com/family-law/alimony-spousal-support/,MAPPED,Combined with spousal support,Research,Yes,390
6,Phase 03,Core Content Pages,Individual Service Pages,Property Division,Property Division in Georgia,.com/georgia/property-division/,property division in Georgia,https://tdefamilylaw.com/family-law/property-division-enforcement/,PARTIAL,Only enforcement page exists - need main property division page,Research,Yes,N/A
7,Phase 03,Core Content Pages,Individual Service Pages,Paternity,Paternity in Georgia,.com/georgia/paternity/,paternity in Georgia,https://tdefamilylaw.com/family-law/paternity-lawyer-in-atlanta/,MAPPED,Location-specific (Atlanta) vs state-level,Research,Yes,N/A
8,Phase 03,Core Content Pages,Individual Service Pages,Guardianship,Guardianship in Georgia,.com/georgia/guardianship/,guardianship in Georgia,,GAP - MISSING,No dedicated guardianship service page,Research,Yes,260
9,Phase 03,Core Content Pages,Individual Service Pages,Adoption,Adoption in Georgia,.com/georgia/adoption/,adoption in Georgia,,GAP - MISSING,No dedicated adoption service page,Research,Yes,720
10,Phase 03,Core Content Pages,Individual Service Pages,Pre/Postnup,Prenuptial & Postnuptial Agreements in Georgia,.com/georgia/prenup-postnup/,prenuptial agreements Georgia,https://tdefamilylaw.com/family-law/prenuptial-agreement-atlanta/,PARTIAL,Only prenup page exists - need combined prenup/postnup hub,Research,Yes,0
11,Phase 01,Core Content Pages,Location Pages,Location Hub,TDE Law Georgia Family Law Office Locations,.com/georgia/locations/,TDE Law office locations Georgia,,GAP - MISSING,No location hub page,Purchase,No,N/A
12,Phase 01,Core Content Pages,Location Pages,Individual Location Pages,Atlanta Divorce & Family Lawyers,.com/georgia/locations/atlanta/,Atlanta divorce lawyers,https://tdefamilylaw.com/atlanta-attorneys/,PARTIAL,Attorney page exists but not as location page format,Purchase,No,720
13,Phase 01,Core Content Pages,Location Pages,Individual Location Pages,Gwinnett Divorce & Family Lawyers,.com/georgia/locations/gwinnett/,Gwinnett divorce lawyers,https://tdefamilylaw.com/gwinnett-divorce-attorney/,MAPPED,Gwinnett location page exists,N/A,N/A,0
14,Phase 02,Core Content Pages,Attorney Pages,Attorney Hub,Georgia Attorneys,.com/georgia/attorneys/,Georgia attorneys,https://tdefamilylaw.com/atlanta-attorneys/,MAPPED,Attorney hub exists,Purchase,No,320
15,Phase 02,Core Content Pages,Attorney Pages,Individual Attorney Pages,Attorney Tessie D. Edwards,.com/georgia/attorneys/tessie-edwards/,attorney Tessie D. Edwards,https://tdefamilylaw.com/tessie-d-edwards/,MAPPED,Founder bio exists,N/A,N/A,N/A
16,Phase 02,Core Content Pages,Attorney Pages,Individual Attorney Pages,Attorney Lolita K. Beyah,.com/georgia/attorneys/lolita-beyah/,attorney Lolita K. Beyah,https://tdefamilylaw.com/atlanta-attorneys/lolita-k-beyah/,MAPPED,Attorney bio exists,N/A,N/A,N/A
17,Phase 02,Core Content Pages,Attorney Pages,Individual Attorney Pages,Attorney John Evans,.com/georgia/attorneys/john-evans/,attorney John Evans,https://tdefamilylaw.com/atlanta-attorneys/john-evans/,MAPPED,Attorney bio exists,N/A,N/A,0
18,Phase 02,Core Content Pages,Attorney Pages,Individual Attorney Pages,Attorney Barry Eidex,.com/georgia/attorneys/barry-eidex/,attorney Barry Eidex,https://tdefamilylaw.com/atlanta-attorneys/barry-eidex/,MAPPED,Attorney bio exists,N/A,N/A,N/A
19,Phase 02,Core Content Pages,Attorney Pages,Individual Attorney Pages,Attorney McCoy G. Martinez,.com/georgia/attorneys/mccoy-martinez/,attorney McCoy G. Martinez,https://tdefamilylaw.com/atlanta-attorneys/mccoy-g-martinez/,MAPPED,Attorney bio exists,N/A,N/A,N/A
20,Phase 02,Core Content Pages,Attorney Pages,Individual Attorney Pages,Attorney Vernon Foley,.com/georgia/attorneys/vernon-foley/,attorney Vernon Foley,https://tdefamilylaw.com/atlanta-attorneys/vernon-foley/,MAPPED,Attorney bio exists,N/A,N/A,N/A
21,Phase 04,Supporting Content,Divorce Supporting Content,Procedure Content,Filing for Divorce in Georgia,.com/georgia/divorce/filing-for-divorce/,how to file for divorce in Georgia,,GAP - MISSING,Content gap,Research,Yes,480
22,Phase 04,Supporting Content,Divorce Supporting Content,Procedure Content,Annulment in Georgia,.com/georgia/divorce/annulment/,annulment Georgia,,GAP - MISSING,Content gap,Research,Yes,70
23,Phase 04,Supporting Content,Divorce Supporting Content,Procedure Content,Legal Separation in Georgia,.com/georgia/divorce/legal-separation/,legal separation Georgia,https://tdefamilylaw.com/family-law/legal-separation/,MAPPED,Page exists,Research,Yes,210
24,Phase 04,Supporting Content,Divorce Supporting Content,Procedure Content,Divorce Mediation in Georgia,.com/georgia/divorce/mediation/,divorce mediation Georgia,https://tdefamilylaw.com/family-law/mediation-or-litigation-guide/,PARTIAL,Guide exists but not dedicated mediation page,Purchase,Yes,90
25,Phase 04,Supporting Content,Divorce Supporting Content,Procedure Content,Uncontested Divorce in Georgia,.com/georgia/divorce/uncontested/,uncontested divorce Georgia,https://tdefamilylaw.com/family-law/uncontested-divorce-lawyer/,MAPPED,Page exists,Commercial,Yes,1000
26,Phase 06,Supporting Content,Divorce Supporting Content,Procedure Content,Contested Divorce in Georgia,.com/georgia/divorce/contested/,contested divorce Georgia,https://tdefamilylaw.com/family-law/contested-divorce-lawyer/,MAPPED,Page exists,Commercial,Yes,30
27,Phase 04,Supporting Content,Divorce Supporting Content,Situational Content,How Much Does A Divorce Cost In Georgia,.com/georgia/divorce/divorce-costs/,cost of divorce in Georgia,,GAP - MISSING,Content gap,Research,Yes,90
28,Phase 04,Supporting Content,Divorce Supporting Content,Situational Content,How Long Does A Divorce Take In Georgia,.com/georgia/divorce/process-duration/,how long does a divorce take in Georgia,,GAP - MISSING,Content gap,Research,Yes,110
29,Phase 04,Supporting Content,Divorce Supporting Content,Situational Content,Divorce and Child Custody in Georgia,.com/georgia/divorce/child-custody/,child custody and divorce Georgia,,GAP - MISSING,Content gap,Commercial,Yes,N/A
30,Phase 06,Supporting Content,Divorce Supporting Content,Situational Content,Divorcing a Narcissist in Georgia,.com/georgia/divorce/narcissist/,divorcing a narcissist Georgia,https://tdefamilylaw.com/family-law/divorcing-a-narcissist/,MAPPED,Page exists,Research,Yes,N/A
31,Phase 04,Supporting Content,Divorce Supporting Content,Legal Description Content,Divorce Laws In Georgia,.com/georgia/divorce/laws/,Georgia divorce laws,,GAP - MISSING,Content gap,Research,Yes,1900
32,Phase 04,Supporting Content,Divorce Supporting Content,Legal Description Content,Grounds For Divorce In Georgia,.com/georgia/divorce-grounds/,grounds for divorce in Georgia,https://tdefamilylaw.com/what-are-the-grounds-for-divorce-in-in-georgia/,MAPPED,Blog post exists,Research,Yes,210
33,Phase 04,Supporting Content,Divorce Supporting Content,Legal Description Content,Domestic Violence & Protective Orders in Georgia,.com/georgia/domestic-violence/protective-orders/,protective order Georgia,https://tdefamilylaw.com/temporary-protective-orders-tpo-emergency-orders-lawyer-in-atlanta/,MAPPED,TPO page exists,Commercial,Yes,390
34,Phase 06,Supporting Content,Child Custody Supporting Content,Procedure Content,Child Custody Modification in Georgia,.com/georgia/child-custody/modification/,child custody modification Georgia,https://tdefamilylaw.com/family-law/custody-modification-lawyer/,MAPPED,Page exists,Commercial,Yes,30
35,Phase 04,Supporting Content,Child Custody Supporting Content,Legal Description Content,Child Custody Laws in Georgia,.com/georgia/child-custody/laws/,Georgia child custody laws,https://tdefamilylaw.com/how-child-custody-is-determined-in-georgia/,PARTIAL,Blog content exists but not dedicated laws page,Research,Yes,70
36,Phase 04,Supporting Content,Child Custody Supporting Content,Legal Description Content,At What Age Can a Child Choose Which Parent to Live With in Georgia,.com/georgia/child-custody/child-preference-age/,what age can a child choose parent in Georgia,,GAP - MISSING,Content gap,Research,Yes,N/A
37,Phase 04,Supporting Content,Child Custody Supporting Content,Legal Description Content,Sole Custody in Georgia,.com/georgia/child-custody/sole-custody/,sole custody Georgia,,GAP - MISSING,Content gap,Research,Yes,10
38,Phase 04,Supporting Content,Child Custody Supporting Content,Legal Description Content,Full Custody in Georgia,.com/georgia/child-custody/full-custody/,full custody Georgia,,GAP - MISSING,Content gap,Research,Yes,10
39,Phase 06,Supporting Content,Child Custody Supporting Content,Legal Description Content,Visitation Rights for Grandparents & Third Parties in Georgia,.com/georgia/child-custody/grandparent-third-party-visitation/,grandparents visitation rights Georgia,https://tdefamilylaw.com/family-law/grandparents-rights-lawyer/,MAPPED,Grandparents rights page exists,Research,Yes,20
40,Phase 04,Supporting Content,Child Support Supporting Content,Procedure Content,Child Support Modification in Georgia,.com/georgia/child-support/modification/,child support modification Georgia,https://tdefamilylaw.com/family-law/child-support-modification/,MAPPED,Page exists,Commercial,Yes,70
41,Phase 04,Supporting Content,Child Support Supporting Content,Procedure Content,Child Support Termination in Georgia,.com/georgia/child-support/termination/,when does child support end in Georgia,https://tdefamilylaw.com/how-long-is-child-support-required-to-be-paid-in-georgia/,MAPPED,Blog content covers this,Research,Yes,70
42,Phase 04,Supporting Content,Child Support Supporting Content,Procedure Content,Petition for Child Support in Georgia,.com/georgia/child-support/how-to-file/,how to file for child support in Georgia,,GAP - MISSING,Content gap,Research,Yes,210
43,Phase 04,Supporting Content,Child Support Supporting Content,Legal Description Content,When Does Child Support End,.com/georgia/child-support/support-end-age/,when does child support end,https://tdefamilylaw.com/how-long-is-child-support-required-to-be-paid-in-georgia/,MAPPED,Blog content exists,Research,Yes,320
44,Phase 04,Supporting Content,Child Support Supporting Content,Legal Description Content,Georgia Child Support Laws,.com/georgia/child-support/laws/,Georgia child support laws,,GAP - MISSING,Content gap,Research,Yes,320
45,Phase 03,Tools / Resources Pages,Child Support Supporting Content,Child Support Calculator,Georgia Child Support Calculator,.com/georgia/child-support/calculator/,Georgia child support calculator,,GAP - MISSING,Tool gap,Commercial,Yes,2900
46,Phase 04,Supporting Content,Alimony Supporting Content,Legal Description Content,Georgia Alimony Laws,.com/georgia/alimony/laws/,Georgia alimony laws,https://tdefamilylaw.com/what-is-alimony-and-how-is-it-determined-in-georgia/,PARTIAL,Blog content but not dedicated laws page,Research,Yes,210
47,Phase 03,Tools / Resources Pages,Alimony Supporting Content,Alimony Calculator,Georgia Alimony Calculator,.com/georgia/alimony/calculator/,Georgia alimony calculator,,GAP - MISSING,Tool gap,Commercial,Yes,170
48,Phase 04,Supporting Content,Property Division Supporting Content,Legal Description Content,Property Division Laws in Georgia,.com/georgia/property-division/laws/,property division laws in Georgia,https://tdefamilylaw.com/what-is-marital-property-and-how-is-it-divided-in-a-divorce-in-georgia/,PARTIAL,Blog content exists,Research,Yes,N/A
49,Phase 04,Supporting Content,Property Division Supporting Content,Legal Description Content,Is Georgia A Community Property state,.com/georgia/property-division/community-property-state/,is Georgia a community property state,,GAP - MISSING,Content gap,Research,Yes,1300
50,Phase 08,Supporting Content,Property Division Supporting Content,Situational Content,Military Divorce & Property Division in Georgia,.com/georgia/property-division/military-divorce/,military divorce Georgia,,GAP - MISSING,Content gap,Commercial,Yes,50
51,Phase 09,Supporting Content,Property Division Supporting Content,Situational Content,High-Net-Worth Divorces in Georgia,.com/georgia/property-division/high-net-worth/,high net worth divorce Georgia,https://tdefamilylaw.com/family-law/high-asset-divorce/,MAPPED,High-asset divorce page exists,Commercial,Yes,N/A
52,Phase 04,Supporting Content,Paternity Supporting Content,Legal Description Content,Georgia Paternity Laws,.com/georgia/paternity/laws/,Georgia paternity laws,,GAP - MISSING,Content gap,Research,Yes,40
53,Phase 04,Supporting Content,Paternity Supporting Content,Legal Description Content,Fathers Rights in Georgia,.com/georgia/paternity/fathers-rights/,fathers rights in Georgia,https://tdefamilylaw.com/family-law/fathers-rights-lawyer/,MAPPED,Page exists,Commercial,Yes,110
54,Phase 06,Supporting Content,Adoption Supporting Content,Procedure Content,Adoption Process in Georgia,.com/georgia/adoption/process/,adoption process in Georgia,,GAP - MISSING,No adoption content exists,Research,Yes,90
55,Phase 04,Supporting Content,Adoption Supporting Content,Situational Content,Stepparent Adoption in Georgia,.com/georgia/adoption/stepparent/,stepparent adoption Georgia,,GAP - MISSING,Content gap,Commercial,Yes,70
56,Phase 04,Supporting Content,Adoption Supporting Content,Legal Description Content,Adoption Laws in Georgia,.com/georgia/adoption/laws/,Georgia adoption laws,,GAP - MISSING,Content gap,Research,Yes,110
57,Phase 02,Brand Content,Brand Supporting Content,Review Hub Page,Reviews | TDE Law,.com/georgia/reviews/,TDE Law reviews,https://tdefamilylaw.com/review/,MAPPED,Review page exists,Purchase,No,N/A
58,Phase 02,Brand Content,Brand Supporting Content,Blog Hub Page,Family Law Blog | TDE Law,.com/georgia/blog/,TDE Law family law blog,https://tdefamilylaw.com/blog/,MAPPED,Blog exists with multiple pages,Research,No,N/A
59,Phase 02,Brand Content,Brand Supporting Content,About / Firm Story,Our Story | TDE Law,.com/our-story/,TDE Law story,,GAP - MISSING,No About/Our Story page,,,N/A
60,Phase 02,Brand Content,Brand Supporting Content,Privacy Policy,Privacy Policy,.com/privacy-policy/,TDE Law privacy policy,https://tdefamilylaw.com/privacy-policy/,MAPPED,Privacy policy exists,,,N/A
61,Phase 02,Brand Content,Brand Supporting Content,Testimonials,Testimonials,.com/testimonials/,TDE Law testimonials,https://tdefamilylaw.com/testimonials/,MAPPED,Testimonials page exists,N/A,N/A,N/A
62,Phase 08,Supporting Content,Divorce Supporting Content,Procedure Content,Collaborative Divorce in Georgia,.com/georgia/divorce/collaborative/,collaborative divorce Georgia,,GAP - MISSING,Content gap,Commercial,Yes,20
63,Phase 09,Supporting Content,Divorce Supporting Content,Procedure Content,Default Divorce in Georgia,.com/georgia/divorce/default/,default divorce Georgia,,GAP - MISSING,Content gap,Research,Yes,20
64,Phase 04,Supporting Content,Divorce Supporting Content,Situational Content,Arbitration vs. Litigation,.com/georgia/divorce/arbitration-vs-litigation/,arbitration vs litigation,https://tdefamilylaw.com/family-law/mediation-or-litigation-guide/,PARTIAL,Mediation vs litigation covered - not arbitration,Research,Yes,1000
65,Phase 09,Supporting Content,Divorce Supporting Content,Situational Content,Dating Again After Divorce in Georgia,.com/georgia/divorce/dating-after/,dating after divorce Georgia,https://tdefamilylaw.com/dating-after-divorce-in-atlanta/,MAPPED,Blog post exists,Research,Yes,N/A
66,Phase 09,Supporting Content,Divorce Supporting Content,Situational Content,Gray Divorce: Considerations for Older Couples in Georgia,.com/georgia/divorce/gray-over-50/,gray divorce Georgia,https://tdefamilylaw.com/what-challenges-do-couples-over-50-face-when-divorcing/,MAPPED,Blog post covers gray divorce,Commercial,Yes,N/A
67,Phase 11,Supporting Content,Divorce Supporting Content,Situational Content,Social Media and Divorce in Georgia,.com/georgia/divorce/social-media/,social media and divorce Georgia,https://tdefamilylaw.com/the-role-of-social-media-in-divorce-proceedings-in-georgia/,MAPPED,Blog post exists,Research,Yes,N/A
68,Phase 09,Supporting Content,Divorce Supporting Content,Legal Description Content,Understanding Fault vs. No-Fault Divorce in Georgia,.com/georgia/divorce/no-fault-vs-fault/,fault vs no fault divorce Georgia,https://tdefamilylaw.com/no-fault-divorce/,PARTIAL,No-fault page exists but not comparison,Research,Yes,0
69,Phase 10,Supporting Content,Divorce Supporting Content,Legal Description Content,Legal Considerations for Same-Sex Divorce in Georgia,.com/georgia/divorce/same-sex-couples-lgbt/,same sex divorce Georgia,https://tdefamilylaw.com/family-law/lgbtq-divorce/,MAPPED,LGBTQ+ divorce page exists,Research,Yes,N/A
70,Phase 08,Supporting Content,Divorce Supporting Content,Legal Description Content,Tax Implications of Divorce in Georgia,.com/georgia/divorce/tax-implications/,divorce tax implications Georgia,https://tdefamilylaw.com/tax-consequences-in-high-asset-divorces-in-georgia/,PARTIAL,Only high-asset tax implications covered,Commercial,Yes,N/A
71,Phase 08,Supporting Content,Child Custody Supporting Content,Procedure Content,How to Prepare for a Child Custody Hearing,.com/georgia/child-custody/hearing-preparation/,how to prepare for child custody hearing,,GAP - MISSING,Content gap,Research,Yes,0
72,Phase 04,Supporting Content,Child Custody Supporting Content,Legal Description Content,Guardian Ad Litem in Georgia,.com/georgia/child-custody/role-guardian-ad-litem-gal/,guardian ad litem Georgia,,GAP - MISSING,Content gap,Commercial,Yes,320
73,Phase 04,Supporting Content,Child Custody Supporting Content,Legal Description Content,Determining the Best Interest of the Child in Georgia,.com/georgia/child-custody/best-interest-of-child/,best interest of the child Georgia,,GAP - MISSING,Content gap,Research,Yes,10
74,Phase 08,Supporting Content,Child Custody Supporting Content,Legal Description Content,Visitation Rights and Schedules in Georgia,.com/georgia/child-custody/visitation-rights-schedule-options/,child visitation schedule Georgia,https://tdefamilylaw.com/family-law/parental-visitation/,MAPPED,Parental visitation page exists,Research,Yes,0
75,Phase 06,Supporting Content,Child Custody Supporting Content,Legal Description Content,Legal Implications of Unmarried Parents Seeking Custody in Georgia,.com/georgia/child-custody/unmarried-parents-custody-rights/,unmarried parents custody rights Georgia,,GAP - MISSING,Content gap,Research,Yes,N/A
76,Phase 06,Supporting Content,Child Support Supporting Content,Situational Content,Understanding Wage Garnishment for Child Support in Georgia,.com/georgia/child-support/wage-garnishments/,wage garnishment child support Georgia,,GAP - MISSING,Content gap,Commercial,Yes,N/A
77,Phase 06,Supporting Content,Child Support Supporting Content,Legal Description Content,Overview of Child Support Arrears and Penalties in Georgia,.com/georgia/child-support/arrears-penalties/,child support arrears Georgia,,GAP - MISSING,Content gap,Commercial,Yes,20
78,Phase 08,Supporting Content,Guardianship Supporting Content,Procedure Content,Petitioning For Legal Guardianship,.com/georgia/guardianship/petitioning/,how to petition for guardianship in Georgia,,GAP - MISSING,No guardianship content exists,Research,Yes,N/A
79,Phase 06,Supporting Content,Guardianship Supporting Content,Procedure Content,Establishing Guardianship in Georgia,.com/georgia/guardianship/establishing/,how to establish guardianship in Georgia,,GAP - MISSING,No guardianship content exists,Research,Yes,N/A
80,Phase 08,Supporting Content,Guardianship Supporting Content,Legal Description Content,Guardianship Laws in Georgia,.com/georgia/guardianship/laws/,what is guardianship in Georgia,,GAP - MISSING,No guardianship content exists,Research,Yes,N/A
81,Phase 06,Supporting Content,Guardianship Supporting Content,Legal Description Content,Powers of Attorney & Advance Directives in Georgia,.com/georgia/guardianship/power-of-attorney-directives/,power of attorney vs guardianship Georgia,,GAP - MISSING,No guardianship content exists,Research,Yes,0
82,Phase 08,Supporting Content,Prenup Supporting Content,Situational Content,How to Start Talking about Prenuptial Agreements,.com/georgia/prenup-postnup/talking-about-prenuptial-agreements/,how to talk about prenuptial agreements,https://tdefamilylaw.com/how-to-get-a-prenup-in-georgia/,PARTIAL,How to get prenup exists,Research,Yes,N/A
83,Phase 09,Supporting Content,Prenup Supporting Content,Legal Description Content,Prenuptial Agreement Laws in Georgia,.com/georgia/prenup-postnup/laws/,what is a prenuptial agreement in Georgia,,GAP - MISSING,Content gap,Research,Yes,N/A
84,N/A,Additional Client Pages,Contempt,Service Page,Contempt Lawyer in Atlanta,N/A,contempt lawyer Atlanta,https://tdefamilylaw.com/contempt-lawyer-in-atlanta/,ADDITIONAL,Not in template - valid service page,N/A,N/A,0
85,N/A,Additional Client Pages,Modifications,Service Page,Legal Modifications,N/A,divorce modifications Georgia,https://tdefamilylaw.com/modifications/,ADDITIONAL,Not in template - valid service page,N/A,N/A,N/A
86,N/A,Additional Client Pages,Emergency Orders,Service Page,Emergency Orders In Divorce,N/A,emergency orders divorce,https://tdefamilylaw.com/divorce-emergency-orders-overview/,ADDITIONAL,Not in template - valid service page,N/A,N/A,N/A
87,N/A,Additional Client Pages,Shared Business,Supporting Content,Shared Business in Divorce,N/A,shared business divorce,https://tdefamilylaw.com/shared-business-in-divorce/,ADDITIONAL,Not in template - valid supporting content,N/A,N/A,N/A
88,N/A,Additional Client Pages,Financial Planning,Supporting Content,Financial Planning for Divorce,N/A,financial planning divorce,https://tdefamilylaw.com/a-guide-to-financial-planning-for-divorce/,ADDITIONAL,Not in template - valid supporting content,N/A,N/A,210
89,N/A,Additional Client Pages,Legitimation,Service Page,Legitimation Lawyer in Atlanta,N/A,legitimation lawyer Atlanta,https://tdefamilylaw.com/family-law/legitimation-lawyer/,ADDITIONAL,Not in template - valid service page,N/A,N/A,70
90,N/A,Additional Client Pages,Mothers Rights,Service Page,Mother's Rights Lawyer in Atlanta,N/A,mothers rights lawyer Atlanta,https://tdefamilylaw.com/family-law/mothers-rights-lawyer-in-atlanta/,ADDITIONAL,Not in template - valid service page,N/A,N/A,N/A
91,N/A,Additional Client Pages,Parental Rights,Service Page,Parental Rights In Atlanta,N/A,parental rights Atlanta,https://tdefamilylaw.com/family-law/parental-rights/,ADDITIONAL,Not in template - valid service page,N/A,N/A,N/A
92,N/A,Additional Client Pages,Criminal Defense,Service Page,Criminal Defense Overview,N/A,criminal defense,https://tdefamilylaw.com/criminal-defense/,ADDITIONAL,Outside family law - criminal practice area,N/A,N/A,5400
93,N/A,Additional Client Pages,DUI,Service Page,DUI & Criminal Cases,N/A,DUI attorney,https://tdefamilylaw.com/dui/,ADDITIONAL,Outside family law - criminal practice area,N/A,N/A,22200
94,N/A,Additional Client Pages,Drug Offense,Service Page,Drug Offense Attorney,N/A,drug offense attorney,https://tdefamilylaw.com/drug-offense/,ADDITIONAL,Outside family law - criminal practice area,N/A,N/A,720
95,N/A,Additional Client Pages,Contact,Core Page,Contact,N/A,contact,https://tdefamilylaw.com/contact-us/,ADDITIONAL,Standard contact page,N/A,N/A,90500
96,N/A,Additional Client Pages,Consultation,Core Page,Schedule A Consultation,N/A,schedule consultation,https://tdefamilylaw.com/schedule-a-consultation/,ADDITIONAL,Standard consultation page,N/A,N/A,50
97,N/A,Additional Client Pages,Resources,Core Page,Resources,N/A,divorce resources,https://tdefamilylaw.com/resources/,ADDITIONAL,Resources hub page,N/A,N/A,140
99,N/A,Additional Client Pages,Blog/Content,Supporting Content,Are You a Business Owner Considering Divorce? Here’s What You Need to Know.,N/A,are you a business owner considering divorce? here,https://tdefamilylaw.com/are-you-a-business-owner-considering-divorce-heres-what-you-need-to-know/,ADDITIONAL,Blog post - Family Law topic,N/A,N/A,N/A
100,N/A,Additional Client Pages,Blog/Content,Supporting Content,Are You Entitled to Alimony in Georgia?,N/A,are you entitled to alimony in georgia?,https://tdefamilylaw.com/are-you-entitled-to-alimony-in-georgia/,ADDITIONAL,Blog post - Family Law topic,N/A,N/A,N/A
101,N/A,Additional Client Pages,Blog/Content,Supporting Content,Artful Negotiations: Untangling the Emotional and Financial Value of Art and Antiques in a Georgia Divorce,N/A,artful negotiations: untangling the emotional and ,https://tdefamilylaw.com/artful-negotiations-untangling-the-emotional-and-financial-value-of-art-and-antiques-in-a-georgia-divorce/,ADDITIONAL,Blog post - Family Law topic,N/A,N/A,N/A
102,N/A,Additional Client Pages,Blog/Content,Supporting Content,Behnoush B. Jahromi – Law Clerk,N/A,behnoush b. jahromi – law clerk,https://tdefamilylaw.com/atlanta-attorneys/behnoush-b-jahromi/,ADDITIONAL,Staff bio page,N/A,N/A,N/A
103,N/A,Additional Client Pages,Blog/Content,Supporting Content,Charles H. Edwards Jr. – Chief Growth Officer,N/A,charles h. edwards jr. – chief growth officer,https://tdefamilylaw.com/atlanta-attorneys/charles-h-edwards-jr/,ADDITIONAL,Staff bio page,N/A,N/A,N/A
104,N/A,Additional Client Pages,Blog/Content,Supporting Content,Avoiding the Pitfalls of LGBTQIA+ Divorce in Georgia,N/A,avoiding the pitfalls of lgbtqia+ divorce in georg,https://tdefamilylaw.com/avoiding-the-pitfalls-of-lgbtqia-divorce-in-georgia/,ADDITIONAL,Blog post - Family Law topic,N/A,N/A,N/A
105,N/A,Additional Client Pages,Blog/Content,Supporting Content,Can Child Support Be Modified In Georgia?,N/A,can child support be modified in georgia?,https://tdefamilylaw.com/can-child-support-be-modified-in-georgia/,ADDITIONAL,Blog post or content page,N/A,N/A,N/A
106,N/A,Additional Client Pages,Blog/Content,Supporting Content,"Can I Modify A Child Custody, Support Or Alimony Order In Georgia?",N/A,"can i modify a child custody, support or alimony o",https://tdefamilylaw.com/can-i-modify-a-child-custody-support-or-alimony-order-in-georgia/,ADDITIONAL,Blog post - Family Law topic,N/A,N/A,N/A
107,N/A,Additional Client Pages,Blog/Content,Supporting Content,Celebrity Divorces of 2024 & What We Can Learn From Them,N/A,celebrity divorces of 2024 & what we can learn fro,https://tdefamilylaw.com/celebrity-divorces-of-2024/,ADDITIONAL,Blog post - Family Law topic,N/A,N/A,N/A
108,N/A,Additional Client Pages,Blog/Content,Supporting Content,Challenges of Divorcing a Narcissist and How We Can Help,N/A,challenges of divorcing a narcissist and how we ca,https://tdefamilylaw.com/challenges-of-divorcing-a-narcissist-and-how-we-can-help/,ADDITIONAL,Blog post or content page,N/A,N/A,N/A
109,N/A,Additional Client Pages,Blog/Content,Supporting Content,Challenging Prenuptial Agreements in Georgia High Asset Divorce Cases,N/A,challenging prenuptial agreements in georgia high ,https://tdefamilylaw.com/challenging-prenuptial-agreements-in-georgia-high-asset-divorce-cases/,ADDITIONAL,Blog post - Family Law topic,N/A,N/A,N/A
110,N/A,Additional Client Pages,Blog/Content,Supporting Content,Child Support Calculations in Georgia,N/A,child support calculations in georgia,https://tdefamilylaw.com/child-support-calculations-in-georgia/,ADDITIONAL,Blog post or content page,N/A,N/A,N/A
111,N/A,Additional Client Pages,Blog/Content,Supporting Content,Contested vs. Uncontested Divorce in Georgia,N/A,contested vs. uncontested divorce in georgia,https://tdefamilylaw.com/contested-vs-uncontested-divorce-in-georgia/,ADDITIONAL,Blog post - Family Law topic,N/A,N/A,N/A
112,N/A,Additional Client Pages,Blog/Content,Supporting Content,Creating a Parenting Plan in Georgia,N/A,creating a parenting plan in georgia,https://tdefamilylaw.com/creating-a-parenting-plan-in-georgia/,ADDITIONAL,Blog post or content page,N/A,N/A,N/A
113,N/A,Additional Client Pages,Blog/Content,Supporting Content,Divorce Law in 2024 & Key Trends to Watch,N/A,divorce law in 2024 & key trends to watch,https://tdefamilylaw.com/divorce-law-in-2024-key-trends-to-watch/,ADDITIONAL,Blog post - Family Law topic,N/A,N/A,N/A
114,N/A,Additional Client Pages,Blog/Content,Supporting Content,"Divorces, Privacy, and Wealth: A Georgia Law Perspective",N/A,"divorces, privacy, and wealth: a georgia law persp",https://tdefamilylaw.com/divorces-privacy-and-wealth-a-georgia-law-perspective/,ADDITIONAL,Blog post - Family Law topic,N/A,N/A,N/A
115,N/A,Additional Client Pages,Blog/Content,Supporting Content,Enforcement of Divorce Decrees,N/A,enforcement of divorce decrees,https://tdefamilylaw.com/enforcement-of-divorce-decrees/,ADDITIONAL,Blog post - Family Law topic,N/A,N/A,N/A
116,N/A,Additional Client Pages,Blog/Content,Supporting Content,Family Law,N/A,family law,https://tdefamilylaw.com/family-law/,MAPPED,Family Law practice area hub page,N/A,N/A,N/A
117,N/A,Additional Client Pages,Blog/Content,Supporting Content,Compassionate & Trusted Atlanta Divorce Attorneys Fighting For Your Rights,N/A,compassionate & trusted atlanta divorce attorneys ,https://tdefamilylaw.com/family-law/divorce-attorney-atlanta/,ADDITIONAL,Blog post - Family Law topic,N/A,N/A,N/A
118,N/A,Additional Client Pages,Blog/Content,Supporting Content,Postnuptial Agreement Lawyer,N/A,postnuptial agreement lawyer,https://tdefamilylaw.com/family-law/postnuptial-agreement-lawyer/,ADDITIONAL,Service page not in template,N/A,N/A,N/A
119,N/A,Additional Client Pages,Blog/Content,Supporting Content,"Uncontested Divorce Attorneys in Georgia: Fast, Affordable Legal Solutions",N/A,"uncontested divorce attorneys in georgia: fast, af",https://tdefamilylaw.com/family-law/uncontested-divorce-lawyer-2/,ADDITIONAL,Blog post - Family Law topic,N/A,N/A,N/A
120,N/A,Additional Client Pages,Blog/Content,Supporting Content,Visitation Modification Lawyer in Atlanta,N/A,visitation modification lawyer in atlanta,https://tdefamilylaw.com/family-law/visitation-modification/,ADDITIONAL,Service page not in template,N/A,N/A,N/A
121,N/A,Additional Client Pages,Blog/Content,Supporting Content,Filing Taxes During and After a Divorce: What Changes?,N/A,filing taxes during and after a divorce: what chan,https://tdefamilylaw.com/filing-taxes-during-and-after-a-divorce-what-changes/,ADDITIONAL,Blog post - Family Law topic,N/A,N/A,N/A
122,N/A,Additional Client Pages,Blog/Content,Supporting Content,Georgia Supreme Court Raises Concerns Over Equitable Caregiver Law,N/A,georgia supreme court raises concerns over equitab,https://tdefamilylaw.com/georgia-supreme-court-raises-concerns-over-equitable-caregiver-law/,ADDITIONAL,Blog post or content page,N/A,N/A,N/A
123,N/A,Additional Client Pages,Blog/Content,Supporting Content,Handling Stock Options and RSUs in High Asset Divorces in Georgia,N/A,handling stock options and rsus in high asset divo,https://tdefamilylaw.com/handling-stock-options-and-rsus-in-high-asset-divorces-in-georgia/,ADDITIONAL,Blog post - Family Law topic,N/A,N/A,N/A
124,N/A,Additional Client Pages,Blog/Content,Supporting Content,Helpful Tips on Preparing for Divorce,N/A,helpful tips on preparing for divorce,https://tdefamilylaw.com/helpful-tips-on-preparing-for-divorce/,ADDITIONAL,Blog post - Family Law topic,N/A,N/A,N/A
125,N/A,Additional Client Pages,Blog/Content,Supporting Content,How Does Domestic Violence Impact A Divorce Or Child Custody Case In Georgia?,N/A,how does domestic violence impact a divorce or chi,https://tdefamilylaw.com/how-does-domestic-violence-impact-a-divorce-or-child-custody-case-in-georgia/,ADDITIONAL,Blog post - Family Law topic,N/A,N/A,N/A
126,N/A,Additional Client Pages,Blog/Content,Supporting Content,How Georgia Courts Evaluate Professional Degrees in High Asset Divorces,N/A,how georgia courts evaluate professional degrees i,https://tdefamilylaw.com/how-georgia-courts-evaluate-professional-degrees-in-high-asset-divorces/,ADDITIONAL,Blog post - Family Law topic,N/A,N/A,N/A
127,N/A,Additional Client Pages,Blog/Content,Supporting Content,How Is Child Support Calculated in Georgia?,N/A,how is child support calculated in georgia?,https://tdefamilylaw.com/how-is-child-support-calculated-in-georgia/,ADDITIONAL,Blog post or content page,N/A,N/A,N/A
128,N/A,Additional Client Pages,Blog/Content,Supporting Content,Inherited Wealth and Gifts in High Asset Divorces: A Georgia Perspective,N/A,inherited wealth and gifts in high asset divorces:,https://tdefamilylaw.com/inherited-wealth-and-gifts-in-high-asset-divorces-a-georgia-perspective/,ADDITIONAL,Blog post - Family Law topic,N/A,N/A,N/A
129,N/A,Additional Client Pages,Blog/Content,Supporting Content,What to Expect During Your Initial Consultation,N/A,what to expect during your initial consultation,https://tdefamilylaw.com/initial-consul/,ADDITIONAL,Blog post or content page,N/A,N/A,N/A
130,N/A,Additional Client Pages,Blog/Content,Supporting Content,International Assets and High Asset Divorce in Georgia,N/A,international assets and high asset divorce in geo,https://tdefamilylaw.com/international-assets-and-high-asset-divorce-in-georgia/,ADDITIONAL,Blog post - Family Law topic,N/A,N/A,N/A
131,N/A,Additional Client Pages,Blog/Content,Supporting Content,LGBTQ MARRIAGE IN GEORGIA,N/A,lgbtq marriage in georgia,https://tdefamilylaw.com/lgbtq-marriage-in-georgia-celebrating-9-years-of-legalization/,ADDITIONAL,Blog post or content page,N/A,N/A,N/A
132,N/A,Additional Client Pages,Blog/Content,Supporting Content,Join Us For A Free Lunch & Learn!,N/A,join us for a free lunch & learn!,https://tdefamilylaw.com/lunch-learn/,ADDITIONAL,Blog post or content page,N/A,N/A,N/A
133,N/A,Additional Client Pages,Blog/Content,Supporting Content,Navigating the Holidays During a Divorce,N/A,navigating the holidays during a divorce,https://tdefamilylaw.com/navigating-the-holidays-during-a-divorce/,ADDITIONAL,Blog post - Family Law topic,N/A,N/A,N/A
134,N/A,Additional Client Pages,Blog/Content,Supporting Content,Paternity Testing in Divorce,N/A,paternity testing in divorce,https://tdefamilylaw.com/paternity-testing-in-divorce/,ADDITIONAL,Blog post - Family Law topic,N/A,N/A,N/A
135,N/A,Additional Client Pages,Blog/Content,Supporting Content,Atlanta’s Top Family Lawyer,N/A,atlanta’s top family lawyer,https://tdefamilylaw.com/property-division-lp/,ADDITIONAL,Blog post or content page,N/A,N/A,N/A
136,N/A,Additional Client Pages,Blog/Content,Supporting Content,Protecting Your Retirement Accounts during a High Asset Divorce in Georgia,N/A,protecting your retirement accounts during a high ,https://tdefamilylaw.com/protecting-your-retirement-accounts-during-a-high-asset-divorce-in-georgia/,ADDITIONAL,Blog post - Family Law topic,N/A,N/A,N/A
137,N/A,Additional Client Pages,Blog/Content,Supporting Content,Signs You May Be Owed Alimony,N/A,signs you may be owed alimony,https://tdefamilylaw.com/signs-you-may-be-owed-alimony/,ADDITIONAL,Blog post - Family Law topic,N/A,N/A,N/A
138,N/A,Additional Client Pages,Blog/Content,Supporting Content,Tessie D. Edwards & Associates Ranked Among Fastest Growing Law Firms in the Country,N/A,tessie d. edwards & associates ranked among fastes,https://tdefamilylaw.com/tessie-d-edwards-associates-ranked-among-fastest-growing-law-firms-in-the-country/,ADDITIONAL,Blog post or content page,N/A,N/A,N/A
139,N/A,Additional Client Pages,Blog/Content,Supporting Content,The Difference Between Divorce and Legal Separation in Georgia,N/A,the difference between divorce and legal separatio,https://tdefamilylaw.com/the-difference-between-divorce-and-legal-separation-in-georgia/,ADDITIONAL,Blog post - Family Law topic,N/A,N/A,N/A
140,N/A,Additional Client Pages,Blog/Content,Supporting Content,The Role of Forensic Accounting in High Asset Divorce Cases in Georgia,N/A,the role of forensic accounting in high asset divo,https://tdefamilylaw.com/the-role-of-forensic-accounting-in-high-asset-divorce-cases-in-georgia/,ADDITIONAL,Blog post - Family Law topic,N/A,N/A,N/A
141,N/A,Additional Client Pages,Blog/Content,Supporting Content,Understanding Divorce and Legal Separation in Georgia,N/A,understanding divorce and legal separation in geor,https://tdefamilylaw.com/understanding-divorce-and-legal-separation-in-georgia/,ADDITIONAL,Blog post - Family Law topic,N/A,N/A,N/A
142,N/A,Additional Client Pages,Blog/Content,Supporting Content,Unique Challenges LGBTQIA+ Couples Face During Divorce in Georgia,N/A,unique challenges lgbtqia+ couples face during div,https://tdefamilylaw.com/unique-challenges-lgbtqia-couples-face-during-divorce-in-georgia/,ADDITIONAL,Blog post - Family Law topic,N/A,N/A,N/A
143,N/A,Additional Client Pages,Blog/Content,Supporting Content,Unraveling Complex Assets: Real Estate and High Asset Divorce in Georgia,N/A,unraveling complex assets: real estate and high as,https://tdefamilylaw.com/unraveling-complex-assets-real-estate-and-high-asset-divorce-in-georgia/,ADDITIONAL,Blog post - Family Law topic,N/A,N/A,N/A
144,N/A,Additional Client Pages,Blog/Content,Supporting Content,Valuing and Dividing Business Interests in a Georgia High Asset Divorce,N/A,valuing and dividing business interests in a georg,https://tdefamilylaw.com/valuing-and-dividing-business-interests-in-a-georgia-high-asset-divorce/,ADDITIONAL,Blog post - Family Law topic,N/A,N/A,N/A
145,N/A,Additional Client Pages,Blog/Content,Supporting Content,What Are My Rights As a Parent In a Divorce or Child Custody Case in Georgia?,N/A,what are my rights as a parent in a divorce or chi,https://tdefamilylaw.com/what-are-my-rights-as-a-parent-in-a-divorce-or-child-custody-case-in-georgia/,ADDITIONAL,Blog post - Family Law topic,N/A,N/A,N/A
146,N/A,Additional Client Pages,Blog/Content,Supporting Content,What Does a Family Lawyer Do in Georgia?,N/A,what does a family lawyer do in georgia?,https://tdefamilylaw.com/what-does-a-family-lawyer-do-in-georgia/,ADDITIONAL,Blog post or content page,N/A,N/A,N/A
147,N/A,Additional Client Pages,Blog/Content,Supporting Content,What Is A High Conflict Divorce?,N/A,what is a high conflict divorce?,https://tdefamilylaw.com/what-is-a-high-conflict-divorce/,ADDITIONAL,Blog post - Family Law topic,N/A,N/A,N/A
148,N/A,Additional Client Pages,Blog/Content,Supporting Content,What is Gaslighting In A Relationship?,N/A,what is gaslighting in a relationship?,https://tdefamilylaw.com/what-is-gaslighting-in-a-relationship/,ADDITIONAL,Blog post or content page,N/A,N/A,N/A
149,N/A,Additional Client Pages,Blog/Content,Supporting Content,What is the Difference Between Spousal Support and Alimony?,N/A,what is the difference between spousal support and,https://tdefamilylaw.com/what-is-the-difference-between-spousal-support-and-alimony/,ADDITIONAL,Blog post - Family Law topic,N/A,N/A,N/A
150,N/A,Additional Client Pages,Blog/Content,Supporting Content,What’s the Difference Between an Uncontested and Contested Divorce?,N/A,what’s the difference between an uncontested and c,https://tdefamilylaw.com/whats-the-difference-between-an-uncontested-and-contested-divorce/,ADDITIONAL,Blog post - Family Law topic,N/A,N/A,N/A
151,N/A,Additional Client Pages,Blog/Content,Supporting Content,Why Did Jennifer Lopez File for Divorce from Ben Affleck After Only Two Years?,N/A,why did jennifer lopez file for divorce from ben a,https://tdefamilylaw.com/why-did-jennifer-lopez-file-for-divorce-from-ben-affleck-after-only-two-years/,ADDITIONAL,Blog post - Family Law topic,N/A,N/A,N/A
152,N/A,Additional Client Pages,Blog/Content,Supporting Content,Why You Need a Lawyer in an Uncontested Divorce,N/A,why you need a lawyer in an uncontested divorce,https://tdefamilylaw.com/why-you-need-a-lawyer-in-an-uncontested-divorce/,ADDITIONAL,Blog post - Family Law topic,N/A,N/A,N/A
