Rank,Page URL,Sessions,Page Type,Bounce Rate,Avg Engage Time,H1,H2-1,H2-2,Weighted Score,Recommended Action,25% Scroll,50% Scroll,Click Hot Zones,Status
1,/state-of-sales/,308,Service,73%,3.5s,2025 State of Sales | Small to Mid-Size Businesses,The State of Sales: Crafting High-Performing Sales Organizations,Sales Strategy,90,Add BANNER in hero section,,,,,
2,/client-solutions/,249,Service,18%,39.2s,Tailored Sales Solutions for Your Business,Fractional Sales Leader: Your Source for Sales Success,Certified Sales Operating Management SystemTM,94,Add BUTTON before below-fold H2 section,,55%,below-fold CTA,,
3,/private-equity-solutions/tech-mfg-case-study/,89,Case Study,43%,126.4s,Investment Profile and Challenges,$5M Turnaround: Inside Sales Xceleration's Sales Growth Strategy,Portfolio Company Challenges,74,Add BUTTON after Results section,,,,,
4,/sales-strategy/,83,Service,18%,76.5s,Sales Strategy Consulting Services,Transform Your Sales with Proven Expertise,Build Your Sales Strategy with Our Proven Framework,78,Add BANNER in hero section,,,,,
5,/private-equity-solutions/healthcare-managed-services-case-study/,62,Case Study,34%,27.0s,Company Profile and Challenges,25x Return On Investment In One Year,Platform/Portfolio Company Challenges,68,Add BUTTON after Results section,,,,,
6,/private-equity-solutions/private-equity/,57,Service,46%,22.9s,Private Equity Growth with Expert Sales Strategies,Accelerate Growth. Maximize Returns.,Maximizing Organic Growth,71,Add BUTTON after intro section,,,,,
7,/testimonials/,52,Service,35%,60.5s,Client Testimonials and Success Stories from Sales Xceleration,,,75,Add BUTTON after testimonials,,,,,
8,/sales-team/,50,Service,12%,18.0s,Sales Team Development Services,Your Foundation for Scalable and Efficient Growth,Read Real Success Stories,72,Add BUTTON after intro section,,,,,
9,/private-equity-solutions/,47,Service,15%,86.2s,Creating Scalable Profitable Revenue Growth,Our Advisors have a proven track record,Maximize Your Return on Investment,75,Add BUTTON after intro section,,,,,
10,/private-equity-solutions/portfolio-company/,46,Service,30%,15.2s,Accelerate Your Sales Success with Proven Expertise,Maximizing Sales Growth,Certified Sales Leadership,71,Add BUTTON after intro section,,,,,
11,/sales-infrastructure/,42,Service,29%,49.5s,Sales Infrastructure Consulting Services,What is Sales Infrastructure?,Your Foundation for Scalable and Efficient Growth,74,Add BUTTON after intro section,,,,,
12,/sales-management/,41,Service,44%,23.6s,Sales Management Consulting Services,Transform Your Sales with Proven Expertise,How We Build Your Sales Success,69,Add BUTTON after intro section,,,,,
13,/ai-for-sales/,35,Service,20%,22.9s,Artificial Intelligence (AI) for Sales,Embrace AI to Enhance Sales Strategies,,55,Add BUTTON after intro section,,,,,
14,/industries/technology/,32,Industry,38%,55.6s,Fractional Sales Leadership for Tech Companies,Scale Revenue in Competitive Markets,Key Sales Challenges in the Tech Space,71,Add BUTTON after Key Challenges section,,,,,
15,/industries/professional-services/,25,Industry,56%,26.7s,Fractional Sales Leadership for Professional Services,Scale Revenue in Competitive Markets,Key Sales Challenges in Professional Services,65,Add BUTTON after Key Challenges section,,,,,
16,/industries/manufacturing/,24,Industry,42%,18.6s,Fractional Sales Leadership for Manufacturing Companies,Scale Revenue in Competitive Markets,Key Sales Challenges in Manufacturing,65,Add BUTTON after Key Challenges section,,,,,
17,/case-study/electrical-manufacturing.../,15,Case Study,73%,13.3s,Electrical Manufacturing: Sales Strategy and Processes,Executive Summary,The Big Win,56,Add BUTTON after The Big Win section,,,,,
18,/case-study/food-and-beverage.../,14,Case Study,57%,7.3s,Food and Beverage: Driving 25% Higher Topline Revenue,Company Profile,Sales Success Snapshot,56,Add BUTTON after Results section,,,,,
19,/industries/franchises/,12,Industry,17%,21.5s,Fractional Sales Leadership for Franchises,Key Sales Challenges in Franchising,Why Fractional Sales Leadership Fits Franchises,66,Add BUTTON after Key Challenges section,,,,,
20,/case-study/influencer-marketing-agency.../,11,Case Study,45%,8.0s,Influencer Marketing Agency: Future-Proof Sales Infrastructure,Company Profile,Sales Success Snapshot,59,Add BUTTON after Results section,,,,,
21,/case-study/technology/,11,Case Study,55%,3.1s,Technology: Learning to Build a True Sales Organization,,,56,Add BUTTON after Results section,,,,,
22,/industries/financial-services/,9,Industry,44%,14.1s,Fractional Sales Leadership for Financial Services,Scale Revenue in Competitive Markets,Key Sales Challenges in Financial Services,64,Add BUTTON after Key Challenges section,,,,,
23,/industries/legal/,9,Industry,67%,4.3s,Fractional Sales Leadership for Legal Firms,Key Sales Challenges in the Legal Industry,Why Fractional Sales Leadership Fits Legal Firms,59,Add BUTTON after Key Challenges section,,,,,
24,/industries/private-equity/,5,Industry,80%,5.0s,Fractional Sales Leadership for Private Equity,Key Sales Challenges in Private Equity,Why Fractional Sales Leadership Fits Private Equity,58,Add BUTTON after Key Challenges section,,,,,
,,,,,,,,,,,,,,
--- HOW TO USE THIS SHEET ---,,,,,,,,,,,,,,
,,,,,,,,,,,,,,
STEP 1: Verify Clarity data for each page (25% Scroll and 50% Scroll and Click Hot Zones),,,,,,,,,,,,,,
STEP 2: Follow the Recommended Action column,,,,,,,,,,,,,,
STEP 3: Mark Status as Done when implemented,,,,,,,,,,,,,,
,,,,,,,,,,,,,,
--- SCORE TIERS ---,,,,,,,,,,,,,,
,,,,,,,,,,,,,,
Score,Tier,Implementation,,,,,,,,,,,,
90-100,Flagship,BANNER in hero,,,,,,,,,,,,
70-89,Core,BANNER or BUTTON,,,,,,,,,,,,
55-69,Supporting,BUTTON,,,,,,,,,,,,
<55,Lower,BUTTON or LINK,,,,,,,,,,,,
,,,,,,,,,,,,,,
--- CLICK HOT ZONES REFERENCE ---,,,,,,,,,,,,,,
,,,,,,,,,,,,,,
Priority,What You See in Clarity,Write in Column,What It Means,Where to Place CTA,,,,,,,,,
1,Service page + >100 sessions,(any),High-traffic flagship page,Banner in upper-mid section,,,,,,,,,
2,Clicks on nav menu/CTA/phone,nav menu / nav CTA / nav phone,Users engaging with header,Button in hero or next section,,,,,,,,,
3,Clicks on below-fold CTA or carousel,below-fold CTA / trust carousel,Users scrolling and engaging,Button BEFORE or AFTER hot zone,,,,,,,,,
4,Clicks on hero elements,hero CTA / hero headline / hero text / hero image,Users engaging with hero,Button in hero (secondary) or section below,,,,,,,,,
5,Clicks on text paragraphs,text block,Users treating text as clickable,Anchor Link within the text,,,,,,,,,
5,Clicks on headings,headings,Users trying to navigate,Anchor Link in relevant section,,,,,,,,,
6,Industry or Case Study page,(any),Page type default,Button after key section,,,,,,,,,
7,Clicks on images,images,Users expect interaction,Button below the image,,,,,,,,,
8,No clear pattern,none,Need to create attention,Banner in upper-mid section,,,,,,,,,
,,,,,,,,,,,,,,
NOTE: Text block and Headings (Priority 5) override Industry/Case Study page type (Priority 6),,,,,,,,,,,,,,
,,,,,,,,,,,,,,
--- PAGES EXCLUDED ---,,,,,,,,,,,,,,
,,,,,,,,,,,,,,
Hub pages,Navigation pages (podcasts case-studies resources etc),,,,,,,,,,,,
Contact pages,Already lead capture,,,,,,,,,,,,
Assessment pages,Would compete with Sales Agility Assessment,,,,,,,,,,,,
Blogs,Not optimized for conversions,,,,,,,,,,,,
