URL,Metric,Report Value,Source Value,Semantic Match,Raw Match,Source File,Source Column Position
https://omnipress.com/training/training-class-participant-kits/request-for-quote,L3M Δ Clicks %,#N/A,#N/A,PASS,PASS,Benchmark Performance _ Omnipress - Core Pages - L3M.csv,5
https://omnipress.com/training/training-class-participant-kits/request-for-quote,L3M Δ Impr %,#N/A,#N/A,PASS,PASS,Benchmark Performance _ Omnipress - Core Pages - L3M.csv,8
https://omnipress.com/training/training-class-participant-kits/request-for-quote,L3M Δ Engaged Sessions %,#N/A,#N/A,PASS,PASS,Benchmark Performance _ Omnipress - Core Pages - L3M.csv,11
https://omnipress.com/training/training-class-participant-kits/request-for-quote,L3M Δ Users %,#N/A,#N/A,PASS,PASS,Benchmark Performance _ Omnipress - Core Pages - L3M.csv,14
https://omnipress.com/training/training-class-participant-kits/request-for-quote,L3M Δ Conv %,#N/A,#N/A,PASS,PASS,Benchmark Performance _ Omnipress - Core Pages - L3M.csv,17
https://omnipress.com/training/training-class-participant-kits/request-for-quote,YoY Δ Clicks %,#N/A,#N/A,PASS,PASS,Benchmark Performance _ Omnipress - core-pages-YoY.csv,5
https://omnipress.com/training/training-class-participant-kits/request-for-quote,YoY Δ Impr %,-100%,-100%,PASS,PASS,Benchmark Performance _ Omnipress - core-pages-YoY.csv,8
https://omnipress.com/training/training-class-participant-kits/request-for-quote,YoY Δ Engaged Sessions %,#N/A,#N/A,PASS,PASS,Benchmark Performance _ Omnipress - core-pages-YoY.csv,11
https://omnipress.com/training/training-class-participant-kits/request-for-quote,YoY Δ Users %,#N/A,#N/A,PASS,PASS,Benchmark Performance _ Omnipress - core-pages-YoY.csv,14
https://omnipress.com/training/training-class-participant-kits/request-for-quote,YoY Δ Conv %,#N/A,#N/A,PASS,PASS,Benchmark Performance _ Omnipress - core-pages-YoY.csv,17
https://omnipress.com/printer-quiz,L3M Δ Clicks %,N/A,N/A,PASS,PASS,Benchmark Performance _ Omnipress - Core Pages - L3M.csv,5
https://omnipress.com/printer-quiz,L3M Δ Impr %,N/A,N/A,PASS,PASS,Benchmark Performance _ Omnipress - Core Pages - L3M.csv,8
https://omnipress.com/printer-quiz,L3M Δ Engaged Sessions %,#N/A,#N/A,PASS,PASS,Benchmark Performance _ Omnipress - Core Pages - L3M.csv,11
https://omnipress.com/printer-quiz,L3M Δ Users %,#N/A,#N/A,PASS,PASS,Benchmark Performance _ Omnipress - Core Pages - L3M.csv,14
https://omnipress.com/printer-quiz,L3M Δ Conv %,#N/A,#N/A,PASS,PASS,Benchmark Performance _ Omnipress - Core Pages - L3M.csv,17
https://omnipress.com/printer-quiz,YoY Δ Clicks %,N/A,N/A,PASS,PASS,Benchmark Performance _ Omnipress - core-pages-YoY.csv,5
https://omnipress.com/printer-quiz,YoY Δ Impr %,-97%,-97%,PASS,PASS,Benchmark Performance _ Omnipress - core-pages-YoY.csv,8
https://omnipress.com/printer-quiz,YoY Δ Engaged Sessions %,#N/A,#N/A,PASS,PASS,Benchmark Performance _ Omnipress - core-pages-YoY.csv,11
https://omnipress.com/printer-quiz,YoY Δ Users %,#N/A,#N/A,PASS,PASS,Benchmark Performance _ Omnipress - core-pages-YoY.csv,14
https://omnipress.com/printer-quiz,YoY Δ Conv %,#N/A,#N/A,PASS,PASS,Benchmark Performance _ Omnipress - core-pages-YoY.csv,17
https://omnipress.com/conferences/digital-conference-flipbook,L3M Δ Clicks %,-55%,-55%,PASS,PASS,Benchmark Performance _ Omnipress - Core Pages - L3M.csv,5
https://omnipress.com/conferences/digital-conference-flipbook,L3M Δ Impr %,-31%,-31%,PASS,PASS,Benchmark Performance _ Omnipress - Core Pages - L3M.csv,8
https://omnipress.com/conferences/digital-conference-flipbook,L3M Δ Engaged Sessions %,-41%,-41%,PASS,PASS,Benchmark Performance _ Omnipress - Core Pages - L3M.csv,11
https://omnipress.com/conferences/digital-conference-flipbook,L3M Δ Users %,-88.89%,-88.89%,PASS,PASS,Benchmark Performance _ Omnipress - Core Pages - L3M.csv,14
https://omnipress.com/conferences/digital-conference-flipbook,L3M Δ Conv %,N/A,N/A,PASS,PASS,Benchmark Performance _ Omnipress - Core Pages - L3M.csv,17
https://omnipress.com/conferences/digital-conference-flipbook,YoY Δ Clicks %,-55%,-55%,PASS,PASS,Benchmark Performance _ Omnipress - core-pages-YoY.csv,5
https://omnipress.com/conferences/digital-conference-flipbook,YoY Δ Impr %,-74%,-74%,PASS,PASS,Benchmark Performance _ Omnipress - core-pages-YoY.csv,8
https://omnipress.com/conferences/digital-conference-flipbook,YoY Δ Engaged Sessions %,-59%,-59%,PASS,PASS,Benchmark Performance _ Omnipress - core-pages-YoY.csv,11
https://omnipress.com/conferences/digital-conference-flipbook,YoY Δ Users %,-59%,-59%,PASS,PASS,Benchmark Performance _ Omnipress - core-pages-YoY.csv,14
https://omnipress.com/conferences/digital-conference-flipbook,YoY Δ Conv %,N/A,N/A,PASS,PASS,Benchmark Performance _ Omnipress - core-pages-YoY.csv,17
https://omnipress.com/training/pricing,L3M Δ Clicks %,N/A,N/A,PASS,PASS,Benchmark Performance _ Omnipress - Core Pages - L3M.csv,5
https://omnipress.com/training/pricing,L3M Δ Impr %,-100%,-100%,PASS,PASS,Benchmark Performance _ Omnipress - Core Pages - L3M.csv,8
https://omnipress.com/training/pricing,L3M Δ Engaged Sessions %,#N/A,#N/A,PASS,PASS,Benchmark Performance _ Omnipress - Core Pages - L3M.csv,11
https://omnipress.com/training/pricing,L3M Δ Users %,#N/A,#N/A,PASS,PASS,Benchmark Performance _ Omnipress - Core Pages - L3M.csv,14
https://omnipress.com/training/pricing,L3M Δ Conv %,#N/A,#N/A,PASS,PASS,Benchmark Performance _ Omnipress - Core Pages - L3M.csv,17
https://omnipress.com/training/pricing,YoY Δ Clicks %,N/A,N/A,PASS,PASS,Benchmark Performance _ Omnipress - core-pages-YoY.csv,5
https://omnipress.com/training/pricing,YoY Δ Impr %,-100%,-100%,PASS,PASS,Benchmark Performance _ Omnipress - core-pages-YoY.csv,8
https://omnipress.com/training/pricing,YoY Δ Engaged Sessions %,#N/A,#N/A,PASS,PASS,Benchmark Performance _ Omnipress - core-pages-YoY.csv,11
https://omnipress.com/training/pricing,YoY Δ Users %,#N/A,#N/A,PASS,PASS,Benchmark Performance _ Omnipress - core-pages-YoY.csv,14
https://omnipress.com/training/pricing,YoY Δ Conv %,#N/A,#N/A,PASS,PASS,Benchmark Performance _ Omnipress - core-pages-YoY.csv,17
https://omnipress.com/careers,L3M Δ Clicks %,-47%,-47%,PASS,PASS,Benchmark Performance _ Omnipress - Core Pages - L3M.csv,5
https://omnipress.com/careers,L3M Δ Impr %,-26%,-26%,PASS,PASS,Benchmark Performance _ Omnipress - Core Pages - L3M.csv,8
https://omnipress.com/careers,L3M Δ Engaged Sessions %,#N/A,#N/A,PASS,PASS,Benchmark Performance _ Omnipress - Core Pages - L3M.csv,11
https://omnipress.com/careers,L3M Δ Users %,#N/A,#N/A,PASS,PASS,Benchmark Performance _ Omnipress - Core Pages - L3M.csv,14
https://omnipress.com/careers,L3M Δ Conv %,#N/A,#N/A,PASS,PASS,Benchmark Performance _ Omnipress - Core Pages - L3M.csv,17
https://omnipress.com/careers,YoY Δ Clicks %,-47%,-47%,PASS,PASS,Benchmark Performance _ Omnipress - core-pages-YoY.csv,5
https://omnipress.com/careers,YoY Δ Impr %,-41%,-41%,PASS,PASS,Benchmark Performance _ Omnipress - core-pages-YoY.csv,8
https://omnipress.com/careers,YoY Δ Engaged Sessions %,#N/A,#N/A,PASS,PASS,Benchmark Performance _ Omnipress - core-pages-YoY.csv,11
https://omnipress.com/careers,YoY Δ Users %,#N/A,#N/A,PASS,PASS,Benchmark Performance _ Omnipress - core-pages-YoY.csv,14
https://omnipress.com/careers,YoY Δ Conv %,#N/A,#N/A,PASS,PASS,Benchmark Performance _ Omnipress - core-pages-YoY.csv,17
https://omnipress.com/training/fulfillment,L3M Δ Clicks %,-13%,-13%,PASS,PASS,Benchmark Performance _ Omnipress - Core Pages - L3M.csv,5
https://omnipress.com/training/fulfillment,L3M Δ Impr %,-58%,-58%,PASS,PASS,Benchmark Performance _ Omnipress - Core Pages - L3M.csv,8
https://omnipress.com/training/fulfillment,L3M Δ Engaged Sessions %,-71%,-71%,PASS,PASS,Benchmark Performance _ Omnipress - Core Pages - L3M.csv,11
https://omnipress.com/training/fulfillment,L3M Δ Users %,-281.82%,-281.82%,PASS,PASS,Benchmark Performance _ Omnipress - Core Pages - L3M.csv,14
https://omnipress.com/training/fulfillment,L3M Δ Conv %,N/A,N/A,PASS,PASS,Benchmark Performance _ Omnipress - Core Pages - L3M.csv,17
https://omnipress.com/training/fulfillment,YoY Δ Clicks %,-13%,-13%,PASS,PASS,Benchmark Performance _ Omnipress - core-pages-YoY.csv,5
https://omnipress.com/training/fulfillment,YoY Δ Impr %,-59%,-59%,PASS,PASS,Benchmark Performance _ Omnipress - core-pages-YoY.csv,8
https://omnipress.com/training/fulfillment,YoY Δ Engaged Sessions %,-68%,-68%,PASS,PASS,Benchmark Performance _ Omnipress - core-pages-YoY.csv,11
https://omnipress.com/training/fulfillment,YoY Δ Users %,-68%,-68%,PASS,PASS,Benchmark Performance _ Omnipress - core-pages-YoY.csv,14
https://omnipress.com/training/fulfillment,YoY Δ Conv %,-100%,-100%,PASS,PASS,Benchmark Performance _ Omnipress - core-pages-YoY.csv,17
https://omnipress.com/conferences/abstract-management/pricing,L3M Δ Clicks %,N/A,N/A,PASS,PASS,Benchmark Performance _ Omnipress - Core Pages - L3M.csv,5
https://omnipress.com/conferences/abstract-management/pricing,L3M Δ Impr %,24%,24%,PASS,PASS,Benchmark Performance _ Omnipress - Core Pages - L3M.csv,8
https://omnipress.com/conferences/abstract-management/pricing,L3M Δ Engaged Sessions %,-100%,-100%,PASS,PASS,Benchmark Performance _ Omnipress - Core Pages - L3M.csv,11
https://omnipress.com/conferences/abstract-management/pricing,L3M Δ Users %,N/A,N/A,PASS,PASS,Benchmark Performance _ Omnipress - Core Pages - L3M.csv,14
https://omnipress.com/conferences/abstract-management/pricing,L3M Δ Conv %,N/A,N/A,PASS,PASS,Benchmark Performance _ Omnipress - Core Pages - L3M.csv,17
https://omnipress.com/conferences/abstract-management/pricing,YoY Δ Clicks %,N/A,N/A,PASS,PASS,Benchmark Performance _ Omnipress - core-pages-YoY.csv,5
https://omnipress.com/conferences/abstract-management/pricing,YoY Δ Impr %,-75%,-75%,PASS,PASS,Benchmark Performance _ Omnipress - core-pages-YoY.csv,8
https://omnipress.com/conferences/abstract-management/pricing,YoY Δ Engaged Sessions %,-100%,-100%,PASS,PASS,Benchmark Performance _ Omnipress - core-pages-YoY.csv,11
https://omnipress.com/conferences/abstract-management/pricing,YoY Δ Users %,-100%,-100%,PASS,PASS,Benchmark Performance _ Omnipress - core-pages-YoY.csv,14
https://omnipress.com/conferences/abstract-management/pricing,YoY Δ Conv %,N/A,N/A,PASS,PASS,Benchmark Performance _ Omnipress - core-pages-YoY.csv,17
https://omnipress.com/training/training-class-participant-kits,L3M Δ Clicks %,-50%,-50%,PASS,PASS,Benchmark Performance _ Omnipress - Core Pages - L3M.csv,5
https://omnipress.com/training/training-class-participant-kits,L3M Δ Impr %,-16%,-16%,PASS,PASS,Benchmark Performance _ Omnipress - Core Pages - L3M.csv,8
https://omnipress.com/training/training-class-participant-kits,L3M Δ Engaged Sessions %,-17%,-17%,PASS,PASS,Benchmark Performance _ Omnipress - Core Pages - L3M.csv,11
https://omnipress.com/training/training-class-participant-kits,L3M Δ Users %,-10.00%,-10.00%,PASS,PASS,Benchmark Performance _ Omnipress - Core Pages - L3M.csv,14
https://omnipress.com/training/training-class-participant-kits,L3M Δ Conv %,N/A,N/A,PASS,PASS,Benchmark Performance _ Omnipress - Core Pages - L3M.csv,17
https://omnipress.com/training/training-class-participant-kits,YoY Δ Clicks %,-50%,-50%,PASS,PASS,Benchmark Performance _ Omnipress - core-pages-YoY.csv,5
https://omnipress.com/training/training-class-participant-kits,YoY Δ Impr %,-28%,-28%,PASS,PASS,Benchmark Performance _ Omnipress - core-pages-YoY.csv,8
https://omnipress.com/training/training-class-participant-kits,YoY Δ Engaged Sessions %,-69%,-69%,PASS,PASS,Benchmark Performance _ Omnipress - core-pages-YoY.csv,11
https://omnipress.com/training/training-class-participant-kits,YoY Δ Users %,-68%,-68%,PASS,PASS,Benchmark Performance _ Omnipress - core-pages-YoY.csv,14
https://omnipress.com/training/training-class-participant-kits,YoY Δ Conv %,N/A,N/A,PASS,PASS,Benchmark Performance _ Omnipress - core-pages-YoY.csv,17
https://omnipress.com/training/fulfillment/request-for-quote,L3M Δ Clicks %,N/A,N/A,PASS,PASS,Benchmark Performance _ Omnipress - Core Pages - L3M.csv,5
https://omnipress.com/training/fulfillment/request-for-quote,L3M Δ Impr %,-27%,-27%,PASS,PASS,Benchmark Performance _ Omnipress - Core Pages - L3M.csv,8
https://omnipress.com/training/fulfillment/request-for-quote,L3M Δ Engaged Sessions %,-75%,-75%,PASS,PASS,Benchmark Performance _ Omnipress - Core Pages - L3M.csv,11
https://omnipress.com/training/fulfillment/request-for-quote,L3M Δ Users %,N/A,N/A,PASS,PASS,Benchmark Performance _ Omnipress - Core Pages - L3M.csv,14
https://omnipress.com/training/fulfillment/request-for-quote,L3M Δ Conv %,0.00%,0.00%,PASS,PASS,Benchmark Performance _ Omnipress - Core Pages - L3M.csv,17
https://omnipress.com/training/fulfillment/request-for-quote,YoY Δ Clicks %,N/A,N/A,PASS,PASS,Benchmark Performance _ Omnipress - core-pages-YoY.csv,5
https://omnipress.com/training/fulfillment/request-for-quote,YoY Δ Impr %,-92%,-92%,PASS,PASS,Benchmark Performance _ Omnipress - core-pages-YoY.csv,8
https://omnipress.com/training/fulfillment/request-for-quote,YoY Δ Engaged Sessions %,N/A,N/A,PASS,PASS,Benchmark Performance _ Omnipress - core-pages-YoY.csv,11
https://omnipress.com/training/fulfillment/request-for-quote,YoY Δ Users %,N/A,N/A,PASS,PASS,Benchmark Performance _ Omnipress - core-pages-YoY.csv,14
https://omnipress.com/training/fulfillment/request-for-quote,YoY Δ Conv %,N/A,N/A,PASS,PASS,Benchmark Performance _ Omnipress - core-pages-YoY.csv,17
https://omnipress.com/conferences/abstract-management/request-for-demo,L3M Δ Clicks %,N/A,N/A,PASS,PASS,Benchmark Performance _ Omnipress - Core Pages - L3M.csv,5
https://omnipress.com/conferences/abstract-management/request-for-demo,L3M Δ Impr %,-25%,-25%,PASS,PASS,Benchmark Performance _ Omnipress - Core Pages - L3M.csv,8
https://omnipress.com/conferences/abstract-management/request-for-demo,L3M Δ Engaged Sessions %,-100%,-100%,PASS,PASS,Benchmark Performance _ Omnipress - Core Pages - L3M.csv,11
https://omnipress.com/conferences/abstract-management/request-for-demo,L3M Δ Users %,0.00%,0.00%,PASS,PASS,Benchmark Performance _ Omnipress - Core Pages - L3M.csv,14
https://omnipress.com/conferences/abstract-management/request-for-demo,L3M Δ Conv %,N/A,N/A,PASS,PASS,Benchmark Performance _ Omnipress - Core Pages - L3M.csv,17
https://omnipress.com/conferences/abstract-management/request-for-demo,YoY Δ Clicks %,N/A,N/A,PASS,PASS,Benchmark Performance _ Omnipress - core-pages-YoY.csv,5
https://omnipress.com/conferences/abstract-management/request-for-demo,YoY Δ Impr %,-38%,-38%,PASS,PASS,Benchmark Performance _ Omnipress - core-pages-YoY.csv,8
https://omnipress.com/conferences/abstract-management/request-for-demo,YoY Δ Engaged Sessions %,N/A,N/A,PASS,PASS,Benchmark Performance _ Omnipress - core-pages-YoY.csv,11
https://omnipress.com/conferences/abstract-management/request-for-demo,YoY Δ Users %,N/A,N/A,PASS,PASS,Benchmark Performance _ Omnipress - core-pages-YoY.csv,14
https://omnipress.com/conferences/abstract-management/request-for-demo,YoY Δ Conv %,N/A,N/A,PASS,PASS,Benchmark Performance _ Omnipress - core-pages-YoY.csv,17
https://omnipress.com/publications,L3M Δ Clicks %,-67%,-67%,PASS,PASS,Benchmark Performance _ Omnipress - Core Pages - L3M.csv,5
https://omnipress.com/publications,L3M Δ Impr %,-44%,-44%,PASS,PASS,Benchmark Performance _ Omnipress - Core Pages - L3M.csv,8
https://omnipress.com/publications,L3M Δ Engaged Sessions %,-6%,-6%,PASS,PASS,Benchmark Performance _ Omnipress - Core Pages - L3M.csv,11
https://omnipress.com/publications,L3M Δ Users %,2.86%,2.86%,PASS,PASS,Benchmark Performance _ Omnipress - Core Pages - L3M.csv,14
https://omnipress.com/publications,L3M Δ Conv %,N/A,N/A,PASS,PASS,Benchmark Performance _ Omnipress - Core Pages - L3M.csv,17
https://omnipress.com/publications,YoY Δ Clicks %,-67%,-67%,PASS,PASS,Benchmark Performance _ Omnipress - core-pages-YoY.csv,5
https://omnipress.com/publications,YoY Δ Impr %,-17%,-17%,PASS,PASS,Benchmark Performance _ Omnipress - core-pages-YoY.csv,8
https://omnipress.com/publications,YoY Δ Engaged Sessions %,-53%,-53%,PASS,PASS,Benchmark Performance _ Omnipress - core-pages-YoY.csv,11
https://omnipress.com/publications,YoY Δ Users %,-51%,-51%,PASS,PASS,Benchmark Performance _ Omnipress - core-pages-YoY.csv,14
https://omnipress.com/publications,YoY Δ Conv %,N/A,N/A,PASS,PASS,Benchmark Performance _ Omnipress - core-pages-YoY.csv,17
https://omnipress.com/conferences/digital-conference-flipbook/request-for-quote,L3M Δ Clicks %,N/A,N/A,PASS,PASS,Benchmark Performance _ Omnipress - Core Pages - L3M.csv,5
https://omnipress.com/conferences/digital-conference-flipbook/request-for-quote,L3M Δ Impr %,100%,100%,PASS,PASS,Benchmark Performance _ Omnipress - Core Pages - L3M.csv,8
https://omnipress.com/conferences/digital-conference-flipbook/request-for-quote,L3M Δ Engaged Sessions %,#N/A,#N/A,PASS,PASS,Benchmark Performance _ Omnipress - Core Pages - L3M.csv,11
https://omnipress.com/conferences/digital-conference-flipbook/request-for-quote,L3M Δ Users %,#N/A,#N/A,PASS,PASS,Benchmark Performance _ Omnipress - Core Pages - L3M.csv,14
https://omnipress.com/conferences/digital-conference-flipbook/request-for-quote,L3M Δ Conv %,#N/A,#N/A,PASS,PASS,Benchmark Performance _ Omnipress - Core Pages - L3M.csv,17
https://omnipress.com/conferences/digital-conference-flipbook/request-for-quote,YoY Δ Clicks %,N/A,N/A,PASS,PASS,Benchmark Performance _ Omnipress - core-pages-YoY.csv,5
https://omnipress.com/conferences/digital-conference-flipbook/request-for-quote,YoY Δ Impr %,-76%,-76%,PASS,PASS,Benchmark Performance _ Omnipress - core-pages-YoY.csv,8
https://omnipress.com/conferences/digital-conference-flipbook/request-for-quote,YoY Δ Engaged Sessions %,#N/A,#N/A,PASS,PASS,Benchmark Performance _ Omnipress - core-pages-YoY.csv,11
https://omnipress.com/conferences/digital-conference-flipbook/request-for-quote,YoY Δ Users %,#N/A,#N/A,PASS,PASS,Benchmark Performance _ Omnipress - core-pages-YoY.csv,14
https://omnipress.com/conferences/digital-conference-flipbook/request-for-quote,YoY Δ Conv %,#N/A,#N/A,PASS,PASS,Benchmark Performance _ Omnipress - core-pages-YoY.csv,17
https://omnipress.com/conferences/conference-printing/request-for-quote,L3M Δ Clicks %,N/A,N/A,PASS,PASS,Benchmark Performance _ Omnipress - Core Pages - L3M.csv,5
https://omnipress.com/conferences/conference-printing/request-for-quote,L3M Δ Impr %,-30%,-30%,PASS,PASS,Benchmark Performance _ Omnipress - Core Pages - L3M.csv,8
https://omnipress.com/conferences/conference-printing/request-for-quote,L3M Δ Engaged Sessions %,-80%,-80%,PASS,PASS,Benchmark Performance _ Omnipress - Core Pages - L3M.csv,11
https://omnipress.com/conferences/conference-printing/request-for-quote,L3M Δ Users %,N/A,N/A,PASS,PASS,Benchmark Performance _ Omnipress - Core Pages - L3M.csv,14
https://omnipress.com/conferences/conference-printing/request-for-quote,L3M Δ Conv %,N/A,N/A,PASS,PASS,Benchmark Performance _ Omnipress - Core Pages - L3M.csv,17
https://omnipress.com/conferences/conference-printing/request-for-quote,YoY Δ Clicks %,N/A,N/A,PASS,PASS,Benchmark Performance _ Omnipress - core-pages-YoY.csv,5
https://omnipress.com/conferences/conference-printing/request-for-quote,YoY Δ Impr %,40%,40%,PASS,PASS,Benchmark Performance _ Omnipress - core-pages-YoY.csv,8
https://omnipress.com/conferences/conference-printing/request-for-quote,YoY Δ Engaged Sessions %,N/A,N/A,PASS,PASS,Benchmark Performance _ Omnipress - core-pages-YoY.csv,11
https://omnipress.com/conferences/conference-printing/request-for-quote,YoY Δ Users %,N/A,N/A,PASS,PASS,Benchmark Performance _ Omnipress - core-pages-YoY.csv,14
https://omnipress.com/conferences/conference-printing/request-for-quote,YoY Δ Conv %,N/A,N/A,PASS,PASS,Benchmark Performance _ Omnipress - core-pages-YoY.csv,17
https://omnipress.com/training/training-manual-printing,L3M Δ Clicks %,700%,700%,PASS,PASS,Benchmark Performance _ Omnipress - Core Pages - L3M.csv,5
https://omnipress.com/training/training-manual-printing,L3M Δ Impr %,-36%,-36%,PASS,PASS,Benchmark Performance _ Omnipress - Core Pages - L3M.csv,8
https://omnipress.com/training/training-manual-printing,L3M Δ Engaged Sessions %,-75%,-75%,PASS,PASS,Benchmark Performance _ Omnipress - Core Pages - L3M.csv,11
https://omnipress.com/training/training-manual-printing,L3M Δ Users %,-296.72%,-296.72%,PASS,PASS,Benchmark Performance _ Omnipress - Core Pages - L3M.csv,14
https://omnipress.com/training/training-manual-printing,L3M Δ Conv %,-1100.00%,-1100.00%,PASS,PASS,Benchmark Performance _ Omnipress - Core Pages - L3M.csv,17
https://omnipress.com/training/training-manual-printing,YoY Δ Clicks %,700%,700%,PASS,PASS,Benchmark Performance _ Omnipress - core-pages-YoY.csv,5
https://omnipress.com/training/training-manual-printing,YoY Δ Impr %,2687%,2687%,PASS,PASS,Benchmark Performance _ Omnipress - core-pages-YoY.csv,8
https://omnipress.com/training/training-manual-printing,YoY Δ Engaged Sessions %,-79%,-79%,PASS,PASS,Benchmark Performance _ Omnipress - core-pages-YoY.csv,11
https://omnipress.com/training/training-manual-printing,YoY Δ Users %,-78%,-78%,PASS,PASS,Benchmark Performance _ Omnipress - core-pages-YoY.csv,14
https://omnipress.com/training/training-manual-printing,YoY Δ Conv %,-95%,-95%,PASS,PASS,Benchmark Performance _ Omnipress - core-pages-YoY.csv,17
https://omnipress.com/training/print-k-12-course-materials,L3M Δ Clicks %,9%,9%,PASS,PASS,Benchmark Performance _ Omnipress - Core Pages - L3M.csv,5
https://omnipress.com/training/print-k-12-course-materials,L3M Δ Impr %,9%,9%,PASS,PASS,Benchmark Performance _ Omnipress - Core Pages - L3M.csv,8
https://omnipress.com/training/print-k-12-course-materials,L3M Δ Engaged Sessions %,-68%,-68%,PASS,PASS,Benchmark Performance _ Omnipress - Core Pages - L3M.csv,11
https://omnipress.com/training/print-k-12-course-materials,L3M Δ Users %,-163.93%,-163.93%,PASS,PASS,Benchmark Performance _ Omnipress - Core Pages - L3M.csv,14
https://omnipress.com/training/print-k-12-course-materials,L3M Δ Conv %,-133.33%,-133.33%,PASS,PASS,Benchmark Performance _ Omnipress - Core Pages - L3M.csv,17
https://omnipress.com/training/print-k-12-course-materials,YoY Δ Clicks %,9%,9%,PASS,PASS,Benchmark Performance _ Omnipress - core-pages-YoY.csv,5
https://omnipress.com/training/print-k-12-course-materials,YoY Δ Impr %,1053%,1053%,PASS,PASS,Benchmark Performance _ Omnipress - core-pages-YoY.csv,8
https://omnipress.com/training/print-k-12-course-materials,YoY Δ Engaged Sessions %,-98%,-98%,PASS,PASS,Benchmark Performance _ Omnipress - core-pages-YoY.csv,11
https://omnipress.com/training/print-k-12-course-materials,YoY Δ Users %,-97%,-97%,PASS,PASS,Benchmark Performance _ Omnipress - core-pages-YoY.csv,14
https://omnipress.com/training/print-k-12-course-materials,YoY Δ Conv %,-67%,-67%,PASS,PASS,Benchmark Performance _ Omnipress - core-pages-YoY.csv,17
https://omnipress.com/conferences/virtual-conference-event-platform,L3M Δ Clicks %,-50%,-50%,PASS,PASS,Benchmark Performance _ Omnipress - Core Pages - L3M.csv,5
https://omnipress.com/conferences/virtual-conference-event-platform,L3M Δ Impr %,69%,69%,PASS,PASS,Benchmark Performance _ Omnipress - Core Pages - L3M.csv,8
https://omnipress.com/conferences/virtual-conference-event-platform,L3M Δ Engaged Sessions %,300%,300%,PASS,PASS,Benchmark Performance _ Omnipress - Core Pages - L3M.csv,11
https://omnipress.com/conferences/virtual-conference-event-platform,L3M Δ Users %,78.57%,78.57%,PASS,PASS,Benchmark Performance _ Omnipress - Core Pages - L3M.csv,14
https://omnipress.com/conferences/virtual-conference-event-platform,L3M Δ Conv %,N/A,N/A,PASS,PASS,Benchmark Performance _ Omnipress - Core Pages - L3M.csv,17
https://omnipress.com/conferences/virtual-conference-event-platform,YoY Δ Clicks %,-50%,-50%,PASS,PASS,Benchmark Performance _ Omnipress - core-pages-YoY.csv,5
https://omnipress.com/conferences/virtual-conference-event-platform,YoY Δ Impr %,-97%,-97%,PASS,PASS,Benchmark Performance _ Omnipress - core-pages-YoY.csv,8
https://omnipress.com/conferences/virtual-conference-event-platform,YoY Δ Engaged Sessions %,0%,0%,PASS,PASS,Benchmark Performance _ Omnipress - core-pages-YoY.csv,11
https://omnipress.com/conferences/virtual-conference-event-platform,YoY Δ Users %,56%,56%,PASS,PASS,Benchmark Performance _ Omnipress - core-pages-YoY.csv,14
https://omnipress.com/conferences/virtual-conference-event-platform,YoY Δ Conv %,N/A,N/A,PASS,PASS,Benchmark Performance _ Omnipress - core-pages-YoY.csv,17
https://omnipress.com/careers/omnipress-application-form,L3M Δ Clicks %,-67%,-67%,PASS,PASS,Benchmark Performance _ Omnipress - Core Pages - L3M.csv,5
https://omnipress.com/careers/omnipress-application-form,L3M Δ Impr %,-21%,-21%,PASS,PASS,Benchmark Performance _ Omnipress - Core Pages - L3M.csv,8
https://omnipress.com/careers/omnipress-application-form,L3M Δ Engaged Sessions %,-50%,-50%,PASS,PASS,Benchmark Performance _ Omnipress - Core Pages - L3M.csv,11
https://omnipress.com/careers/omnipress-application-form,L3M Δ Users %,0.00%,0.00%,PASS,PASS,Benchmark Performance _ Omnipress - Core Pages - L3M.csv,14
https://omnipress.com/careers/omnipress-application-form,L3M Δ Conv %,N/A,N/A,PASS,PASS,Benchmark Performance _ Omnipress - Core Pages - L3M.csv,17
https://omnipress.com/careers/omnipress-application-form,YoY Δ Clicks %,-67%,-67%,PASS,PASS,Benchmark Performance _ Omnipress - core-pages-YoY.csv,5
https://omnipress.com/careers/omnipress-application-form,YoY Δ Impr %,37%,37%,PASS,PASS,Benchmark Performance _ Omnipress - core-pages-YoY.csv,8
https://omnipress.com/careers/omnipress-application-form,YoY Δ Engaged Sessions %,-21%,-21%,PASS,PASS,Benchmark Performance _ Omnipress - core-pages-YoY.csv,11
https://omnipress.com/careers/omnipress-application-form,YoY Δ Users %,-43%,-43%,PASS,PASS,Benchmark Performance _ Omnipress - core-pages-YoY.csv,14
https://omnipress.com/careers/omnipress-application-form,YoY Δ Conv %,N/A,N/A,PASS,PASS,Benchmark Performance _ Omnipress - core-pages-YoY.csv,17
https://omnipress.com/bindings-tabs-finishes/request-for-information,L3M Δ Clicks %,N/A,N/A,PASS,PASS,Benchmark Performance _ Omnipress - Core Pages - L3M.csv,5
https://omnipress.com/bindings-tabs-finishes/request-for-information,L3M Δ Impr %,0%,0%,PASS,PASS,Benchmark Performance _ Omnipress - Core Pages - L3M.csv,8
https://omnipress.com/bindings-tabs-finishes/request-for-information,L3M Δ Engaged Sessions %,0%,0%,PASS,PASS,Benchmark Performance _ Omnipress - Core Pages - L3M.csv,11
https://omnipress.com/bindings-tabs-finishes/request-for-information,L3M Δ Users %,N/A,N/A,PASS,PASS,Benchmark Performance _ Omnipress - Core Pages - L3M.csv,14
https://omnipress.com/bindings-tabs-finishes/request-for-information,L3M Δ Conv %,N/A,N/A,PASS,PASS,Benchmark Performance _ Omnipress - Core Pages - L3M.csv,17
https://omnipress.com/bindings-tabs-finishes/request-for-information,YoY Δ Clicks %,N/A,N/A,PASS,PASS,Benchmark Performance _ Omnipress - core-pages-YoY.csv,5
https://omnipress.com/bindings-tabs-finishes/request-for-information,YoY Δ Impr %,N/A,N/A,PASS,PASS,Benchmark Performance _ Omnipress - core-pages-YoY.csv,8
https://omnipress.com/bindings-tabs-finishes/request-for-information,YoY Δ Engaged Sessions %,-75%,-75%,PASS,PASS,Benchmark Performance _ Omnipress - core-pages-YoY.csv,11
https://omnipress.com/bindings-tabs-finishes/request-for-information,YoY Δ Users %,N/A,N/A,PASS,PASS,Benchmark Performance _ Omnipress - core-pages-YoY.csv,14
https://omnipress.com/bindings-tabs-finishes/request-for-information,YoY Δ Conv %,N/A,N/A,PASS,PASS,Benchmark Performance _ Omnipress - core-pages-YoY.csv,17
https://omnipress.com/conferences/abstract-management/catalyst-features-videos,L3M Δ Clicks %,N/A,N/A,PASS,PASS,Benchmark Performance _ Omnipress - Core Pages - L3M.csv,5
https://omnipress.com/conferences/abstract-management/catalyst-features-videos,L3M Δ Impr %,-33%,-33%,PASS,PASS,Benchmark Performance _ Omnipress - Core Pages - L3M.csv,8
https://omnipress.com/conferences/abstract-management/catalyst-features-videos,L3M Δ Engaged Sessions %,N/A,N/A,PASS,PASS,Benchmark Performance _ Omnipress - Core Pages - L3M.csv,11
https://omnipress.com/conferences/abstract-management/catalyst-features-videos,L3M Δ Users %,100.00%,100.00%,PASS,PASS,Benchmark Performance _ Omnipress - Core Pages - L3M.csv,14
https://omnipress.com/conferences/abstract-management/catalyst-features-videos,L3M Δ Conv %,N/A,N/A,PASS,PASS,Benchmark Performance _ Omnipress - Core Pages - L3M.csv,17
https://omnipress.com/conferences/abstract-management/catalyst-features-videos,YoY Δ Clicks %,N/A,N/A,PASS,PASS,Benchmark Performance _ Omnipress - core-pages-YoY.csv,5
https://omnipress.com/conferences/abstract-management/catalyst-features-videos,YoY Δ Impr %,-56%,-56%,PASS,PASS,Benchmark Performance _ Omnipress - core-pages-YoY.csv,8
https://omnipress.com/conferences/abstract-management/catalyst-features-videos,YoY Δ Engaged Sessions %,N/A,N/A,PASS,PASS,Benchmark Performance _ Omnipress - core-pages-YoY.csv,11
https://omnipress.com/conferences/abstract-management/catalyst-features-videos,YoY Δ Users %,N/A,N/A,PASS,PASS,Benchmark Performance _ Omnipress - core-pages-YoY.csv,14
https://omnipress.com/conferences/abstract-management/catalyst-features-videos,YoY Δ Conv %,N/A,N/A,PASS,PASS,Benchmark Performance _ Omnipress - core-pages-YoY.csv,17
https://omnipress.com/training,L3M Δ Clicks %,-25%,-25%,PASS,PASS,Benchmark Performance _ Omnipress - Core Pages - L3M.csv,5
https://omnipress.com/training,L3M Δ Impr %,84%,84%,PASS,PASS,Benchmark Performance _ Omnipress - Core Pages - L3M.csv,8
https://omnipress.com/training,L3M Δ Engaged Sessions %,-6%,-6%,PASS,PASS,Benchmark Performance _ Omnipress - Core Pages - L3M.csv,11
https://omnipress.com/training,L3M Δ Users %,0.00%,0.00%,PASS,PASS,Benchmark Performance _ Omnipress - Core Pages - L3M.csv,14
https://omnipress.com/training,L3M Δ Conv %,100.00%,100.00%,PASS,PASS,Benchmark Performance _ Omnipress - Core Pages - L3M.csv,17
https://omnipress.com/training,YoY Δ Clicks %,-25%,-25%,PASS,PASS,Benchmark Performance _ Omnipress - core-pages-YoY.csv,5
https://omnipress.com/training,YoY Δ Impr %,91%,91%,PASS,PASS,Benchmark Performance _ Omnipress - core-pages-YoY.csv,8
https://omnipress.com/training,YoY Δ Engaged Sessions %,-36%,-36%,PASS,PASS,Benchmark Performance _ Omnipress - core-pages-YoY.csv,11
https://omnipress.com/training,YoY Δ Users %,-35%,-35%,PASS,PASS,Benchmark Performance _ Omnipress - core-pages-YoY.csv,14
https://omnipress.com/training,YoY Δ Conv %,N/A,N/A,PASS,PASS,Benchmark Performance _ Omnipress - core-pages-YoY.csv,17
https://omnipress.com/conferences/digital-conference-flipbook/demo,L3M Δ Clicks %,0%,0%,PASS,PASS,Benchmark Performance _ Omnipress - Core Pages - L3M.csv,5
https://omnipress.com/conferences/digital-conference-flipbook/demo,L3M Δ Impr %,-33%,-33%,PASS,PASS,Benchmark Performance _ Omnipress - Core Pages - L3M.csv,8
https://omnipress.com/conferences/digital-conference-flipbook/demo,L3M Δ Engaged Sessions %,100%,100%,PASS,PASS,Benchmark Performance _ Omnipress - Core Pages - L3M.csv,11
https://omnipress.com/conferences/digital-conference-flipbook/demo,L3M Δ Users %,100.00%,100.00%,PASS,PASS,Benchmark Performance _ Omnipress - Core Pages - L3M.csv,14
https://omnipress.com/conferences/digital-conference-flipbook/demo,L3M Δ Conv %,N/A,N/A,PASS,PASS,Benchmark Performance _ Omnipress - Core Pages - L3M.csv,17
https://omnipress.com/conferences/digital-conference-flipbook/demo,YoY Δ Clicks %,0%,0%,PASS,PASS,Benchmark Performance _ Omnipress - core-pages-YoY.csv,5
https://omnipress.com/conferences/digital-conference-flipbook/demo,YoY Δ Impr %,-73%,-73%,PASS,PASS,Benchmark Performance _ Omnipress - core-pages-YoY.csv,8
https://omnipress.com/conferences/digital-conference-flipbook/demo,YoY Δ Engaged Sessions %,-60%,-60%,PASS,PASS,Benchmark Performance _ Omnipress - core-pages-YoY.csv,11
https://omnipress.com/conferences/digital-conference-flipbook/demo,YoY Δ Users %,0%,0%,PASS,PASS,Benchmark Performance _ Omnipress - core-pages-YoY.csv,14
https://omnipress.com/conferences/digital-conference-flipbook/demo,YoY Δ Conv %,N/A,N/A,PASS,PASS,Benchmark Performance _ Omnipress - core-pages-YoY.csv,17
https://omnipress.com/publications/publication-printing/request-for-quote,L3M Δ Clicks %,N/A,N/A,PASS,PASS,Benchmark Performance _ Omnipress - Core Pages - L3M.csv,5
https://omnipress.com/publications/publication-printing/request-for-quote,L3M Δ Impr %,120%,120%,PASS,PASS,Benchmark Performance _ Omnipress - Core Pages - L3M.csv,8
https://omnipress.com/publications/publication-printing/request-for-quote,L3M Δ Engaged Sessions %,-100%,-100%,PASS,PASS,Benchmark Performance _ Omnipress - Core Pages - L3M.csv,11
https://omnipress.com/publications/publication-printing/request-for-quote,L3M Δ Users %,N/A,N/A,PASS,PASS,Benchmark Performance _ Omnipress - Core Pages - L3M.csv,14
https://omnipress.com/publications/publication-printing/request-for-quote,L3M Δ Conv %,N/A,N/A,PASS,PASS,Benchmark Performance _ Omnipress - Core Pages - L3M.csv,17
https://omnipress.com/publications/publication-printing/request-for-quote,YoY Δ Clicks %,N/A,N/A,PASS,PASS,Benchmark Performance _ Omnipress - core-pages-YoY.csv,5
https://omnipress.com/publications/publication-printing/request-for-quote,YoY Δ Impr %,120%,120%,PASS,PASS,Benchmark Performance _ Omnipress - core-pages-YoY.csv,8
https://omnipress.com/publications/publication-printing/request-for-quote,YoY Δ Engaged Sessions %,#N/A,#N/A,PASS,PASS,Benchmark Performance _ Omnipress - core-pages-YoY.csv,11
https://omnipress.com/publications/publication-printing/request-for-quote,YoY Δ Users %,#N/A,#N/A,PASS,PASS,Benchmark Performance _ Omnipress - core-pages-YoY.csv,14
https://omnipress.com/publications/publication-printing/request-for-quote,YoY Δ Conv %,#N/A,#N/A,PASS,PASS,Benchmark Performance _ Omnipress - core-pages-YoY.csv,17
https://omnipress.com/print-and-fulfillment-services,L3M Δ Clicks %,0%,0%,PASS,PASS,Benchmark Performance _ Omnipress - Core Pages - L3M.csv,5
https://omnipress.com/print-and-fulfillment-services,L3M Δ Impr %,-36%,-36%,PASS,PASS,Benchmark Performance _ Omnipress - Core Pages - L3M.csv,8
https://omnipress.com/print-and-fulfillment-services,L3M Δ Engaged Sessions %,4%,4%,PASS,PASS,Benchmark Performance _ Omnipress - Core Pages - L3M.csv,11
https://omnipress.com/print-and-fulfillment-services,L3M Δ Users %,6.67%,6.67%,PASS,PASS,Benchmark Performance _ Omnipress - Core Pages - L3M.csv,14
https://omnipress.com/print-and-fulfillment-services,L3M Δ Conv %,N/A,N/A,PASS,PASS,Benchmark Performance _ Omnipress - Core Pages - L3M.csv,17
https://omnipress.com/print-and-fulfillment-services,YoY Δ Clicks %,0%,0%,PASS,PASS,Benchmark Performance _ Omnipress - core-pages-YoY.csv,5
https://omnipress.com/print-and-fulfillment-services,YoY Δ Impr %,2%,2%,PASS,PASS,Benchmark Performance _ Omnipress - core-pages-YoY.csv,8
https://omnipress.com/print-and-fulfillment-services,YoY Δ Engaged Sessions %,-76%,-76%,PASS,PASS,Benchmark Performance _ Omnipress - core-pages-YoY.csv,11
https://omnipress.com/print-and-fulfillment-services,YoY Δ Users %,-59%,-59%,PASS,PASS,Benchmark Performance _ Omnipress - core-pages-YoY.csv,14
https://omnipress.com/print-and-fulfillment-services,YoY Δ Conv %,-100%,-100%,PASS,PASS,Benchmark Performance _ Omnipress - core-pages-YoY.csv,17
https://omnipress.com/training/print-training-manuals/request-for-quote,L3M Δ Clicks %,N/A,N/A,PASS,PASS,Benchmark Performance _ Omnipress - Core Pages - L3M.csv,5
https://omnipress.com/training/print-training-manuals/request-for-quote,L3M Δ Impr %,200%,200%,PASS,PASS,Benchmark Performance _ Omnipress - Core Pages - L3M.csv,8
https://omnipress.com/training/print-training-manuals/request-for-quote,L3M Δ Engaged Sessions %,0%,0%,PASS,PASS,Benchmark Performance _ Omnipress - Core Pages - L3M.csv,11
https://omnipress.com/training/print-training-manuals/request-for-quote,L3M Δ Users %,-100.00%,-100.00%,PASS,PASS,Benchmark Performance _ Omnipress - Core Pages - L3M.csv,14
https://omnipress.com/training/print-training-manuals/request-for-quote,L3M Δ Conv %,N/A,N/A,PASS,PASS,Benchmark Performance _ Omnipress - Core Pages - L3M.csv,17
https://omnipress.com/training/print-training-manuals/request-for-quote,YoY Δ Clicks %,N/A,N/A,PASS,PASS,Benchmark Performance _ Omnipress - core-pages-YoY.csv,5
https://omnipress.com/training/print-training-manuals/request-for-quote,YoY Δ Impr %,50%,50%,PASS,PASS,Benchmark Performance _ Omnipress - core-pages-YoY.csv,8
https://omnipress.com/training/print-training-manuals/request-for-quote,YoY Δ Engaged Sessions %,-67%,-67%,PASS,PASS,Benchmark Performance _ Omnipress - core-pages-YoY.csv,11
https://omnipress.com/training/print-training-manuals/request-for-quote,YoY Δ Users %,0%,0%,PASS,PASS,Benchmark Performance _ Omnipress - core-pages-YoY.csv,14
https://omnipress.com/training/print-training-manuals/request-for-quote,YoY Δ Conv %,N/A,N/A,PASS,PASS,Benchmark Performance _ Omnipress - core-pages-YoY.csv,17
https://omnipress.com/bindings-tabs-finishes,L3M Δ Clicks %,-11%,-11%,PASS,PASS,Benchmark Performance _ Omnipress - Core Pages - L3M.csv,5
https://omnipress.com/bindings-tabs-finishes,L3M Δ Impr %,13%,13%,PASS,PASS,Benchmark Performance _ Omnipress - Core Pages - L3M.csv,8
https://omnipress.com/bindings-tabs-finishes,L3M Δ Engaged Sessions %,#N/A,#N/A,PASS,PASS,Benchmark Performance _ Omnipress - Core Pages - L3M.csv,11
https://omnipress.com/bindings-tabs-finishes,L3M Δ Users %,#N/A,#N/A,PASS,PASS,Benchmark Performance _ Omnipress - Core Pages - L3M.csv,14
https://omnipress.com/bindings-tabs-finishes,L3M Δ Conv %,#N/A,#N/A,PASS,PASS,Benchmark Performance _ Omnipress - Core Pages - L3M.csv,17
https://omnipress.com/bindings-tabs-finishes,YoY Δ Clicks %,-11%,-11%,PASS,PASS,Benchmark Performance _ Omnipress - core-pages-YoY.csv,5
https://omnipress.com/bindings-tabs-finishes,YoY Δ Impr %,-28%,-28%,PASS,PASS,Benchmark Performance _ Omnipress - core-pages-YoY.csv,8
https://omnipress.com/bindings-tabs-finishes,YoY Δ Engaged Sessions %,#N/A,#N/A,PASS,PASS,Benchmark Performance _ Omnipress - core-pages-YoY.csv,11
https://omnipress.com/bindings-tabs-finishes,YoY Δ Users %,#N/A,#N/A,PASS,PASS,Benchmark Performance _ Omnipress - core-pages-YoY.csv,14
https://omnipress.com/bindings-tabs-finishes,YoY Δ Conv %,#N/A,#N/A,PASS,PASS,Benchmark Performance _ Omnipress - core-pages-YoY.csv,17
https://omnipress.com/about-us,L3M Δ Clicks %,-31%,-31%,PASS,PASS,Benchmark Performance _ Omnipress - Core Pages - L3M.csv,5
https://omnipress.com/about-us,L3M Δ Impr %,-8%,-8%,PASS,PASS,Benchmark Performance _ Omnipress - Core Pages - L3M.csv,8
https://omnipress.com/about-us,L3M Δ Engaged Sessions %,#N/A,#N/A,PASS,PASS,Benchmark Performance _ Omnipress - Core Pages - L3M.csv,11
https://omnipress.com/about-us,L3M Δ Users %,#N/A,#N/A,PASS,PASS,Benchmark Performance _ Omnipress - Core Pages - L3M.csv,14
https://omnipress.com/about-us,L3M Δ Conv %,#N/A,#N/A,PASS,PASS,Benchmark Performance _ Omnipress - Core Pages - L3M.csv,17
https://omnipress.com/about-us,YoY Δ Clicks %,-31%,-31%,PASS,PASS,Benchmark Performance _ Omnipress - core-pages-YoY.csv,5
https://omnipress.com/about-us,YoY Δ Impr %,-16%,-16%,PASS,PASS,Benchmark Performance _ Omnipress - core-pages-YoY.csv,8
https://omnipress.com/about-us,YoY Δ Engaged Sessions %,#N/A,#N/A,PASS,PASS,Benchmark Performance _ Omnipress - core-pages-YoY.csv,11
https://omnipress.com/about-us,YoY Δ Users %,#N/A,#N/A,PASS,PASS,Benchmark Performance _ Omnipress - core-pages-YoY.csv,14
https://omnipress.com/about-us,YoY Δ Conv %,#N/A,#N/A,PASS,PASS,Benchmark Performance _ Omnipress - core-pages-YoY.csv,17
https://omnipress.com/conferences/event-services/event-services-contact-form,L3M Δ Clicks %,N/A,N/A,PASS,PASS,Benchmark Performance _ Omnipress - Core Pages - L3M.csv,5
https://omnipress.com/conferences/event-services/event-services-contact-form,L3M Δ Impr %,9%,9%,PASS,PASS,Benchmark Performance _ Omnipress - Core Pages - L3M.csv,8
https://omnipress.com/conferences/event-services/event-services-contact-form,L3M Δ Engaged Sessions %,#N/A,#N/A,PASS,PASS,Benchmark Performance _ Omnipress - Core Pages - L3M.csv,11
https://omnipress.com/conferences/event-services/event-services-contact-form,L3M Δ Users %,#N/A,#N/A,PASS,PASS,Benchmark Performance _ Omnipress - Core Pages - L3M.csv,14
https://omnipress.com/conferences/event-services/event-services-contact-form,L3M Δ Conv %,#N/A,#N/A,PASS,PASS,Benchmark Performance _ Omnipress - Core Pages - L3M.csv,17
https://omnipress.com/conferences/event-services/event-services-contact-form,YoY Δ Clicks %,N/A,N/A,PASS,PASS,Benchmark Performance _ Omnipress - core-pages-YoY.csv,5
https://omnipress.com/conferences/event-services/event-services-contact-form,YoY Δ Impr %,-52%,-52%,PASS,PASS,Benchmark Performance _ Omnipress - core-pages-YoY.csv,8
https://omnipress.com/conferences/event-services/event-services-contact-form,YoY Δ Engaged Sessions %,#N/A,#N/A,PASS,PASS,Benchmark Performance _ Omnipress - core-pages-YoY.csv,11
https://omnipress.com/conferences/event-services/event-services-contact-form,YoY Δ Users %,#N/A,#N/A,PASS,PASS,Benchmark Performance _ Omnipress - core-pages-YoY.csv,14
https://omnipress.com/conferences/event-services/event-services-contact-form,YoY Δ Conv %,#N/A,#N/A,PASS,PASS,Benchmark Performance _ Omnipress - core-pages-YoY.csv,17
https://omnipress.com/abstract-and-application-management,L3M Δ Clicks %,N/A,N/A,PASS,PASS,Benchmark Performance _ Omnipress - Core Pages - L3M.csv,5
https://omnipress.com/abstract-and-application-management,L3M Δ Impr %,139%,139%,PASS,PASS,Benchmark Performance _ Omnipress - Core Pages - L3M.csv,8
https://omnipress.com/abstract-and-application-management,L3M Δ Engaged Sessions %,200%,200%,PASS,PASS,Benchmark Performance _ Omnipress - Core Pages - L3M.csv,11
https://omnipress.com/abstract-and-application-management,L3M Δ Users %,76.92%,76.92%,PASS,PASS,Benchmark Performance _ Omnipress - Core Pages - L3M.csv,14
https://omnipress.com/abstract-and-application-management,L3M Δ Conv %,N/A,N/A,PASS,PASS,Benchmark Performance _ Omnipress - Core Pages - L3M.csv,17
https://omnipress.com/abstract-and-application-management,YoY Δ Clicks %,N/A,N/A,PASS,PASS,Benchmark Performance _ Omnipress - core-pages-YoY.csv,5
https://omnipress.com/abstract-and-application-management,YoY Δ Impr %,278%,278%,PASS,PASS,Benchmark Performance _ Omnipress - core-pages-YoY.csv,8
https://omnipress.com/abstract-and-application-management,YoY Δ Engaged Sessions %,-37%,-37%,PASS,PASS,Benchmark Performance _ Omnipress - core-pages-YoY.csv,11
https://omnipress.com/abstract-and-application-management,YoY Δ Users %,-35%,-35%,PASS,PASS,Benchmark Performance _ Omnipress - core-pages-YoY.csv,14
https://omnipress.com/abstract-and-application-management,YoY Δ Conv %,N/A,N/A,PASS,PASS,Benchmark Performance _ Omnipress - core-pages-YoY.csv,17
https://omnipress.com/training/print-training-manuals,L3M Δ Clicks %,24%,24%,PASS,PASS,Benchmark Performance _ Omnipress - Core Pages - L3M.csv,5
https://omnipress.com/training/print-training-manuals,L3M Δ Impr %,3%,3%,PASS,PASS,Benchmark Performance _ Omnipress - Core Pages - L3M.csv,8
https://omnipress.com/training/print-training-manuals,L3M Δ Engaged Sessions %,-29%,-29%,PASS,PASS,Benchmark Performance _ Omnipress - Core Pages - L3M.csv,11
https://omnipress.com/training/print-training-manuals,L3M Δ Users %,-41.38%,-41.38%,PASS,PASS,Benchmark Performance _ Omnipress - Core Pages - L3M.csv,14
https://omnipress.com/training/print-training-manuals,L3M Δ Conv %,-200.00%,-200.00%,PASS,PASS,Benchmark Performance _ Omnipress - Core Pages - L3M.csv,17
https://omnipress.com/training/print-training-manuals,YoY Δ Clicks %,24%,24%,PASS,PASS,Benchmark Performance _ Omnipress - core-pages-YoY.csv,5
https://omnipress.com/training/print-training-manuals,YoY Δ Impr %,-16%,-16%,PASS,PASS,Benchmark Performance _ Omnipress - core-pages-YoY.csv,8
https://omnipress.com/training/print-training-manuals,YoY Δ Engaged Sessions %,-67%,-67%,PASS,PASS,Benchmark Performance _ Omnipress - core-pages-YoY.csv,11
https://omnipress.com/training/print-training-manuals,YoY Δ Users %,-67%,-67%,PASS,PASS,Benchmark Performance _ Omnipress - core-pages-YoY.csv,14
https://omnipress.com/training/print-training-manuals,YoY Δ Conv %,-91%,-91%,PASS,PASS,Benchmark Performance _ Omnipress - core-pages-YoY.csv,17
https://omnipress.com/application-management/grants-management,L3M Δ Clicks %,0%,0%,PASS,PASS,Benchmark Performance _ Omnipress - Core Pages - L3M.csv,5
https://omnipress.com/application-management/grants-management,L3M Δ Impr %,-38%,-38%,PASS,PASS,Benchmark Performance _ Omnipress - Core Pages - L3M.csv,8
https://omnipress.com/application-management/grants-management,L3M Δ Engaged Sessions %,50%,50%,PASS,PASS,Benchmark Performance _ Omnipress - Core Pages - L3M.csv,11
https://omnipress.com/application-management/grants-management,L3M Δ Users %,40.00%,40.00%,PASS,PASS,Benchmark Performance _ Omnipress - Core Pages - L3M.csv,14
https://omnipress.com/application-management/grants-management,L3M Δ Conv %,N/A,N/A,PASS,PASS,Benchmark Performance _ Omnipress - Core Pages - L3M.csv,17
https://omnipress.com/application-management/grants-management,YoY Δ Clicks %,0%,0%,PASS,PASS,Benchmark Performance _ Omnipress - core-pages-YoY.csv,5
https://omnipress.com/application-management/grants-management,YoY Δ Impr %,-72%,-72%,PASS,PASS,Benchmark Performance _ Omnipress - core-pages-YoY.csv,8
https://omnipress.com/application-management/grants-management,YoY Δ Engaged Sessions %,0%,0%,PASS,PASS,Benchmark Performance _ Omnipress - core-pages-YoY.csv,11
https://omnipress.com/application-management/grants-management,YoY Δ Users %,11%,11%,PASS,PASS,Benchmark Performance _ Omnipress - core-pages-YoY.csv,14
https://omnipress.com/application-management/grants-management,YoY Δ Conv %,N/A,N/A,PASS,PASS,Benchmark Performance _ Omnipress - core-pages-YoY.csv,17
https://omnipress.com/digital-products,L3M Δ Clicks %,0%,0%,PASS,PASS,Benchmark Performance _ Omnipress - Core Pages - L3M.csv,5
https://omnipress.com/digital-products,L3M Δ Impr %,128%,128%,PASS,PASS,Benchmark Performance _ Omnipress - Core Pages - L3M.csv,8
https://omnipress.com/digital-products,L3M Δ Engaged Sessions %,0%,0%,PASS,PASS,Benchmark Performance _ Omnipress - Core Pages - L3M.csv,11
https://omnipress.com/digital-products,L3M Δ Users %,8.33%,8.33%,PASS,PASS,Benchmark Performance _ Omnipress - Core Pages - L3M.csv,14
https://omnipress.com/digital-products,L3M Δ Conv %,N/A,N/A,PASS,PASS,Benchmark Performance _ Omnipress - Core Pages - L3M.csv,17
https://omnipress.com/digital-products,YoY Δ Clicks %,0%,0%,PASS,PASS,Benchmark Performance _ Omnipress - core-pages-YoY.csv,5
https://omnipress.com/digital-products,YoY Δ Impr %,-60%,-60%,PASS,PASS,Benchmark Performance _ Omnipress - core-pages-YoY.csv,8
https://omnipress.com/digital-products,YoY Δ Engaged Sessions %,-48%,-48%,PASS,PASS,Benchmark Performance _ Omnipress - core-pages-YoY.csv,11
https://omnipress.com/digital-products,YoY Δ Users %,-40%,-40%,PASS,PASS,Benchmark Performance _ Omnipress - core-pages-YoY.csv,14
https://omnipress.com/digital-products,YoY Δ Conv %,N/A,N/A,PASS,PASS,Benchmark Performance _ Omnipress - core-pages-YoY.csv,17
https://omnipress.com/training/fulfillment/5-easy-steps-to-a-successful-print-fulfillment-transition,L3M Δ Clicks %,N/A,N/A,PASS,PASS,Benchmark Performance _ Omnipress - Core Pages - L3M.csv,5
https://omnipress.com/training/fulfillment/5-easy-steps-to-a-successful-print-fulfillment-transition,L3M Δ Impr %,121%,121%,PASS,PASS,Benchmark Performance _ Omnipress - Core Pages - L3M.csv,8
https://omnipress.com/training/fulfillment/5-easy-steps-to-a-successful-print-fulfillment-transition,L3M Δ Engaged Sessions %,-100%,-100%,PASS,PASS,Benchmark Performance _ Omnipress - Core Pages - L3M.csv,11
https://omnipress.com/training/fulfillment/5-easy-steps-to-a-successful-print-fulfillment-transition,L3M Δ Users %,-50.00%,-50.00%,PASS,PASS,Benchmark Performance _ Omnipress - Core Pages - L3M.csv,14
https://omnipress.com/training/fulfillment/5-easy-steps-to-a-successful-print-fulfillment-transition,L3M Δ Conv %,N/A,N/A,PASS,PASS,Benchmark Performance _ Omnipress - Core Pages - L3M.csv,17
https://omnipress.com/training/fulfillment/5-easy-steps-to-a-successful-print-fulfillment-transition,YoY Δ Clicks %,N/A,N/A,PASS,PASS,Benchmark Performance _ Omnipress - core-pages-YoY.csv,5
https://omnipress.com/training/fulfillment/5-easy-steps-to-a-successful-print-fulfillment-transition,YoY Δ Impr %,288%,288%,PASS,PASS,Benchmark Performance _ Omnipress - core-pages-YoY.csv,8
https://omnipress.com/training/fulfillment/5-easy-steps-to-a-successful-print-fulfillment-transition,YoY Δ Engaged Sessions %,-100%,-100%,PASS,PASS,Benchmark Performance _ Omnipress - core-pages-YoY.csv,11
https://omnipress.com/training/fulfillment/5-easy-steps-to-a-successful-print-fulfillment-transition,YoY Δ Users %,100%,100%,PASS,PASS,Benchmark Performance _ Omnipress - core-pages-YoY.csv,14
https://omnipress.com/training/fulfillment/5-easy-steps-to-a-successful-print-fulfillment-transition,YoY Δ Conv %,N/A,N/A,PASS,PASS,Benchmark Performance _ Omnipress - core-pages-YoY.csv,17
https://omnipress.com/contact,L3M Δ Clicks %,0%,0%,PASS,PASS,Benchmark Performance _ Omnipress - Core Pages - L3M.csv,5
https://omnipress.com/contact,L3M Δ Impr %,-39%,-39%,PASS,PASS,Benchmark Performance _ Omnipress - Core Pages - L3M.csv,8
https://omnipress.com/contact,L3M Δ Engaged Sessions %,#N/A,#N/A,PASS,PASS,Benchmark Performance _ Omnipress - Core Pages - L3M.csv,11
https://omnipress.com/contact,L3M Δ Users %,#N/A,#N/A,PASS,PASS,Benchmark Performance _ Omnipress - Core Pages - L3M.csv,14
https://omnipress.com/contact,L3M Δ Conv %,#N/A,#N/A,PASS,PASS,Benchmark Performance _ Omnipress - Core Pages - L3M.csv,17
https://omnipress.com/contact,YoY Δ Clicks %,0%,0%,PASS,PASS,Benchmark Performance _ Omnipress - core-pages-YoY.csv,5
https://omnipress.com/contact,YoY Δ Impr %,-41%,-41%,PASS,PASS,Benchmark Performance _ Omnipress - core-pages-YoY.csv,8
https://omnipress.com/contact,YoY Δ Engaged Sessions %,#N/A,#N/A,PASS,PASS,Benchmark Performance _ Omnipress - core-pages-YoY.csv,11
https://omnipress.com/contact,YoY Δ Users %,#N/A,#N/A,PASS,PASS,Benchmark Performance _ Omnipress - core-pages-YoY.csv,14
https://omnipress.com/contact,YoY Δ Conv %,#N/A,#N/A,PASS,PASS,Benchmark Performance _ Omnipress - core-pages-YoY.csv,17
https://omnipress.com/application-management/scholarship-management,L3M Δ Clicks %,N/A,N/A,PASS,PASS,Benchmark Performance _ Omnipress - Core Pages - L3M.csv,5
https://omnipress.com/application-management/scholarship-management,L3M Δ Impr %,5%,5%,PASS,PASS,Benchmark Performance _ Omnipress - Core Pages - L3M.csv,8
https://omnipress.com/application-management/scholarship-management,L3M Δ Engaged Sessions %,N/A,N/A,PASS,PASS,Benchmark Performance _ Omnipress - Core Pages - L3M.csv,11
https://omnipress.com/application-management/scholarship-management,L3M Δ Users %,100.00%,100.00%,PASS,PASS,Benchmark Performance _ Omnipress - Core Pages - L3M.csv,14
https://omnipress.com/application-management/scholarship-management,L3M Δ Conv %,N/A,N/A,PASS,PASS,Benchmark Performance _ Omnipress - Core Pages - L3M.csv,17
https://omnipress.com/application-management/scholarship-management,YoY Δ Clicks %,N/A,N/A,PASS,PASS,Benchmark Performance _ Omnipress - core-pages-YoY.csv,5
https://omnipress.com/application-management/scholarship-management,YoY Δ Impr %,-25%,-25%,PASS,PASS,Benchmark Performance _ Omnipress - core-pages-YoY.csv,8
https://omnipress.com/application-management/scholarship-management,YoY Δ Engaged Sessions %,13%,13%,PASS,PASS,Benchmark Performance _ Omnipress - core-pages-YoY.csv,11
https://omnipress.com/application-management/scholarship-management,YoY Δ Users %,25%,25%,PASS,PASS,Benchmark Performance _ Omnipress - core-pages-YoY.csv,14
https://omnipress.com/application-management/scholarship-management,YoY Δ Conv %,N/A,N/A,PASS,PASS,Benchmark Performance _ Omnipress - core-pages-YoY.csv,17
https://omnipress.com/conferences/event-swag-bags,L3M Δ Clicks %,125%,125%,PASS,PASS,Benchmark Performance _ Omnipress - Core Pages - L3M.csv,5
https://omnipress.com/conferences/event-swag-bags,L3M Δ Impr %,-29%,-29%,PASS,PASS,Benchmark Performance _ Omnipress - Core Pages - L3M.csv,8
https://omnipress.com/conferences/event-swag-bags,L3M Δ Engaged Sessions %,44%,44%,PASS,PASS,Benchmark Performance _ Omnipress - Core Pages - L3M.csv,11
https://omnipress.com/conferences/event-swag-bags,L3M Δ Users %,20.00%,20.00%,PASS,PASS,Benchmark Performance _ Omnipress - Core Pages - L3M.csv,14
https://omnipress.com/conferences/event-swag-bags,L3M Δ Conv %,N/A,N/A,PASS,PASS,Benchmark Performance _ Omnipress - Core Pages - L3M.csv,17
https://omnipress.com/conferences/event-swag-bags,YoY Δ Clicks %,125%,125%,PASS,PASS,Benchmark Performance _ Omnipress - core-pages-YoY.csv,5
https://omnipress.com/conferences/event-swag-bags,YoY Δ Impr %,-78%,-78%,PASS,PASS,Benchmark Performance _ Omnipress - core-pages-YoY.csv,8
https://omnipress.com/conferences/event-swag-bags,YoY Δ Engaged Sessions %,-7%,-7%,PASS,PASS,Benchmark Performance _ Omnipress - core-pages-YoY.csv,11
https://omnipress.com/conferences/event-swag-bags,YoY Δ Users %,-29%,-29%,PASS,PASS,Benchmark Performance _ Omnipress - core-pages-YoY.csv,14
https://omnipress.com/conferences/event-swag-bags,YoY Δ Conv %,N/A,N/A,PASS,PASS,Benchmark Performance _ Omnipress - core-pages-YoY.csv,17
https://omnipress.com/conferences/event-services,L3M Δ Clicks %,N/A,N/A,PASS,PASS,Benchmark Performance _ Omnipress - Core Pages - L3M.csv,5
https://omnipress.com/conferences/event-services,L3M Δ Impr %,76%,76%,PASS,PASS,Benchmark Performance _ Omnipress - Core Pages - L3M.csv,8
https://omnipress.com/conferences/event-services,L3M Δ Engaged Sessions %,N/A,N/A,PASS,PASS,Benchmark Performance _ Omnipress - Core Pages - L3M.csv,11
https://omnipress.com/conferences/event-services,L3M Δ Users %,100.00%,100.00%,PASS,PASS,Benchmark Performance _ Omnipress - Core Pages - L3M.csv,14
https://omnipress.com/conferences/event-services,L3M Δ Conv %,N/A,N/A,PASS,PASS,Benchmark Performance _ Omnipress - Core Pages - L3M.csv,17
https://omnipress.com/conferences/event-services,YoY Δ Clicks %,N/A,N/A,PASS,PASS,Benchmark Performance _ Omnipress - core-pages-YoY.csv,5
https://omnipress.com/conferences/event-services,YoY Δ Impr %,8%,8%,PASS,PASS,Benchmark Performance _ Omnipress - core-pages-YoY.csv,8
https://omnipress.com/conferences/event-services,YoY Δ Engaged Sessions %,-50%,-50%,PASS,PASS,Benchmark Performance _ Omnipress - core-pages-YoY.csv,11
https://omnipress.com/conferences/event-services,YoY Δ Users %,0%,0%,PASS,PASS,Benchmark Performance _ Omnipress - core-pages-YoY.csv,14
https://omnipress.com/conferences/event-services,YoY Δ Conv %,N/A,N/A,PASS,PASS,Benchmark Performance _ Omnipress - core-pages-YoY.csv,17
https://omnipress.com/application-management,L3M Δ Clicks %,60%,60%,PASS,PASS,Benchmark Performance _ Omnipress - Core Pages - L3M.csv,5
https://omnipress.com/application-management,L3M Δ Impr %,-25%,-25%,PASS,PASS,Benchmark Performance _ Omnipress - Core Pages - L3M.csv,8
https://omnipress.com/application-management,L3M Δ Engaged Sessions %,#N/A,#N/A,PASS,PASS,Benchmark Performance _ Omnipress - Core Pages - L3M.csv,11
https://omnipress.com/application-management,L3M Δ Users %,#N/A,#N/A,PASS,PASS,Benchmark Performance _ Omnipress - Core Pages - L3M.csv,14
https://omnipress.com/application-management,L3M Δ Conv %,#N/A,#N/A,PASS,PASS,Benchmark Performance _ Omnipress - Core Pages - L3M.csv,17
https://omnipress.com/application-management,YoY Δ Clicks %,60%,60%,PASS,PASS,Benchmark Performance _ Omnipress - core-pages-YoY.csv,5
https://omnipress.com/application-management,YoY Δ Impr %,17%,17%,PASS,PASS,Benchmark Performance _ Omnipress - core-pages-YoY.csv,8
https://omnipress.com/application-management,YoY Δ Engaged Sessions %,#N/A,#N/A,PASS,PASS,Benchmark Performance _ Omnipress - core-pages-YoY.csv,11
https://omnipress.com/application-management,YoY Δ Users %,#N/A,#N/A,PASS,PASS,Benchmark Performance _ Omnipress - core-pages-YoY.csv,14
https://omnipress.com/application-management,YoY Δ Conv %,#N/A,#N/A,PASS,PASS,Benchmark Performance _ Omnipress - core-pages-YoY.csv,17
https://omnipress.com/conferences/event-app/request-for-quote,L3M Δ Clicks %,N/A,N/A,PASS,PASS,Benchmark Performance _ Omnipress - Core Pages - L3M.csv,5
https://omnipress.com/conferences/event-app/request-for-quote,L3M Δ Impr %,10%,10%,PASS,PASS,Benchmark Performance _ Omnipress - Core Pages - L3M.csv,8
https://omnipress.com/conferences/event-app/request-for-quote,L3M Δ Engaged Sessions %,N/A,N/A,PASS,PASS,Benchmark Performance _ Omnipress - Core Pages - L3M.csv,11
https://omnipress.com/conferences/event-app/request-for-quote,L3M Δ Users %,N/A,N/A,PASS,PASS,Benchmark Performance _ Omnipress - Core Pages - L3M.csv,14
https://omnipress.com/conferences/event-app/request-for-quote,L3M Δ Conv %,N/A,N/A,PASS,PASS,Benchmark Performance _ Omnipress - Core Pages - L3M.csv,17
https://omnipress.com/conferences/event-app/request-for-quote,YoY Δ Clicks %,N/A,N/A,PASS,PASS,Benchmark Performance _ Omnipress - core-pages-YoY.csv,5
https://omnipress.com/conferences/event-app/request-for-quote,YoY Δ Impr %,267%,267%,PASS,PASS,Benchmark Performance _ Omnipress - core-pages-YoY.csv,8
https://omnipress.com/conferences/event-app/request-for-quote,YoY Δ Engaged Sessions %,#N/A,#N/A,PASS,PASS,Benchmark Performance _ Omnipress - core-pages-YoY.csv,11
https://omnipress.com/conferences/event-app/request-for-quote,YoY Δ Users %,#N/A,#N/A,PASS,PASS,Benchmark Performance _ Omnipress - core-pages-YoY.csv,14
https://omnipress.com/conferences/event-app/request-for-quote,YoY Δ Conv %,#N/A,#N/A,PASS,PASS,Benchmark Performance _ Omnipress - core-pages-YoY.csv,17
https://omnipress.com/conferences/virtual-conference-event-platform/request-for-demo,L3M Δ Clicks %,N/A,N/A,PASS,PASS,Benchmark Performance _ Omnipress - Core Pages - L3M.csv,5
https://omnipress.com/conferences/virtual-conference-event-platform/request-for-demo,L3M Δ Impr %,275%,275%,PASS,PASS,Benchmark Performance _ Omnipress - Core Pages - L3M.csv,8
https://omnipress.com/conferences/virtual-conference-event-platform/request-for-demo,L3M Δ Engaged Sessions %,N/A,N/A,PASS,PASS,Benchmark Performance _ Omnipress - Core Pages - L3M.csv,11
https://omnipress.com/conferences/virtual-conference-event-platform/request-for-demo,L3M Δ Users %,N/A,N/A,PASS,PASS,Benchmark Performance _ Omnipress - Core Pages - L3M.csv,14
https://omnipress.com/conferences/virtual-conference-event-platform/request-for-demo,L3M Δ Conv %,N/A,N/A,PASS,PASS,Benchmark Performance _ Omnipress - Core Pages - L3M.csv,17
https://omnipress.com/conferences/virtual-conference-event-platform/request-for-demo,YoY Δ Clicks %,N/A,N/A,PASS,PASS,Benchmark Performance _ Omnipress - core-pages-YoY.csv,5
https://omnipress.com/conferences/virtual-conference-event-platform/request-for-demo,YoY Δ Impr %,150%,150%,PASS,PASS,Benchmark Performance _ Omnipress - core-pages-YoY.csv,8
https://omnipress.com/conferences/virtual-conference-event-platform/request-for-demo,YoY Δ Engaged Sessions %,#N/A,#N/A,PASS,PASS,Benchmark Performance _ Omnipress - core-pages-YoY.csv,11
https://omnipress.com/conferences/virtual-conference-event-platform/request-for-demo,YoY Δ Users %,#N/A,#N/A,PASS,PASS,Benchmark Performance _ Omnipress - core-pages-YoY.csv,14
https://omnipress.com/conferences/virtual-conference-event-platform/request-for-demo,YoY Δ Conv %,#N/A,#N/A,PASS,PASS,Benchmark Performance _ Omnipress - core-pages-YoY.csv,17
https://omnipress.com/publications/digital-publications/request-for-demo,L3M Δ Clicks %,N/A,N/A,PASS,PASS,Benchmark Performance _ Omnipress - Core Pages - L3M.csv,5
https://omnipress.com/publications/digital-publications/request-for-demo,L3M Δ Impr %,185%,185%,PASS,PASS,Benchmark Performance _ Omnipress - Core Pages - L3M.csv,8
https://omnipress.com/publications/digital-publications/request-for-demo,L3M Δ Engaged Sessions %,#N/A,#N/A,PASS,PASS,Benchmark Performance _ Omnipress - Core Pages - L3M.csv,11
https://omnipress.com/publications/digital-publications/request-for-demo,L3M Δ Users %,#N/A,#N/A,PASS,PASS,Benchmark Performance _ Omnipress - Core Pages - L3M.csv,14
https://omnipress.com/publications/digital-publications/request-for-demo,L3M Δ Conv %,#N/A,#N/A,PASS,PASS,Benchmark Performance _ Omnipress - Core Pages - L3M.csv,17
https://omnipress.com/publications/digital-publications/request-for-demo,YoY Δ Clicks %,N/A,N/A,PASS,PASS,Benchmark Performance _ Omnipress - core-pages-YoY.csv,5
https://omnipress.com/publications/digital-publications/request-for-demo,YoY Δ Impr %,3600%,3600%,PASS,PASS,Benchmark Performance _ Omnipress - core-pages-YoY.csv,8
https://omnipress.com/publications/digital-publications/request-for-demo,YoY Δ Engaged Sessions %,#N/A,#N/A,PASS,PASS,Benchmark Performance _ Omnipress - core-pages-YoY.csv,11
https://omnipress.com/publications/digital-publications/request-for-demo,YoY Δ Users %,#N/A,#N/A,PASS,PASS,Benchmark Performance _ Omnipress - core-pages-YoY.csv,14
https://omnipress.com/publications/digital-publications/request-for-demo,YoY Δ Conv %,#N/A,#N/A,PASS,PASS,Benchmark Performance _ Omnipress - core-pages-YoY.csv,17
https://omnipress.com/application-management/grants-management/request-quote,L3M Δ Clicks %,#N/A,#N/A,PASS,PASS,Benchmark Performance _ Omnipress - Core Pages - L3M.csv,5
https://omnipress.com/application-management/grants-management/request-quote,L3M Δ Impr %,#N/A,#N/A,PASS,PASS,Benchmark Performance _ Omnipress - Core Pages - L3M.csv,8
https://omnipress.com/application-management/grants-management/request-quote,L3M Δ Engaged Sessions %,#N/A,#N/A,PASS,PASS,Benchmark Performance _ Omnipress - Core Pages - L3M.csv,11
https://omnipress.com/application-management/grants-management/request-quote,L3M Δ Users %,#N/A,#N/A,PASS,PASS,Benchmark Performance _ Omnipress - Core Pages - L3M.csv,14
https://omnipress.com/application-management/grants-management/request-quote,L3M Δ Conv %,#N/A,#N/A,PASS,PASS,Benchmark Performance _ Omnipress - Core Pages - L3M.csv,17
https://omnipress.com/application-management/grants-management/request-quote,YoY Δ Clicks %,#N/A,#N/A,PASS,PASS,Benchmark Performance _ Omnipress - core-pages-YoY.csv,5
https://omnipress.com/application-management/grants-management/request-quote,YoY Δ Impr %,#N/A,#N/A,PASS,PASS,Benchmark Performance _ Omnipress - core-pages-YoY.csv,8
https://omnipress.com/application-management/grants-management/request-quote,YoY Δ Engaged Sessions %,#N/A,#N/A,PASS,PASS,Benchmark Performance _ Omnipress - core-pages-YoY.csv,11
https://omnipress.com/application-management/grants-management/request-quote,YoY Δ Users %,#N/A,#N/A,PASS,PASS,Benchmark Performance _ Omnipress - core-pages-YoY.csv,14
https://omnipress.com/application-management/grants-management/request-quote,YoY Δ Conv %,#N/A,#N/A,PASS,PASS,Benchmark Performance _ Omnipress - core-pages-YoY.csv,17
https://omnipress.com/application-management/grants-management/schedule-demo,L3M Δ Clicks %,N/A,N/A,PASS,PASS,Benchmark Performance _ Omnipress - Core Pages - L3M.csv,5
https://omnipress.com/application-management/grants-management/schedule-demo,L3M Δ Impr %,600%,600%,PASS,PASS,Benchmark Performance _ Omnipress - Core Pages - L3M.csv,8
https://omnipress.com/application-management/grants-management/schedule-demo,L3M Δ Engaged Sessions %,#N/A,#N/A,PASS,PASS,Benchmark Performance _ Omnipress - Core Pages - L3M.csv,11
https://omnipress.com/application-management/grants-management/schedule-demo,L3M Δ Users %,#N/A,#N/A,PASS,PASS,Benchmark Performance _ Omnipress - Core Pages - L3M.csv,14
https://omnipress.com/application-management/grants-management/schedule-demo,L3M Δ Conv %,#N/A,#N/A,PASS,PASS,Benchmark Performance _ Omnipress - Core Pages - L3M.csv,17
https://omnipress.com/application-management/grants-management/schedule-demo,YoY Δ Clicks %,N/A,N/A,PASS,PASS,Benchmark Performance _ Omnipress - core-pages-YoY.csv,5
https://omnipress.com/application-management/grants-management/schedule-demo,YoY Δ Impr %,N/A,N/A,PASS,PASS,Benchmark Performance _ Omnipress - core-pages-YoY.csv,8
https://omnipress.com/application-management/grants-management/schedule-demo,YoY Δ Engaged Sessions %,#N/A,#N/A,PASS,PASS,Benchmark Performance _ Omnipress - core-pages-YoY.csv,11
https://omnipress.com/application-management/grants-management/schedule-demo,YoY Δ Users %,#N/A,#N/A,PASS,PASS,Benchmark Performance _ Omnipress - core-pages-YoY.csv,14
https://omnipress.com/application-management/grants-management/schedule-demo,YoY Δ Conv %,#N/A,#N/A,PASS,PASS,Benchmark Performance _ Omnipress - core-pages-YoY.csv,17
https://omnipress.com/application-management/request-quote,L3M Δ Clicks %,N/A,N/A,PASS,PASS,Benchmark Performance _ Omnipress - Core Pages - L3M.csv,5
https://omnipress.com/application-management/request-quote,L3M Δ Impr %,100%,100%,PASS,PASS,Benchmark Performance _ Omnipress - Core Pages - L3M.csv,8
https://omnipress.com/application-management/request-quote,L3M Δ Engaged Sessions %,#N/A,#N/A,PASS,PASS,Benchmark Performance _ Omnipress - Core Pages - L3M.csv,11
https://omnipress.com/application-management/request-quote,L3M Δ Users %,#N/A,#N/A,PASS,PASS,Benchmark Performance _ Omnipress - Core Pages - L3M.csv,14
https://omnipress.com/application-management/request-quote,L3M Δ Conv %,#N/A,#N/A,PASS,PASS,Benchmark Performance _ Omnipress - Core Pages - L3M.csv,17
https://omnipress.com/application-management/request-quote,YoY Δ Clicks %,N/A,N/A,PASS,PASS,Benchmark Performance _ Omnipress - core-pages-YoY.csv,5
https://omnipress.com/application-management/request-quote,YoY Δ Impr %,N/A,N/A,PASS,PASS,Benchmark Performance _ Omnipress - core-pages-YoY.csv,8
https://omnipress.com/application-management/request-quote,YoY Δ Engaged Sessions %,#N/A,#N/A,PASS,PASS,Benchmark Performance _ Omnipress - core-pages-YoY.csv,11
https://omnipress.com/application-management/request-quote,YoY Δ Users %,#N/A,#N/A,PASS,PASS,Benchmark Performance _ Omnipress - core-pages-YoY.csv,14
https://omnipress.com/application-management/request-quote,YoY Δ Conv %,#N/A,#N/A,PASS,PASS,Benchmark Performance _ Omnipress - core-pages-YoY.csv,17
https://omnipress.com/application-management/schedule-demo,L3M Δ Clicks %,N/A,N/A,PASS,PASS,Benchmark Performance _ Omnipress - Core Pages - L3M.csv,5
https://omnipress.com/application-management/schedule-demo,L3M Δ Impr %,35%,35%,PASS,PASS,Benchmark Performance _ Omnipress - Core Pages - L3M.csv,8
https://omnipress.com/application-management/schedule-demo,L3M Δ Engaged Sessions %,100%,100%,PASS,PASS,Benchmark Performance _ Omnipress - Core Pages - L3M.csv,11
https://omnipress.com/application-management/schedule-demo,L3M Δ Users %,0.00%,0.00%,PASS,PASS,Benchmark Performance _ Omnipress - Core Pages - L3M.csv,14
https://omnipress.com/application-management/schedule-demo,L3M Δ Conv %,N/A,N/A,PASS,PASS,Benchmark Performance _ Omnipress - Core Pages - L3M.csv,17
https://omnipress.com/application-management/schedule-demo,YoY Δ Clicks %,N/A,N/A,PASS,PASS,Benchmark Performance _ Omnipress - core-pages-YoY.csv,5
https://omnipress.com/application-management/schedule-demo,YoY Δ Impr %,N/A,N/A,PASS,PASS,Benchmark Performance _ Omnipress - core-pages-YoY.csv,8
https://omnipress.com/application-management/schedule-demo,YoY Δ Engaged Sessions %,N/A,N/A,PASS,PASS,Benchmark Performance _ Omnipress - core-pages-YoY.csv,11
https://omnipress.com/application-management/schedule-demo,YoY Δ Users %,N/A,N/A,PASS,PASS,Benchmark Performance _ Omnipress - core-pages-YoY.csv,14
https://omnipress.com/application-management/schedule-demo,YoY Δ Conv %,N/A,N/A,PASS,PASS,Benchmark Performance _ Omnipress - core-pages-YoY.csv,17
https://omnipress.com/conferences/event-app,L3M Δ Clicks %,0%,0%,PASS,PASS,Benchmark Performance _ Omnipress - Core Pages - L3M.csv,5
https://omnipress.com/conferences/event-app,L3M Δ Impr %,-49%,-49%,PASS,PASS,Benchmark Performance _ Omnipress - Core Pages - L3M.csv,8
https://omnipress.com/conferences/event-app,L3M Δ Engaged Sessions %,71%,71%,PASS,PASS,Benchmark Performance _ Omnipress - Core Pages - L3M.csv,11
https://omnipress.com/conferences/event-app,L3M Δ Users %,50.00%,50.00%,PASS,PASS,Benchmark Performance _ Omnipress - Core Pages - L3M.csv,14
https://omnipress.com/conferences/event-app,L3M Δ Conv %,N/A,N/A,PASS,PASS,Benchmark Performance _ Omnipress - Core Pages - L3M.csv,17
https://omnipress.com/conferences/event-app,YoY Δ Clicks %,0%,0%,PASS,PASS,Benchmark Performance _ Omnipress - core-pages-YoY.csv,5
https://omnipress.com/conferences/event-app,YoY Δ Impr %,-66%,-66%,PASS,PASS,Benchmark Performance _ Omnipress - core-pages-YoY.csv,8
https://omnipress.com/conferences/event-app,YoY Δ Engaged Sessions %,-8%,-8%,PASS,PASS,Benchmark Performance _ Omnipress - core-pages-YoY.csv,11
https://omnipress.com/conferences/event-app,YoY Δ Users %,133%,133%,PASS,PASS,Benchmark Performance _ Omnipress - core-pages-YoY.csv,14
https://omnipress.com/conferences/event-app,YoY Δ Conv %,N/A,N/A,PASS,PASS,Benchmark Performance _ Omnipress - core-pages-YoY.csv,17
https://omnipress.com/application-management/awards-management,L3M Δ Clicks %,167%,167%,PASS,PASS,Benchmark Performance _ Omnipress - Core Pages - L3M.csv,5
https://omnipress.com/application-management/awards-management,L3M Δ Impr %,30%,30%,PASS,PASS,Benchmark Performance _ Omnipress - Core Pages - L3M.csv,8
https://omnipress.com/application-management/awards-management,L3M Δ Engaged Sessions %,20%,20%,PASS,PASS,Benchmark Performance _ Omnipress - Core Pages - L3M.csv,11
https://omnipress.com/application-management/awards-management,L3M Δ Users %,14.29%,14.29%,PASS,PASS,Benchmark Performance _ Omnipress - Core Pages - L3M.csv,14
https://omnipress.com/application-management/awards-management,L3M Δ Conv %,N/A,N/A,PASS,PASS,Benchmark Performance _ Omnipress - Core Pages - L3M.csv,17
https://omnipress.com/application-management/awards-management,YoY Δ Clicks %,167%,167%,PASS,PASS,Benchmark Performance _ Omnipress - core-pages-YoY.csv,5
https://omnipress.com/application-management/awards-management,YoY Δ Impr %,36%,36%,PASS,PASS,Benchmark Performance _ Omnipress - core-pages-YoY.csv,8
https://omnipress.com/application-management/awards-management,YoY Δ Engaged Sessions %,-25%,-25%,PASS,PASS,Benchmark Performance _ Omnipress - core-pages-YoY.csv,11
https://omnipress.com/application-management/awards-management,YoY Δ Users %,0%,0%,PASS,PASS,Benchmark Performance _ Omnipress - core-pages-YoY.csv,14
https://omnipress.com/application-management/awards-management,YoY Δ Conv %,N/A,N/A,PASS,PASS,Benchmark Performance _ Omnipress - core-pages-YoY.csv,17
https://omnipress.com/publications/digital-publications,L3M Δ Clicks %,-17%,-17%,PASS,PASS,Benchmark Performance _ Omnipress - Core Pages - L3M.csv,5
https://omnipress.com/publications/digital-publications,L3M Δ Impr %,43%,43%,PASS,PASS,Benchmark Performance _ Omnipress - Core Pages - L3M.csv,8
https://omnipress.com/publications/digital-publications,L3M Δ Engaged Sessions %,100%,100%,PASS,PASS,Benchmark Performance _ Omnipress - Core Pages - L3M.csv,11
https://omnipress.com/publications/digital-publications,L3M Δ Users %,55.00%,55.00%,PASS,PASS,Benchmark Performance _ Omnipress - Core Pages - L3M.csv,14
https://omnipress.com/publications/digital-publications,L3M Δ Conv %,N/A,N/A,PASS,PASS,Benchmark Performance _ Omnipress - Core Pages - L3M.csv,17
https://omnipress.com/publications/digital-publications,YoY Δ Clicks %,-17%,-17%,PASS,PASS,Benchmark Performance _ Omnipress - core-pages-YoY.csv,5
https://omnipress.com/publications/digital-publications,YoY Δ Impr %,43%,43%,PASS,PASS,Benchmark Performance _ Omnipress - core-pages-YoY.csv,8
https://omnipress.com/publications/digital-publications,YoY Δ Engaged Sessions %,-8%,-8%,PASS,PASS,Benchmark Performance _ Omnipress - core-pages-YoY.csv,11
https://omnipress.com/publications/digital-publications,YoY Δ Users %,11%,11%,PASS,PASS,Benchmark Performance _ Omnipress - core-pages-YoY.csv,14
https://omnipress.com/publications/digital-publications,YoY Δ Conv %,-100%,-100%,PASS,PASS,Benchmark Performance _ Omnipress - core-pages-YoY.csv,17
https://omnipress.com/conferences,L3M Δ Clicks %,0%,0%,PASS,PASS,Benchmark Performance _ Omnipress - Core Pages - L3M.csv,5
https://omnipress.com/conferences,L3M Δ Impr %,26%,26%,PASS,PASS,Benchmark Performance _ Omnipress - Core Pages - L3M.csv,8
https://omnipress.com/conferences,L3M Δ Engaged Sessions %,#N/A,#N/A,PASS,PASS,Benchmark Performance _ Omnipress - Core Pages - L3M.csv,11
https://omnipress.com/conferences,L3M Δ Users %,#N/A,#N/A,PASS,PASS,Benchmark Performance _ Omnipress - Core Pages - L3M.csv,14
https://omnipress.com/conferences,L3M Δ Conv %,#N/A,#N/A,PASS,PASS,Benchmark Performance _ Omnipress - Core Pages - L3M.csv,17
https://omnipress.com/conferences,YoY Δ Clicks %,0%,0%,PASS,PASS,Benchmark Performance _ Omnipress - core-pages-YoY.csv,5
https://omnipress.com/conferences,YoY Δ Impr %,65%,65%,PASS,PASS,Benchmark Performance _ Omnipress - core-pages-YoY.csv,8
https://omnipress.com/conferences,YoY Δ Engaged Sessions %,#N/A,#N/A,PASS,PASS,Benchmark Performance _ Omnipress - core-pages-YoY.csv,11
https://omnipress.com/conferences,YoY Δ Users %,#N/A,#N/A,PASS,PASS,Benchmark Performance _ Omnipress - core-pages-YoY.csv,14
https://omnipress.com/conferences,YoY Δ Conv %,#N/A,#N/A,PASS,PASS,Benchmark Performance _ Omnipress - core-pages-YoY.csv,17
https://omnipress.com/publications/publication-printing,L3M Δ Clicks %,164%,164%,PASS,PASS,Benchmark Performance _ Omnipress - Core Pages - L3M.csv,5
https://omnipress.com/publications/publication-printing,L3M Δ Impr %,75%,75%,PASS,PASS,Benchmark Performance _ Omnipress - Core Pages - L3M.csv,8
https://omnipress.com/publications/publication-printing,L3M Δ Engaged Sessions %,50%,50%,PASS,PASS,Benchmark Performance _ Omnipress - Core Pages - L3M.csv,11
https://omnipress.com/publications/publication-printing,L3M Δ Users %,33.72%,33.72%,PASS,PASS,Benchmark Performance _ Omnipress - Core Pages - L3M.csv,14
https://omnipress.com/publications/publication-printing,L3M Δ Conv %,N/A,N/A,PASS,PASS,Benchmark Performance _ Omnipress - Core Pages - L3M.csv,17
https://omnipress.com/publications/publication-printing,YoY Δ Clicks %,164%,164%,PASS,PASS,Benchmark Performance _ Omnipress - core-pages-YoY.csv,5
https://omnipress.com/publications/publication-printing,YoY Δ Impr %,53%,53%,PASS,PASS,Benchmark Performance _ Omnipress - core-pages-YoY.csv,8
https://omnipress.com/publications/publication-printing,YoY Δ Engaged Sessions %,300%,300%,PASS,PASS,Benchmark Performance _ Omnipress - core-pages-YoY.csv,11
https://omnipress.com/publications/publication-printing,YoY Δ Users %,310%,310%,PASS,PASS,Benchmark Performance _ Omnipress - core-pages-YoY.csv,14
https://omnipress.com/publications/publication-printing,YoY Δ Conv %,N/A,N/A,PASS,PASS,Benchmark Performance _ Omnipress - core-pages-YoY.csv,17
https://omnipress.com/conferences/conference-printing,L3M Δ Clicks %,-17%,-17%,PASS,PASS,Benchmark Performance _ Omnipress - Core Pages - L3M.csv,5
https://omnipress.com/conferences/conference-printing,L3M Δ Impr %,23%,23%,PASS,PASS,Benchmark Performance _ Omnipress - Core Pages - L3M.csv,8
https://omnipress.com/conferences/conference-printing,L3M Δ Engaged Sessions %,#N/A,#N/A,PASS,PASS,Benchmark Performance _ Omnipress - Core Pages - L3M.csv,11
https://omnipress.com/conferences/conference-printing,L3M Δ Users %,#N/A,#N/A,PASS,PASS,Benchmark Performance _ Omnipress - Core Pages - L3M.csv,14
https://omnipress.com/conferences/conference-printing,L3M Δ Conv %,#N/A,#N/A,PASS,PASS,Benchmark Performance _ Omnipress - Core Pages - L3M.csv,17
https://omnipress.com/conferences/conference-printing,YoY Δ Clicks %,-17%,-17%,PASS,PASS,Benchmark Performance _ Omnipress - core-pages-YoY.csv,5
https://omnipress.com/conferences/conference-printing,YoY Δ Impr %,-16%,-16%,PASS,PASS,Benchmark Performance _ Omnipress - core-pages-YoY.csv,8
https://omnipress.com/conferences/conference-printing,YoY Δ Engaged Sessions %,#N/A,#N/A,PASS,PASS,Benchmark Performance _ Omnipress - core-pages-YoY.csv,11
https://omnipress.com/conferences/conference-printing,YoY Δ Users %,#N/A,#N/A,PASS,PASS,Benchmark Performance _ Omnipress - core-pages-YoY.csv,14
https://omnipress.com/conferences/conference-printing,YoY Δ Conv %,#N/A,#N/A,PASS,PASS,Benchmark Performance _ Omnipress - core-pages-YoY.csv,17
https://omnipress.com/conferences/abstract-management/catalyst-quick-tips,L3M Δ Clicks %,N/A,N/A,PASS,PASS,Benchmark Performance _ Omnipress - Core Pages - L3M.csv,5
https://omnipress.com/conferences/abstract-management/catalyst-quick-tips,L3M Δ Impr %,467%,467%,PASS,PASS,Benchmark Performance _ Omnipress - Core Pages - L3M.csv,8
https://omnipress.com/conferences/abstract-management/catalyst-quick-tips,L3M Δ Engaged Sessions %,#N/A,#N/A,PASS,PASS,Benchmark Performance _ Omnipress - Core Pages - L3M.csv,11
https://omnipress.com/conferences/abstract-management/catalyst-quick-tips,L3M Δ Users %,#N/A,#N/A,PASS,PASS,Benchmark Performance _ Omnipress - Core Pages - L3M.csv,14
https://omnipress.com/conferences/abstract-management/catalyst-quick-tips,L3M Δ Conv %,#N/A,#N/A,PASS,PASS,Benchmark Performance _ Omnipress - Core Pages - L3M.csv,17
https://omnipress.com/conferences/abstract-management/catalyst-quick-tips,YoY Δ Clicks %,N/A,N/A,PASS,PASS,Benchmark Performance _ Omnipress - core-pages-YoY.csv,5
https://omnipress.com/conferences/abstract-management/catalyst-quick-tips,YoY Δ Impr %,325%,325%,PASS,PASS,Benchmark Performance _ Omnipress - core-pages-YoY.csv,8
https://omnipress.com/conferences/abstract-management/catalyst-quick-tips,YoY Δ Engaged Sessions %,#N/A,#N/A,PASS,PASS,Benchmark Performance _ Omnipress - core-pages-YoY.csv,11
https://omnipress.com/conferences/abstract-management/catalyst-quick-tips,YoY Δ Users %,#N/A,#N/A,PASS,PASS,Benchmark Performance _ Omnipress - core-pages-YoY.csv,14
https://omnipress.com/conferences/abstract-management/catalyst-quick-tips,YoY Δ Conv %,#N/A,#N/A,PASS,PASS,Benchmark Performance _ Omnipress - core-pages-YoY.csv,17
https://omnipress.com/support,L3M Δ Clicks %,1200%,1200%,PASS,PASS,Benchmark Performance _ Omnipress - Core Pages - L3M.csv,5
https://omnipress.com/support,L3M Δ Impr %,273%,273%,PASS,PASS,Benchmark Performance _ Omnipress - Core Pages - L3M.csv,8
https://omnipress.com/support,L3M Δ Engaged Sessions %,117%,117%,PASS,PASS,Benchmark Performance _ Omnipress - Core Pages - L3M.csv,11
https://omnipress.com/support,L3M Δ Users %,45.83%,45.83%,PASS,PASS,Benchmark Performance _ Omnipress - Core Pages - L3M.csv,14
https://omnipress.com/support,L3M Δ Conv %,N/A,N/A,PASS,PASS,Benchmark Performance _ Omnipress - Core Pages - L3M.csv,17
https://omnipress.com/support,YoY Δ Clicks %,1200%,1200%,PASS,PASS,Benchmark Performance _ Omnipress - core-pages-YoY.csv,5
https://omnipress.com/support,YoY Δ Impr %,N/A,N/A,PASS,PASS,Benchmark Performance _ Omnipress - core-pages-YoY.csv,8
https://omnipress.com/support,YoY Δ Engaged Sessions %,N/A,N/A,PASS,PASS,Benchmark Performance _ Omnipress - core-pages-YoY.csv,11
https://omnipress.com/support,YoY Δ Users %,N/A,N/A,PASS,PASS,Benchmark Performance _ Omnipress - core-pages-YoY.csv,14
https://omnipress.com/support,YoY Δ Conv %,N/A,N/A,PASS,PASS,Benchmark Performance _ Omnipress - core-pages-YoY.csv,17
https://omnipress.com/conferences/pricing,L3M Δ Clicks %,100%,100%,PASS,PASS,Benchmark Performance _ Omnipress - Core Pages - L3M.csv,5
https://omnipress.com/conferences/pricing,L3M Δ Impr %,35%,35%,PASS,PASS,Benchmark Performance _ Omnipress - Core Pages - L3M.csv,8
https://omnipress.com/conferences/pricing,L3M Δ Engaged Sessions %,50%,50%,PASS,PASS,Benchmark Performance _ Omnipress - Core Pages - L3M.csv,11
https://omnipress.com/conferences/pricing,L3M Δ Users %,33.33%,33.33%,PASS,PASS,Benchmark Performance _ Omnipress - Core Pages - L3M.csv,14
https://omnipress.com/conferences/pricing,L3M Δ Conv %,N/A,N/A,PASS,PASS,Benchmark Performance _ Omnipress - Core Pages - L3M.csv,17
https://omnipress.com/conferences/pricing,YoY Δ Clicks %,100%,100%,PASS,PASS,Benchmark Performance _ Omnipress - core-pages-YoY.csv,5
https://omnipress.com/conferences/pricing,YoY Δ Impr %,-61%,-61%,PASS,PASS,Benchmark Performance _ Omnipress - core-pages-YoY.csv,8
https://omnipress.com/conferences/pricing,YoY Δ Engaged Sessions %,50%,50%,PASS,PASS,Benchmark Performance _ Omnipress - core-pages-YoY.csv,11
https://omnipress.com/conferences/pricing,YoY Δ Users %,50%,50%,PASS,PASS,Benchmark Performance _ Omnipress - core-pages-YoY.csv,14
https://omnipress.com/conferences/pricing,YoY Δ Conv %,N/A,N/A,PASS,PASS,Benchmark Performance _ Omnipress - core-pages-YoY.csv,17
https://omnipress.com/newsletter-signup,L3M Δ Clicks %,N/A,N/A,PASS,PASS,Benchmark Performance _ Omnipress - Core Pages - L3M.csv,5
https://omnipress.com/newsletter-signup,L3M Δ Impr %,0%,0%,PASS,PASS,Benchmark Performance _ Omnipress - Core Pages - L3M.csv,8
https://omnipress.com/newsletter-signup,L3M Δ Engaged Sessions %,-29%,-29%,PASS,PASS,Benchmark Performance _ Omnipress - Core Pages - L3M.csv,11
https://omnipress.com/newsletter-signup,L3M Δ Users %,-8.33%,-8.33%,PASS,PASS,Benchmark Performance _ Omnipress - Core Pages - L3M.csv,14
https://omnipress.com/newsletter-signup,L3M Δ Conv %,N/A,N/A,PASS,PASS,Benchmark Performance _ Omnipress - Core Pages - L3M.csv,17
https://omnipress.com/newsletter-signup,YoY Δ Clicks %,N/A,N/A,PASS,PASS,Benchmark Performance _ Omnipress - core-pages-YoY.csv,5
https://omnipress.com/newsletter-signup,YoY Δ Impr %,100%,100%,PASS,PASS,Benchmark Performance _ Omnipress - core-pages-YoY.csv,8
https://omnipress.com/newsletter-signup,YoY Δ Engaged Sessions %,25%,25%,PASS,PASS,Benchmark Performance _ Omnipress - core-pages-YoY.csv,11
https://omnipress.com/newsletter-signup,YoY Δ Users %,50%,50%,PASS,PASS,Benchmark Performance _ Omnipress - core-pages-YoY.csv,14
https://omnipress.com/newsletter-signup,YoY Δ Conv %,N/A,N/A,PASS,PASS,Benchmark Performance _ Omnipress - core-pages-YoY.csv,17
https://omnipress.com/conferences/abstract-management,L3M Δ Clicks %,-5%,-5%,PASS,PASS,Benchmark Performance _ Omnipress - Core Pages - L3M.csv,5
https://omnipress.com/conferences/abstract-management,L3M Δ Impr %,13%,13%,PASS,PASS,Benchmark Performance _ Omnipress - Core Pages - L3M.csv,8
https://omnipress.com/conferences/abstract-management,L3M Δ Engaged Sessions %,#N/A,#N/A,PASS,PASS,Benchmark Performance _ Omnipress - Core Pages - L3M.csv,11
https://omnipress.com/conferences/abstract-management,L3M Δ Users %,#N/A,#N/A,PASS,PASS,Benchmark Performance _ Omnipress - Core Pages - L3M.csv,14
https://omnipress.com/conferences/abstract-management,L3M Δ Conv %,#N/A,#N/A,PASS,PASS,Benchmark Performance _ Omnipress - Core Pages - L3M.csv,17
https://omnipress.com/conferences/abstract-management,YoY Δ Clicks %,-5%,-5%,PASS,PASS,Benchmark Performance _ Omnipress - core-pages-YoY.csv,5
https://omnipress.com/conferences/abstract-management,YoY Δ Impr %,-9%,-9%,PASS,PASS,Benchmark Performance _ Omnipress - core-pages-YoY.csv,8
https://omnipress.com/conferences/abstract-management,YoY Δ Engaged Sessions %,#N/A,#N/A,PASS,PASS,Benchmark Performance _ Omnipress - core-pages-YoY.csv,11
https://omnipress.com/conferences/abstract-management,YoY Δ Users %,#N/A,#N/A,PASS,PASS,Benchmark Performance _ Omnipress - core-pages-YoY.csv,14
https://omnipress.com/conferences/abstract-management,YoY Δ Conv %,#N/A,#N/A,PASS,PASS,Benchmark Performance _ Omnipress - core-pages-YoY.csv,17
https://omnipress.com/conferences/event-swag-bags/request-for-quote,L3M Δ Clicks %,#N/A,#N/A,PASS,PASS,Benchmark Performance _ Omnipress - Core Pages - L3M.csv,5
https://omnipress.com/conferences/event-swag-bags/request-for-quote,L3M Δ Impr %,#N/A,#N/A,PASS,PASS,Benchmark Performance _ Omnipress - Core Pages - L3M.csv,8
https://omnipress.com/conferences/event-swag-bags/request-for-quote,L3M Δ Engaged Sessions %,N/A,N/A,PASS,PASS,Benchmark Performance _ Omnipress - Core Pages - L3M.csv,11
https://omnipress.com/conferences/event-swag-bags/request-for-quote,L3M Δ Users %,N/A,N/A,PASS,PASS,Benchmark Performance _ Omnipress - Core Pages - L3M.csv,14
https://omnipress.com/conferences/event-swag-bags/request-for-quote,L3M Δ Conv %,N/A,N/A,PASS,PASS,Benchmark Performance _ Omnipress - Core Pages - L3M.csv,17
https://omnipress.com/conferences/event-swag-bags/request-for-quote,YoY Δ Clicks %,#N/A,#N/A,PASS,PASS,Benchmark Performance _ Omnipress - core-pages-YoY.csv,5
https://omnipress.com/conferences/event-swag-bags/request-for-quote,YoY Δ Impr %,#N/A,#N/A,PASS,PASS,Benchmark Performance _ Omnipress - core-pages-YoY.csv,8
https://omnipress.com/conferences/event-swag-bags/request-for-quote,YoY Δ Engaged Sessions %,#N/A,#N/A,PASS,PASS,Benchmark Performance _ Omnipress - core-pages-YoY.csv,11
https://omnipress.com/conferences/event-swag-bags/request-for-quote,YoY Δ Users %,#N/A,#N/A,PASS,PASS,Benchmark Performance _ Omnipress - core-pages-YoY.csv,14
https://omnipress.com/conferences/event-swag-bags/request-for-quote,YoY Δ Conv %,#N/A,#N/A,PASS,PASS,Benchmark Performance _ Omnipress - core-pages-YoY.csv,17
https://omnipress.com/application-management/awards-management/request-quote,L3M Δ Clicks %,N/A,N/A,PASS,PASS,Benchmark Performance _ Omnipress - Core Pages - L3M.csv,5
https://omnipress.com/application-management/awards-management/request-quote,L3M Δ Impr %,143%,143%,PASS,PASS,Benchmark Performance _ Omnipress - Core Pages - L3M.csv,8
https://omnipress.com/application-management/awards-management/request-quote,L3M Δ Engaged Sessions %,N/A,N/A,PASS,PASS,Benchmark Performance _ Omnipress - Core Pages - L3M.csv,11
https://omnipress.com/application-management/awards-management/request-quote,L3M Δ Users %,100.00%,100.00%,PASS,PASS,Benchmark Performance _ Omnipress - Core Pages - L3M.csv,14
https://omnipress.com/application-management/awards-management/request-quote,L3M Δ Conv %,N/A,N/A,PASS,PASS,Benchmark Performance _ Omnipress - Core Pages - L3M.csv,17
https://omnipress.com/application-management/awards-management/request-quote,YoY Δ Clicks %,N/A,N/A,PASS,PASS,Benchmark Performance _ Omnipress - core-pages-YoY.csv,5
https://omnipress.com/application-management/awards-management/request-quote,YoY Δ Impr %,N/A,N/A,PASS,PASS,Benchmark Performance _ Omnipress - core-pages-YoY.csv,8
https://omnipress.com/application-management/awards-management/request-quote,YoY Δ Engaged Sessions %,N/A,N/A,PASS,PASS,Benchmark Performance _ Omnipress - core-pages-YoY.csv,11
https://omnipress.com/application-management/awards-management/request-quote,YoY Δ Users %,N/A,N/A,PASS,PASS,Benchmark Performance _ Omnipress - core-pages-YoY.csv,14
https://omnipress.com/application-management/awards-management/request-quote,YoY Δ Conv %,N/A,N/A,PASS,PASS,Benchmark Performance _ Omnipress - core-pages-YoY.csv,17
https://omnipress.com/application-management/awards-management/schedule-a-demo,L3M Δ Clicks %,N/A,N/A,PASS,PASS,Benchmark Performance _ Omnipress - Core Pages - L3M.csv,5
https://omnipress.com/application-management/awards-management/schedule-a-demo,L3M Δ Impr %,60%,60%,PASS,PASS,Benchmark Performance _ Omnipress - Core Pages - L3M.csv,8
https://omnipress.com/application-management/awards-management/schedule-a-demo,L3M Δ Engaged Sessions %,#N/A,#N/A,PASS,PASS,Benchmark Performance _ Omnipress - Core Pages - L3M.csv,11
https://omnipress.com/application-management/awards-management/schedule-a-demo,L3M Δ Users %,#N/A,#N/A,PASS,PASS,Benchmark Performance _ Omnipress - Core Pages - L3M.csv,14
https://omnipress.com/application-management/awards-management/schedule-a-demo,L3M Δ Conv %,#N/A,#N/A,PASS,PASS,Benchmark Performance _ Omnipress - Core Pages - L3M.csv,17
https://omnipress.com/application-management/awards-management/schedule-a-demo,YoY Δ Clicks %,N/A,N/A,PASS,PASS,Benchmark Performance _ Omnipress - core-pages-YoY.csv,5
https://omnipress.com/application-management/awards-management/schedule-a-demo,YoY Δ Impr %,N/A,N/A,PASS,PASS,Benchmark Performance _ Omnipress - core-pages-YoY.csv,8
https://omnipress.com/application-management/awards-management/schedule-a-demo,YoY Δ Engaged Sessions %,#N/A,#N/A,PASS,PASS,Benchmark Performance _ Omnipress - core-pages-YoY.csv,11
https://omnipress.com/application-management/awards-management/schedule-a-demo,YoY Δ Users %,#N/A,#N/A,PASS,PASS,Benchmark Performance _ Omnipress - core-pages-YoY.csv,14
https://omnipress.com/application-management/awards-management/schedule-a-demo,YoY Δ Conv %,#N/A,#N/A,PASS,PASS,Benchmark Performance _ Omnipress - core-pages-YoY.csv,17
https://omnipress.com/application-management/scholarship-management/request-quote,L3M Δ Clicks %,N/A,N/A,PASS,PASS,Benchmark Performance _ Omnipress - Core Pages - L3M.csv,5
https://omnipress.com/application-management/scholarship-management/request-quote,L3M Δ Impr %,N/A,N/A,PASS,PASS,Benchmark Performance _ Omnipress - Core Pages - L3M.csv,8
https://omnipress.com/application-management/scholarship-management/request-quote,L3M Δ Engaged Sessions %,#N/A,#N/A,PASS,PASS,Benchmark Performance _ Omnipress - Core Pages - L3M.csv,11
https://omnipress.com/application-management/scholarship-management/request-quote,L3M Δ Users %,#N/A,#N/A,PASS,PASS,Benchmark Performance _ Omnipress - Core Pages - L3M.csv,14
https://omnipress.com/application-management/scholarship-management/request-quote,L3M Δ Conv %,#N/A,#N/A,PASS,PASS,Benchmark Performance _ Omnipress - Core Pages - L3M.csv,17
https://omnipress.com/application-management/scholarship-management/request-quote,YoY Δ Clicks %,N/A,N/A,PASS,PASS,Benchmark Performance _ Omnipress - core-pages-YoY.csv,5
https://omnipress.com/application-management/scholarship-management/request-quote,YoY Δ Impr %,N/A,N/A,PASS,PASS,Benchmark Performance _ Omnipress - core-pages-YoY.csv,8
https://omnipress.com/application-management/scholarship-management/request-quote,YoY Δ Engaged Sessions %,#N/A,#N/A,PASS,PASS,Benchmark Performance _ Omnipress - core-pages-YoY.csv,11
https://omnipress.com/application-management/scholarship-management/request-quote,YoY Δ Users %,#N/A,#N/A,PASS,PASS,Benchmark Performance _ Omnipress - core-pages-YoY.csv,14
https://omnipress.com/application-management/scholarship-management/request-quote,YoY Δ Conv %,#N/A,#N/A,PASS,PASS,Benchmark Performance _ Omnipress - core-pages-YoY.csv,17
https://omnipress.com/application-management/scholarship-management/schedule-demo,L3M Δ Clicks %,N/A,N/A,PASS,PASS,Benchmark Performance _ Omnipress - Core Pages - L3M.csv,5
https://omnipress.com/application-management/scholarship-management/schedule-demo,L3M Δ Impr %,900%,900%,PASS,PASS,Benchmark Performance _ Omnipress - Core Pages - L3M.csv,8
https://omnipress.com/application-management/scholarship-management/schedule-demo,L3M Δ Engaged Sessions %,N/A,N/A,PASS,PASS,Benchmark Performance _ Omnipress - Core Pages - L3M.csv,11
https://omnipress.com/application-management/scholarship-management/schedule-demo,L3M Δ Users %,100.00%,100.00%,PASS,PASS,Benchmark Performance _ Omnipress - Core Pages - L3M.csv,14
https://omnipress.com/application-management/scholarship-management/schedule-demo,L3M Δ Conv %,N/A,N/A,PASS,PASS,Benchmark Performance _ Omnipress - Core Pages - L3M.csv,17
https://omnipress.com/application-management/scholarship-management/schedule-demo,YoY Δ Clicks %,N/A,N/A,PASS,PASS,Benchmark Performance _ Omnipress - core-pages-YoY.csv,5
https://omnipress.com/application-management/scholarship-management/schedule-demo,YoY Δ Impr %,N/A,N/A,PASS,PASS,Benchmark Performance _ Omnipress - core-pages-YoY.csv,8
https://omnipress.com/application-management/scholarship-management/schedule-demo,YoY Δ Engaged Sessions %,N/A,N/A,PASS,PASS,Benchmark Performance _ Omnipress - core-pages-YoY.csv,11
https://omnipress.com/application-management/scholarship-management/schedule-demo,YoY Δ Users %,N/A,N/A,PASS,PASS,Benchmark Performance _ Omnipress - core-pages-YoY.csv,14
https://omnipress.com/application-management/scholarship-management/schedule-demo,YoY Δ Conv %,N/A,N/A,PASS,PASS,Benchmark Performance _ Omnipress - core-pages-YoY.csv,17
