URL,Normalized URL,Mapping Raw URLs,Mapping Row Count (Raw),Mapping Row Count (Dedup),Top Keyword 1,Top Keyword 1 Source Row,Top Keyword 2,Top Keyword 2 Source Row,Top Keyword 3,Top Keyword 3 Source Row,Exact Count,Partial Count,Optimize Count,None Action Count,Topic Cluster,Metadata Raw URL,Metadata Title Raw,Metadata Description Raw,Metadata H1 Raw,L3M Raw URL,L3M Raw Δ Clicks % (col5),L3M Raw Δ Impr % (col8),L3M Raw Δ Engaged Sessions % (col11),L3M Raw Δ Users % (col14),L3M Raw Δ Conv % (col17),L3M Parsed Δ Clicks %,L3M Parsed Δ Impr %,L3M Parsed Δ Engaged Sessions %,L3M Parsed Δ Users %,L3M Parsed Δ Conv %,YoY Raw URL,YoY Raw Δ Clicks % (col5),YoY Raw Δ Impr % (col8),YoY Raw Δ Engaged Sessions % (col11),YoY Raw Δ Users % (col14),YoY Raw Δ Conv % (col17),YoY Parsed Δ Clicks %,YoY Parsed Δ Impr %,YoY Parsed Δ Engaged Sessions %,YoY Parsed Δ Users %,YoY Parsed Δ Conv %,Metrics Available (out of 10),Data Confidence,Parse Warnings
https://omnipress.com/about-us/,https://omnipress.com/about-us,https://omnipress.com/about-us/,1,1,about omnipress,311,,,,,1,0,1,0,Brand,https://omnipress.com/about-us/,About Omnipress - Omnipress,"Learn about Omnipress—providing print and technology solutions for conferences, training programs, and publications with exceptional service and expertise.",About Omnipress,https://omnipress.com/about-us/,-31%,-8%,#N/A,#N/A,#N/A,-31.00,-8.00,,,,https://omnipress.com/about-us/,-31%,-16%,#N/A,#N/A,#N/A,-31.00,-16.00,,,,4,Low,Unparsed metric: L3M Engaged raw='#N/A' | Unparsed metric: L3M Users raw='#N/A' | Unparsed metric: L3M Conv raw='#N/A' | Unparsed metric: YoY Engaged raw='#N/A' | Unparsed metric: YoY Users raw='#N/A' | Unparsed metric: YoY Conv raw='#N/A'
https://omnipress.com/abstract-and-application-management/,https://omnipress.com/abstract-and-application-management,https://omnipress.com/abstract-and-application-management/,19,19,abstract management,3,application management system,4,abstract management software,5,1,18,19,0,Abstract & Application Management,https://omnipress.com/abstract-and-application-management/,Abstract and Application Management Software | Omnipress,"Abstract and application management software that supports submission collection, review workflows, scoring, and decision-making for conferences and programs.",Abstract and Application Management Software,https://omnipress.com/abstract-and-application-management/,N/A,139%,200%,76.92%,N/A,,139.00,200.00,76.92,,https://omnipress.com/abstract-and-application-management/,N/A,278%,-37%,-35%,N/A,,278.00,-37.00,-35.00,,6,Medium,Unparsed metric: L3M Clicks raw='N/A' | Unparsed metric: L3M Conv raw='N/A' | Unparsed metric: YoY Clicks raw='N/A' | Unparsed metric: YoY Conv raw='N/A'
https://omnipress.com/application-management/,https://omnipress.com/application-management,https://omnipress.com/application-management/,8,8,management application,27,grant application management,36,online application management system,37,2,6,8,0,Application Management,https://omnipress.com/application-management/,CATALYST® Application Management Software | Omnipress,"Application management software for grants, scholarships, and awards programs. Streamline submissions, reviews, and decisions with a flexible platform.",CATALYST® Application Management Software,https://omnipress.com/application-management/,60%,-25%,#N/A,#N/A,#N/A,60.00,-25.00,,,,https://omnipress.com/application-management/,60%,17%,#N/A,#N/A,#N/A,60.00,17.00,,,,4,Low,Unparsed metric: L3M Engaged raw='#N/A' | Unparsed metric: L3M Users raw='#N/A' | Unparsed metric: L3M Conv raw='#N/A' | Unparsed metric: YoY Engaged raw='#N/A' | Unparsed metric: YoY Users raw='#N/A' | Unparsed metric: YoY Conv raw='#N/A'
https://omnipress.com/application-management/awards-management/,https://omnipress.com/application-management/awards-management,https://omnipress.com/application-management/awards-management/,10,10,award management software,25,submission management software,28,awards management system,29,2,8,10,0,Application Management,https://omnipress.com/application-management/awards-management/,CATALYST® Awards Management Software | Omnipress,"CATALYST® awards management software simplifies nominations, judging, and award selection. Run fair, efficient programs with Omnipress.",Awards Management Software,https://omnipress.com/application-management/awards-management/,167%,30%,20%,14.29%,N/A,167.00,30.00,20.00,14.29,,https://omnipress.com/application-management/awards-management/,167%,36%,-25%,0%,N/A,167.00,36.00,-25.00,0.00,,8,High,Unparsed metric: L3M Conv raw='N/A' | Unparsed metric: YoY Conv raw='N/A'
https://omnipress.com/application-management/awards-management/request-quote/,https://omnipress.com/application-management/awards-management/request-quote,https://omnipress.com/application-management/awards-management/request-quote/,2,1,awards management,53,,,,,1,0,1,0,Application Management,https://omnipress.com/application-management/awards-management/request-quote/,Request a Quote | CATALYST® Awards Management,Get a customized quote for CATALYST® awards management software. Share your program details and our team will provide pricing tailored to your needs.,,https://omnipress.com/application-management/awards-management/request-quote/,N/A,143%,N/A,100.00%,N/A,,143.00,,100.00,,https://omnipress.com/application-management/awards-management/request-quote/,N/A,N/A,N/A,N/A,N/A,,,,,,2,Low,Unparsed metric: L3M Clicks raw='N/A' | Unparsed metric: L3M Engaged raw='N/A' | Unparsed metric: L3M Conv raw='N/A' | Unparsed metric: YoY Clicks raw='N/A' | Unparsed metric: YoY Impr raw='N/A' | Unparsed metric: YoY Engaged raw='N/A' | Unparsed metric: YoY Users raw='N/A' | Unparsed metric: YoY Conv raw='N/A'
https://omnipress.com/application-management/awards-management/schedule-a-demo/,https://omnipress.com/application-management/awards-management/schedule-a-demo,https://omnipress.com/application-management/awards-management/schedule-a-demo/,2,1,awards management,54,,,,,1,0,1,0,Application Management,https://omnipress.com/application-management/awards-management/schedule-a-demo/,Schedule a Demo | Awards Management Software,"See CATALYST® in action. Schedule a demo of our awards management software to explore features, ask questions, and discover how it can simplify judging.",,https://omnipress.com/application-management/awards-management/schedule-a-demo/,N/A,60%,#N/A,#N/A,#N/A,,60.00,,,,https://omnipress.com/application-management/awards-management/schedule-a-demo/,N/A,N/A,#N/A,#N/A,#N/A,,,,,,1,Low,Unparsed metric: L3M Clicks raw='N/A' | Unparsed metric: L3M Engaged raw='#N/A' | Unparsed metric: L3M Users raw='#N/A' | Unparsed metric: L3M Conv raw='#N/A' | Unparsed metric: YoY Clicks raw='N/A' | Unparsed metric: YoY Impr raw='N/A' | Unparsed metric: YoY Engaged raw='#N/A' | Unparsed metric: YoY Users raw='#N/A' | Unparsed metric: YoY Conv raw='#N/A'
https://omnipress.com/application-management/grants-management/,https://omnipress.com/application-management/grants-management,https://omnipress.com/application-management/grants-management/,2,2,grants management dashboard,30,grants management system software,52,,,0,2,2,0,Application Management,https://omnipress.com/application-management/grants-management/,CATALYST® Grants Management Software | Omnipress,"CATALYST® grants management software simplifies grant applications, reviews, and funding decisions. Run efficient grant programs with Omnipress.",Grants Management Software,https://omnipress.com/application-management/grants-management/,0%,-38%,50%,40.00%,N/A,0.00,-38.00,50.00,40.00,,https://omnipress.com/application-management/grants-management/,0%,-72%,0%,11%,N/A,0.00,-72.00,0.00,11.00,,8,High,Unparsed metric: L3M Conv raw='N/A' | Unparsed metric: YoY Conv raw='N/A'
https://omnipress.com/application-management/grants-management/request-quote/,https://omnipress.com/application-management/grants-management/request-quote,https://omnipress.com/application-management/grants-management/request-quote/,2,1,grants management system software,55,,,,,0,1,1,0,Application Management,https://omnipress.com/application-management/grants-management/request-quote/,Request a Quote | Grants Management Software,Get a customized quote for CATALYST® grants management software. Share your program details and our team will provide pricing tailored to your needs.,,https://omnipress.com/application-management/grants-management/request-quote/,#N/A,#N/A,#N/A,#N/A,#N/A,,,,,,https://omnipress.com/application-management/grants-management/request-quote/,#N/A,#N/A,#N/A,#N/A,#N/A,,,,,,0,Low,Unparsed metric: L3M Clicks raw='#N/A' | Unparsed metric: L3M Impr raw='#N/A' | Unparsed metric: L3M Engaged raw='#N/A' | Unparsed metric: L3M Users raw='#N/A' | Unparsed metric: L3M Conv raw='#N/A' | Unparsed metric: YoY Clicks raw='#N/A' | Unparsed metric: YoY Impr raw='#N/A' | Unparsed metric: YoY Engaged raw='#N/A' | Unparsed metric: YoY Users raw='#N/A' | Unparsed metric: YoY Conv raw='#N/A'
https://omnipress.com/application-management/grants-management/schedule-demo/,https://omnipress.com/application-management/grants-management/schedule-demo,https://omnipress.com/application-management/grants-management/schedule-demo/,2,1,grants management system software,56,,,,,0,1,1,0,Application Management,https://omnipress.com/application-management/grants-management/schedule-demo/,Schedule a Demo | Grants Management Software,"See CATALYST® in action. Schedule a demo of our grants management software to explore features, ask questions, and discover how it can simplify reviews.",,https://omnipress.com/application-management/grants-management/schedule-demo/,N/A,600%,#N/A,#N/A,#N/A,,600.00,,,,https://omnipress.com/application-management/grants-management/schedule-demo/,N/A,N/A,#N/A,#N/A,#N/A,,,,,,1,Low,Unparsed metric: L3M Clicks raw='N/A' | Unparsed metric: L3M Engaged raw='#N/A' | Unparsed metric: L3M Users raw='#N/A' | Unparsed metric: L3M Conv raw='#N/A' | Unparsed metric: YoY Clicks raw='N/A' | Unparsed metric: YoY Impr raw='N/A' | Unparsed metric: YoY Engaged raw='#N/A' | Unparsed metric: YoY Users raw='#N/A' | Unparsed metric: YoY Conv raw='#N/A'
https://omnipress.com/application-management/request-quote/,https://omnipress.com/application-management/request-quote,https://omnipress.com/application-management/request-quote/,2,1,management application,57,,,,,0,1,1,0,Application Management,https://omnipress.com/application-management/request-quote/,Request a Quote | CATALYST® Application Management,Get a customized quote for CATALYST® Application Management. Share your program details and our team will provide pricing tailored to your needs.,,https://omnipress.com/application-management/request-quote/,N/A,100%,#N/A,#N/A,#N/A,,100.00,,,,https://omnipress.com/application-management/request-quote/,N/A,N/A,#N/A,#N/A,#N/A,,,,,,1,Low,Unparsed metric: L3M Clicks raw='N/A' | Unparsed metric: L3M Engaged raw='#N/A' | Unparsed metric: L3M Users raw='#N/A' | Unparsed metric: L3M Conv raw='#N/A' | Unparsed metric: YoY Clicks raw='N/A' | Unparsed metric: YoY Impr raw='N/A' | Unparsed metric: YoY Engaged raw='#N/A' | Unparsed metric: YoY Users raw='#N/A' | Unparsed metric: YoY Conv raw='#N/A'
https://omnipress.com/application-management/schedule-demo/,https://omnipress.com/application-management/schedule-demo,https://omnipress.com/application-management/schedule-demo/,2,1,management application,58,,,,,0,1,1,0,Application Management,https://omnipress.com/application-management/schedule-demo/,Schedule a Demo | CATALYST® Application Management,"See CATALYST® in action. Schedule a live demo to explore features, ask questions, and discover how it can streamline your application process.",,https://omnipress.com/application-management/schedule-demo/,N/A,35%,100%,0.00%,N/A,,35.00,100.00,0.00,,https://omnipress.com/application-management/schedule-demo/,N/A,N/A,N/A,N/A,N/A,,,,,,3,Low,Unparsed metric: L3M Clicks raw='N/A' | Unparsed metric: L3M Conv raw='N/A' | Unparsed metric: YoY Clicks raw='N/A' | Unparsed metric: YoY Impr raw='N/A' | Unparsed metric: YoY Engaged raw='N/A' | Unparsed metric: YoY Users raw='N/A' | Unparsed metric: YoY Conv raw='N/A'
https://omnipress.com/application-management/scholarship-management/,https://omnipress.com/application-management/scholarship-management,https://omnipress.com/application-management/scholarship-management/,12,12,scholarship management services,23,scholarship management system,24,scholarship software,26,1,11,12,0,Application Management,https://omnipress.com/application-management/scholarship-management/,CATALYST® Scholarship Management Software | Omnipress,"CATALYST® scholarship management software simplifies applications, reviews, and award decisions. Manage scholarship programs efficiently with Omnipress.",Scholarship Management Software,https://omnipress.com/application-management/scholarship-management/,N/A,5%,N/A,100.00%,N/A,,5.00,,100.00,,https://omnipress.com/application-management/scholarship-management/,N/A,-25%,13%,25%,N/A,,-25.00,13.00,25.00,,5,Medium,Unparsed metric: L3M Clicks raw='N/A' | Unparsed metric: L3M Engaged raw='N/A' | Unparsed metric: L3M Conv raw='N/A' | Unparsed metric: YoY Clicks raw='N/A' | Unparsed metric: YoY Conv raw='N/A'
https://omnipress.com/application-management/scholarship-management/request-quote/,https://omnipress.com/application-management/scholarship-management/request-quote,https://omnipress.com/application-management/scholarship-management/request-quote/,2,1,scholarship management,59,,,,,1,0,1,0,Application Management,https://omnipress.com/application-management/scholarship-management/request-quote/,Request a Quote | Scholarship Management Software,Get a customized quote for CATALYST® scholarship management software. Share your program details and our team will provide pricing tailored to your needs.,,https://omnipress.com/application-management/scholarship-management/request-quote/,N/A,N/A,#N/A,#N/A,#N/A,,,,,,https://omnipress.com/application-management/scholarship-management/request-quote/,N/A,N/A,#N/A,#N/A,#N/A,,,,,,0,Low,Unparsed metric: L3M Clicks raw='N/A' | Unparsed metric: L3M Impr raw='N/A' | Unparsed metric: L3M Engaged raw='#N/A' | Unparsed metric: L3M Users raw='#N/A' | Unparsed metric: L3M Conv raw='#N/A' | Unparsed metric: YoY Clicks raw='N/A' | Unparsed metric: YoY Impr raw='N/A' | Unparsed metric: YoY Engaged raw='#N/A' | Unparsed metric: YoY Users raw='#N/A' | Unparsed metric: YoY Conv raw='#N/A'
https://omnipress.com/application-management/scholarship-management/schedule-demo/,https://omnipress.com/application-management/scholarship-management/schedule-demo,https://omnipress.com/application-management/scholarship-management/schedule-demo/,2,1,scholarship management,60,,,,,1,0,1,0,Application Management,https://omnipress.com/application-management/scholarship-management/schedule-demo/,Schedule a Demo | Scholarship Management Software,"See CATALYST® in action. Schedule a demo of our scholarship management software to explore features, ask questions, and discover how it can simplify reviews.",,https://omnipress.com/application-management/scholarship-management/schedule-demo/,N/A,900%,N/A,100.00%,N/A,,900.00,,100.00,,https://omnipress.com/application-management/scholarship-management/schedule-demo/,N/A,N/A,N/A,N/A,N/A,,,,,,2,Low,Unparsed metric: L3M Clicks raw='N/A' | Unparsed metric: L3M Engaged raw='N/A' | Unparsed metric: L3M Conv raw='N/A' | Unparsed metric: YoY Clicks raw='N/A' | Unparsed metric: YoY Impr raw='N/A' | Unparsed metric: YoY Engaged raw='N/A' | Unparsed metric: YoY Users raw='N/A' | Unparsed metric: YoY Conv raw='N/A'
https://omnipress.com/bindings-tabs-finishes/,https://omnipress.com/bindings-tabs-finishes,https://omnipress.com/bindings-tabs-finishes/,35,35,binding booklets,69,binded booklet,70,booklet tabs,71,1,34,35,0,Bindings Tabs Finishes,https://omnipress.com/bindings-tabs-finishes/,Binding Options for Printed Materials | Omnipress Printing Services,"Explore binding options for printed materials, including training manuals, conference books, and publications. Discover finishes and tabs to complete your project.",Binding Options for Printed Materials,https://omnipress.com/bindings-tabs-finishes/,-11%,13%,#N/A,#N/A,#N/A,-11.00,13.00,,,,https://omnipress.com/bindings-tabs-finishes/,-11%,-28%,#N/A,#N/A,#N/A,-11.00,-28.00,,,,4,Low,Unparsed metric: L3M Engaged raw='#N/A' | Unparsed metric: L3M Users raw='#N/A' | Unparsed metric: L3M Conv raw='#N/A' | Unparsed metric: YoY Engaged raw='#N/A' | Unparsed metric: YoY Users raw='#N/A' | Unparsed metric: YoY Conv raw='#N/A'
https://omnipress.com/bindings-tabs-finishes/request-for-information/,https://omnipress.com/bindings-tabs-finishes/request-for-information,https://omnipress.com/bindings-tabs-finishes/request-for-information/,2,2,custom book tabs,98,customizable book tabs,99,,,0,2,2,0,Bindings Tabs Finishes,https://omnipress.com/bindings-tabs-finishes/request-for-information/,"Bindings, Tabs, & Finishes Request for Information - Omnipress",,,https://omnipress.com/bindings-tabs-finishes/request-for-information/,N/A,0%,0%,N/A,N/A,,0.00,0.00,,,https://omnipress.com/bindings-tabs-finishes/request-for-information/,N/A,N/A,-75%,N/A,N/A,,,-75.00,,,3,Low,Unparsed metric: L3M Clicks raw='N/A' | Unparsed metric: L3M Users raw='N/A' | Unparsed metric: L3M Conv raw='N/A' | Unparsed metric: YoY Clicks raw='N/A' | Unparsed metric: YoY Impr raw='N/A' | Unparsed metric: YoY Users raw='N/A' | Unparsed metric: YoY Conv raw='N/A'
https://omnipress.com/careers/,https://omnipress.com/careers,https://omnipress.com/careers/,2,2,Careers omnipress,276,careers,309,,,1,1,2,0,Careers,https://omnipress.com/careers/,Careers At Omnipress - Omnipress,"Join the Omnipress team! We are a group of service-minded professionals working to help associations to deliver education through technology and print solutions for conference content, training materials and association publications.",Careers At Omnipress,https://omnipress.com/careers/,-47%,-26%,#N/A,#N/A,#N/A,-47.00,-26.00,,,,https://omnipress.com/careers/,-47%,-41%,#N/A,#N/A,#N/A,-47.00,-41.00,,,,4,Low,Unparsed metric: L3M Engaged raw='#N/A' | Unparsed metric: L3M Users raw='#N/A' | Unparsed metric: L3M Conv raw='#N/A' | Unparsed metric: YoY Engaged raw='#N/A' | Unparsed metric: YoY Users raw='#N/A' | Unparsed metric: YoY Conv raw='#N/A'
https://omnipress.com/careers/omnipress-application-form/,https://omnipress.com/careers/omnipress-application-form,https://omnipress.com/careers/omnipress-application-form/,3,3,application for employment,305,application form,306,careers omnipress application form,307,3,0,3,0,Careers,https://omnipress.com/careers/omnipress-application-form/,Application For Employment - Omnipress,,Application For Employment,https://omnipress.com/careers/omnipress-application-form/,-67%,-21%,-50%,0.00%,N/A,-67.00,-21.00,-50.00,0.00,,https://omnipress.com/careers/omnipress-application-form/,-67%,37%,-21%,-43%,N/A,-67.00,37.00,-21.00,-43.00,,8,High,Unparsed metric: L3M Conv raw='N/A' | Unparsed metric: YoY Conv raw='N/A'
https://omnipress.com/conferences/,https://omnipress.com/conferences,https://omnipress.com/conferences/,9,9,conference booklet,127,agenda booklet,130,conference brochure,132,0,9,9,0,Conferences,https://omnipress.com/conferences/,Conference Printing and Event Technology | Omnipress,"Conference printing services and event technology to collect, review, schedule, and publish program content. Explore conference solutions from Omnipress.",Conference Content,https://omnipress.com/conferences/,0%,26%,#N/A,#N/A,#N/A,0.00,26.00,,,,https://omnipress.com/conferences/,0%,65%,#N/A,#N/A,#N/A,0.00,65.00,,,,4,Low,Unparsed metric: L3M Engaged raw='#N/A' | Unparsed metric: L3M Users raw='#N/A' | Unparsed metric: L3M Conv raw='#N/A' | Unparsed metric: YoY Engaged raw='#N/A' | Unparsed metric: YoY Users raw='#N/A' | Unparsed metric: YoY Conv raw='#N/A'
https://omnipress.com/conferences/abstract-management/,https://omnipress.com/conferences/abstract-management,https://omnipress.com/conferences/abstract-management/,2,1,abstract management software,160,,,,,1,0,1,0,Conferences,https://omnipress.com/conferences/abstract-management/,Abstract Management Software for Conferences | Omnipress,"CATALYST is abstract management software for conferences, supporting submission collection, peer review, scheduling, and publication from start to finish.",CATALYST® Abstract Management Software,https://omnipress.com/conferences/abstract-management/,-5%,13%,#N/A,#N/A,#N/A,-5.00,13.00,,,,https://omnipress.com/conferences/abstract-management/,-5%,-9%,#N/A,#N/A,#N/A,-5.00,-9.00,,,,4,Low,Unparsed metric: L3M Engaged raw='#N/A' | Unparsed metric: L3M Users raw='#N/A' | Unparsed metric: L3M Conv raw='#N/A' | Unparsed metric: YoY Engaged raw='#N/A' | Unparsed metric: YoY Users raw='#N/A' | Unparsed metric: YoY Conv raw='#N/A'
https://omnipress.com/conferences/abstract-management/catalyst-features-videos/,https://omnipress.com/conferences/abstract-management/catalyst-features-videos,https://omnipress.com/conferences/abstract-management/catalyst-features-videos/,1,1,features videos,310,,,,,1,0,1,0,Conferences,https://omnipress.com/conferences/abstract-management/catalyst-features-videos/,CATALYST Features Videos - Omnipress,"Browse our library of short videos, each highlighting a specific feature of CATALYST abstract management system designed to make your next call for abstract so much simpler.",CATALYST® Abstract Management System Features Videos,https://omnipress.com/conferences/abstract-management/catalyst-features-videos/,N/A,-33%,N/A,100.00%,N/A,,-33.00,,100.00,,https://omnipress.com/conferences/abstract-management/catalyst-features-videos/,N/A,-56%,N/A,N/A,N/A,,-56.00,,,,3,Low,Unparsed metric: L3M Clicks raw='N/A' | Unparsed metric: L3M Engaged raw='N/A' | Unparsed metric: L3M Conv raw='N/A' | Unparsed metric: YoY Clicks raw='N/A' | Unparsed metric: YoY Engaged raw='N/A' | Unparsed metric: YoY Users raw='N/A' | Unparsed metric: YoY Conv raw='N/A'
https://omnipress.com/conferences/abstract-management/catalyst-quick-tips/,https://omnipress.com/conferences/abstract-management/catalyst-quick-tips,https://omnipress.com/conferences/abstract-management/catalyst-quick-tips/,5,5,abstract management catalyst quick,263,abstract management quick tips,261,checklist abstract management quick tips,264,1,4,5,0,Conferences,https://omnipress.com/conferences/abstract-management/catalyst-quick-tips/,CATALYST Quick Tips - Omnipress,"Browse our library of short videos, each offering a different tip to help you make your call for papers run as smooth as possible.",Abstract Management Quick Tips Videos,https://omnipress.com/conferences/abstract-management/catalyst-quick-tips/,N/A,467%,#N/A,#N/A,#N/A,,467.00,,,,https://omnipress.com/conferences/abstract-management/catalyst-quick-tips/,N/A,325%,#N/A,#N/A,#N/A,,325.00,,,,2,Low,Unparsed metric: L3M Clicks raw='N/A' | Unparsed metric: L3M Engaged raw='#N/A' | Unparsed metric: L3M Users raw='#N/A' | Unparsed metric: L3M Conv raw='#N/A' | Unparsed metric: YoY Clicks raw='N/A' | Unparsed metric: YoY Engaged raw='#N/A' | Unparsed metric: YoY Users raw='#N/A' | Unparsed metric: YoY Conv raw='#N/A'
https://omnipress.com/conferences/abstract-management/pricing/,https://omnipress.com/conferences/abstract-management/pricing,https://omnipress.com/conferences/abstract-management/pricing/,1,1,online abstract submission software,148,,,,,0,1,1,0,Conferences,https://omnipress.com/conferences/abstract-management/pricing/,Catalyst Cost Calculator - Omnipress,Use Omnipress’s cost calculator to explore pricing for abstract management software. See what’s included in the base package and review optional add-ons to customize your conference needs.,CATALYST® Abstract Management Software Pricing,https://omnipress.com/conferences/abstract-management/pricing/,N/A,24%,-100%,N/A,N/A,,24.00,-100.00,,,https://omnipress.com/conferences/abstract-management/pricing/,N/A,-75%,-100%,-100%,N/A,,-75.00,-100.00,-100.00,,5,Medium,Unparsed metric: L3M Clicks raw='N/A' | Unparsed metric: L3M Users raw='N/A' | Unparsed metric: L3M Conv raw='N/A' | Unparsed metric: YoY Clicks raw='N/A' | Unparsed metric: YoY Conv raw='N/A'
https://omnipress.com/conferences/abstract-management/request-for-demo/,https://omnipress.com/conferences/abstract-management/request-for-demo,https://omnipress.com/conferences/abstract-management/request-for-demo/,4,4,abstract management systems,118,online abstract management,120,event management abstract,146,0,4,4,0,Conferences,https://omnipress.com/conferences/abstract-management/request-for-demo/,CATALYST® Abstract Management Software Request for Demo - Omnipress,"Looking for an easier way to manage your next call for abstracts? Share your contact info (we keep it private!), and a conference specialist will reach out.",,https://omnipress.com/conferences/abstract-management/request-for-demo/,N/A,-25%,-100%,0.00%,N/A,,-25.00,-100.00,0.00,,https://omnipress.com/conferences/abstract-management/request-for-demo/,N/A,-38%,N/A,N/A,N/A,,-38.00,,,,4,Low,Unparsed metric: L3M Clicks raw='N/A' | Unparsed metric: L3M Conv raw='N/A' | Unparsed metric: YoY Clicks raw='N/A' | Unparsed metric: YoY Engaged raw='N/A' | Unparsed metric: YoY Users raw='N/A' | Unparsed metric: YoY Conv raw='N/A'
https://omnipress.com/conferences/conference-printing/,https://omnipress.com/conferences/conference-printing,https://omnipress.com/conferences/conference-printing/,2,1,conference printing,161,,,,,1,0,0,1,Conferences,https://omnipress.com/conferences/conference-printing/,Conference Printing & Program Booklets | Omnipress,"Looking for conference printing services? Omnipress prints program booklets, proceedings, and event materials with dependable turnaround.",Conference Printing Services,https://omnipress.com/conferences/conference-printing/,-17%,23%,#N/A,#N/A,#N/A,-17.00,23.00,,,,https://omnipress.com/conferences/conference-printing/,-17%,-16%,#N/A,#N/A,#N/A,-17.00,-16.00,,,,4,Low,Unparsed metric: L3M Engaged raw='#N/A' | Unparsed metric: L3M Users raw='#N/A' | Unparsed metric: L3M Conv raw='#N/A' | Unparsed metric: YoY Engaged raw='#N/A' | Unparsed metric: YoY Users raw='#N/A' | Unparsed metric: YoY Conv raw='#N/A'
https://omnipress.com/conferences/conference-printing/request-for-quote/,https://omnipress.com/conferences/conference-printing/request-for-quote,https://omnipress.com/conferences/conference-printing/request-for-quote/,13,13,printing programs,112,printing programmes,115,program booklet printing,126,4,9,12,1,Conferences,https://omnipress.com/conferences/conference-printing/request-for-quote/,Conference & Event Program Printing Request for Quote - Omnipress,,,https://omnipress.com/conferences/conference-printing/request-for-quote/,N/A,-30%,-80%,N/A,N/A,,-30.00,-80.00,,,https://omnipress.com/conferences/conference-printing/request-for-quote/,N/A,40%,N/A,N/A,N/A,,40.00,,,,3,Low,Unparsed metric: L3M Clicks raw='N/A' | Unparsed metric: L3M Users raw='N/A' | Unparsed metric: L3M Conv raw='N/A' | Unparsed metric: YoY Clicks raw='N/A' | Unparsed metric: YoY Engaged raw='N/A' | Unparsed metric: YoY Users raw='N/A' | Unparsed metric: YoY Conv raw='N/A'
https://omnipress.com/conferences/digital-conference-flipbook/,https://omnipress.com/conferences/digital-conference-flipbook,https://omnipress.com/conferences/digital-conference-flipbook/,9,9,digital flipbook,107,conference mobile apps,109,conference mobile application,113,0,9,9,0,Conferences,https://omnipress.com/conferences/digital-conference-flipbook/,Digital Conference Flipbook | Omnipress,A digital conference flipbook that turns printed event programs into interactive online publications. View flipbook solutions from Omnipress.,Digital Conference Flipbook,https://omnipress.com/conferences/digital-conference-flipbook/,-55%,-31%,-41%,-88.89%,N/A,-55.00,-31.00,-41.00,-88.89,,https://omnipress.com/conferences/digital-conference-flipbook/,-55%,-74%,-59%,-59%,N/A,-55.00,-74.00,-59.00,-59.00,,8,High,Unparsed metric: L3M Conv raw='N/A' | Unparsed metric: YoY Conv raw='N/A'
https://omnipress.com/conferences/digital-conference-flipbook/demo/,https://omnipress.com/conferences/digital-conference-flipbook/demo,https://omnipress.com/conferences/digital-conference-flipbook/demo/,2,1,digital flipbook,162,,,,,0,1,1,0,Conferences,https://omnipress.com/conferences/digital-conference-flipbook/demo/,Digital Conference Flipbook Demo - Omnipress,,Digital Conference Flipbook Demo,https://omnipress.com/conferences/digital-conference-flipbook/demo/,0%,-33%,100%,100.00%,N/A,0.00,-33.00,100.00,100.00,,https://omnipress.com/conferences/digital-conference-flipbook/demo/,0%,-73%,-60%,0%,N/A,0.00,-73.00,-60.00,0.00,,8,High,Unparsed metric: L3M Conv raw='N/A' | Unparsed metric: YoY Conv raw='N/A'
https://omnipress.com/conferences/digital-conference-flipbook/request-for-quote/,https://omnipress.com/conferences/digital-conference-flipbook/request-for-quote,https://omnipress.com/conferences/digital-conference-flipbook/request-for-quote/,2,1,digital flipbook,163,,,,,0,1,1,0,Conferences,https://omnipress.com/conferences/digital-conference-flipbook/request-for-quote/,Digital Conference Flipbook Request for Quote - Omnipress,,,https://omnipress.com/conferences/digital-conference-flipbook/request-for-quote/,N/A,100%,#N/A,#N/A,#N/A,,100.00,,,,https://omnipress.com/conferences/digital-conference-flipbook/request-for-quote/,N/A,-76%,#N/A,#N/A,#N/A,,-76.00,,,,2,Low,Unparsed metric: L3M Clicks raw='N/A' | Unparsed metric: L3M Engaged raw='#N/A' | Unparsed metric: L3M Users raw='#N/A' | Unparsed metric: L3M Conv raw='#N/A' | Unparsed metric: YoY Clicks raw='N/A' | Unparsed metric: YoY Engaged raw='#N/A' | Unparsed metric: YoY Users raw='#N/A' | Unparsed metric: YoY Conv raw='#N/A'
https://omnipress.com/conferences/event-app/,https://omnipress.com/conferences/event-app,https://omnipress.com/conferences/event-app/,2,1,event app for conferences,164,,,,,1,0,1,0,Conferences,https://omnipress.com/conferences/event-app/,Mobile Event App for Conferences | Omnipress,"A mobile event app designed for conferences to publish agendas, sessions, and updates in one place. Explore conference apps from Omnipress.",Mobile Event App,https://omnipress.com/conferences/event-app/,0%,-49%,71%,50.00%,N/A,0.00,-49.00,71.00,50.00,,https://omnipress.com/conferences/event-app/,0%,-66%,-8%,133%,N/A,0.00,-66.00,-8.00,133.00,,8,High,Unparsed metric: L3M Conv raw='N/A' | Unparsed metric: YoY Conv raw='N/A'
https://omnipress.com/conferences/event-app/request-for-quote/,https://omnipress.com/conferences/event-app/request-for-quote,https://omnipress.com/conferences/event-app/request-for-quote/,10,10,event mobile apps,108,mobile event apps,111,mobile app for conferences,119,0,10,10,0,Conferences,https://omnipress.com/conferences/event-app/request-for-quote/,Mobile Event App Request for Quote - Omnipress,,,https://omnipress.com/conferences/event-app/request-for-quote/,N/A,10%,N/A,N/A,N/A,,10.00,,,,https://omnipress.com/conferences/event-app/request-for-quote/,N/A,267%,#N/A,#N/A,#N/A,,267.00,,,,2,Low,Unparsed metric: L3M Clicks raw='N/A' | Unparsed metric: L3M Engaged raw='N/A' | Unparsed metric: L3M Users raw='N/A' | Unparsed metric: L3M Conv raw='N/A' | Unparsed metric: YoY Clicks raw='N/A' | Unparsed metric: YoY Engaged raw='#N/A' | Unparsed metric: YoY Users raw='#N/A' | Unparsed metric: YoY Conv raw='#N/A'
https://omnipress.com/conferences/event-services/,https://omnipress.com/conferences/event-services,https://omnipress.com/conferences/event-services/,9,9,best conferences event services,260,best omnipress event services,273,custom omnipress event services,274,4,5,9,0,Conferences,https://omnipress.com/conferences/event-services/,Omnipress Event Services - Omnipress,"At Omnipress, we believe technology, people, and service go hand-in-hand. We save your team time, while ours manages implementation for you.",People Are at the Center of Our Event Technology & Print Solutions,https://omnipress.com/conferences/event-services/,N/A,76%,N/A,100.00%,N/A,,76.00,,100.00,,https://omnipress.com/conferences/event-services/,N/A,8%,-50%,0%,N/A,,8.00,-50.00,0.00,,5,Medium,Unparsed metric: L3M Clicks raw='N/A' | Unparsed metric: L3M Engaged raw='N/A' | Unparsed metric: L3M Conv raw='N/A' | Unparsed metric: YoY Clicks raw='N/A' | Unparsed metric: YoY Conv raw='N/A'
https://omnipress.com/conferences/event-services/event-services-contact-form/,https://omnipress.com/conferences/event-services/event-services-contact-form,https://omnipress.com/conferences/event-services/event-services-contact-form/,3,3,contact form,294,event services contact form,293,services contact form,295,3,0,3,0,Conferences,https://omnipress.com/conferences/event-services/event-services-contact-form/,Omnipress Event Services - Contact Form - Omnipress,Let us know how we can serve your next event.,,https://omnipress.com/conferences/event-services/event-services-contact-form/,N/A,9%,#N/A,#N/A,#N/A,,9.00,,,,https://omnipress.com/conferences/event-services/event-services-contact-form/,N/A,-52%,#N/A,#N/A,#N/A,,-52.00,,,,2,Low,Unparsed metric: L3M Clicks raw='N/A' | Unparsed metric: L3M Engaged raw='#N/A' | Unparsed metric: L3M Users raw='#N/A' | Unparsed metric: L3M Conv raw='#N/A' | Unparsed metric: YoY Clicks raw='N/A' | Unparsed metric: YoY Engaged raw='#N/A' | Unparsed metric: YoY Users raw='#N/A' | Unparsed metric: YoY Conv raw='#N/A'
https://omnipress.com/conferences/event-swag-bags/,https://omnipress.com/conferences/event-swag-bags,https://omnipress.com/conferences/event-swag-bags/,3,3,conferences event swag bags,303,event swag bag,302,event swag bags,304,3,0,3,0,Conferences,https://omnipress.com/conferences/event-swag-bags/,Event Swag Bag Assembly - Omnipress,"We print conference program booklets, assemble them with other premium items into an attendee swag bag or kit, and ship to individuals or the event site.",Event Swag Bag Assembly,https://omnipress.com/conferences/event-swag-bags/,125%,-29%,44%,20.00%,N/A,125.00,-29.00,44.00,20.00,,https://omnipress.com/conferences/event-swag-bags/,125%,-78%,-7%,-29%,N/A,125.00,-78.00,-7.00,-29.00,,8,High,Unparsed metric: L3M Conv raw='N/A' | Unparsed metric: YoY Conv raw='N/A'
https://omnipress.com/conferences/event-swag-bags/request-for-quote/,https://omnipress.com/conferences/event-swag-bags/request-for-quote,https://omnipress.com/conferences/event-swag-bags/request-for-quote/,3,3,event swag bags request,300,request for quote,299,swag bags request,301,3,0,3,0,Conferences,https://omnipress.com/conferences/event-swag-bags/request-for-quote/,Event Swag Bags Request for Quote - Omnipress,,,https://omnipress.com/conferences/event-swag-bags/request-for-quote/,#N/A,#N/A,N/A,N/A,N/A,,,,,,https://omnipress.com/conferences/event-swag-bags/request-for-quote/,#N/A,#N/A,#N/A,#N/A,#N/A,,,,,,0,Low,Unparsed metric: L3M Clicks raw='#N/A' | Unparsed metric: L3M Impr raw='#N/A' | Unparsed metric: L3M Engaged raw='N/A' | Unparsed metric: L3M Users raw='N/A' | Unparsed metric: L3M Conv raw='N/A' | Unparsed metric: YoY Clicks raw='#N/A' | Unparsed metric: YoY Impr raw='#N/A' | Unparsed metric: YoY Engaged raw='#N/A' | Unparsed metric: YoY Users raw='#N/A' | Unparsed metric: YoY Conv raw='#N/A'
https://omnipress.com/conferences/pricing/,https://omnipress.com/conferences/pricing,https://omnipress.com/conferences/pricing/,6,6,buy conference product pricing,258,conference product,292,conference product pricing,290,5,1,6,0,Conferences,https://omnipress.com/conferences/pricing/,Conference Product Pricing - Omnipress,"General pricing information for our suite of digital and print conference solutions for in-person, virtual, and hybrid events.",Conference Product Pricing,https://omnipress.com/conferences/pricing/,100%,35%,50%,33.33%,N/A,100.00,35.00,50.00,33.33,,https://omnipress.com/conferences/pricing/,100%,-61%,50%,50%,N/A,100.00,-61.00,50.00,50.00,,8,High,Unparsed metric: L3M Conv raw='N/A' | Unparsed metric: YoY Conv raw='N/A'
https://omnipress.com/conferences/virtual-conference-event-platform/,https://omnipress.com/conferences/virtual-conference-event-platform,https://omnipress.com/conferences/virtual-conference-event-platform/,8,8,virtual conference software,106,conference event app,116,event apps for conferences,117,0,8,8,0,Conferences,https://omnipress.com/conferences/virtual-conference-event-platform/,Virtual Conference and Event Platform | Omnipress,"A virtual conference and event platform for hosting session videos, presentations, and sponsor content in one place. Learn more from Omnipress.",Virtual Conference and Event Platform,https://omnipress.com/conferences/virtual-conference-event-platform/,-50%,69%,300%,78.57%,N/A,-50.00,69.00,300.00,78.57,,https://omnipress.com/conferences/virtual-conference-event-platform/,-50%,-97%,0%,56%,N/A,-50.00,-97.00,0.00,56.00,,8,High,Unparsed metric: L3M Conv raw='N/A' | Unparsed metric: YoY Conv raw='N/A'
https://omnipress.com/conferences/virtual-conference-event-platform/request-for-demo/,https://omnipress.com/conferences/virtual-conference-event-platform/request-for-demo,https://omnipress.com/conferences/virtual-conference-event-platform/request-for-demo/,1,1,virtual conference software,170,,,,,0,1,1,0,Conferences,https://omnipress.com/conferences/virtual-conference-event-platform/request-for-demo/,Virtual Conference & Event Platform Request for Demo - Omnipress,,,https://omnipress.com/conferences/virtual-conference-event-platform/request-for-demo/,N/A,275%,N/A,N/A,N/A,,275.00,,,,https://omnipress.com/conferences/virtual-conference-event-platform/request-for-demo/,N/A,150%,#N/A,#N/A,#N/A,,150.00,,,,2,Low,Unparsed metric: L3M Clicks raw='N/A' | Unparsed metric: L3M Engaged raw='N/A' | Unparsed metric: L3M Users raw='N/A' | Unparsed metric: L3M Conv raw='N/A' | Unparsed metric: YoY Clicks raw='N/A' | Unparsed metric: YoY Engaged raw='#N/A' | Unparsed metric: YoY Users raw='#N/A' | Unparsed metric: YoY Conv raw='#N/A'
https://omnipress.com/contact/,https://omnipress.com/contact,https://omnipress.com/contact/,1,1,contact,288,,,,,1,0,1,0,Support,https://omnipress.com/contact/,Contact - Omnipress,"Contact Omnipress with questions about our products, services or about Omnipress in general.",Contact Us,https://omnipress.com/contact/,0%,-39%,#N/A,#N/A,#N/A,0.00,-39.00,,,,https://omnipress.com/contact/,0%,-41%,#N/A,#N/A,#N/A,0.00,-41.00,,,,4,Low,Unparsed metric: L3M Engaged raw='#N/A' | Unparsed metric: L3M Users raw='#N/A' | Unparsed metric: L3M Conv raw='#N/A' | Unparsed metric: YoY Engaged raw='#N/A' | Unparsed metric: YoY Users raw='#N/A' | Unparsed metric: YoY Conv raw='#N/A'
https://omnipress.com/digital-products/,https://omnipress.com/digital-products,https://omnipress.com/digital-products/,2,2,digital event program,171,digital products,172,,,1,1,2,0,Digital Products,https://omnipress.com/digital-products/,Digital Event and Publication Solutions | Omnipress,Digital event and publication solutions that provide online and mobile access to conference content and member publications. Explore digital products from Omnipress.,Digital Event and Publication Solutions,https://omnipress.com/digital-products/,0%,128%,0%,8.33%,N/A,0.00,128.00,0.00,8.33,,https://omnipress.com/digital-products/,0%,-60%,-48%,-40%,N/A,0.00,-60.00,-48.00,-40.00,,8,High,Unparsed metric: L3M Conv raw='N/A' | Unparsed metric: YoY Conv raw='N/A'
https://omnipress.com/newsletter-signup/,https://omnipress.com/newsletter-signup,https://omnipress.com/newsletter-signup/,3,3,newsletter signup,285,omnipress newsletter signup,286,signup,287,3,0,3,0,Support,https://omnipress.com/newsletter-signup/,Omnipress Newsletter Signup - Omnipress,"Sign up for monthly insights on abstract management, conference printing, training materials, and member publications. Get practical tips and resources to help you deliver education.",,https://omnipress.com/newsletter-signup/,N/A,0%,-29%,-8.33%,N/A,,0.00,-29.00,-8.33,,https://omnipress.com/newsletter-signup/,N/A,100%,25%,50%,N/A,,100.00,25.00,50.00,,6,Medium,Unparsed metric: L3M Clicks raw='N/A' | Unparsed metric: L3M Conv raw='N/A' | Unparsed metric: YoY Clicks raw='N/A' | Unparsed metric: YoY Conv raw='N/A'
https://omnipress.com/print-and-fulfillment-services/,https://omnipress.com/print-and-fulfillment-services,https://omnipress.com/print-and-fulfillment-services/,10,10,spiral bound services,173,printing and fulfillment services,174,printing fulfillment services,175,2,8,10,0,Print & Fulfillment Services,https://omnipress.com/print-and-fulfillment-services/,Print and Fulfillment Services | Omnipress,"Print and fulfillment services to print, bundle, warehouse, and ship training manuals, journals, and curriculum materials. Learn more from Omnipress.",Print and Fulfillment Services,https://omnipress.com/print-and-fulfillment-services/,0%,-36%,4%,6.67%,N/A,0.00,-36.00,4.00,6.67,,https://omnipress.com/print-and-fulfillment-services/,0%,2%,-76%,-59%,-100%,0.00,2.00,-76.00,-59.00,-100.00,9,High,Unparsed metric: L3M Conv raw='N/A'
https://omnipress.com/printer-quiz/,https://omnipress.com/printer-quiz,https://omnipress.com/printer-quiz/,5,5,best practices printer,255,how to i use my training,256,overview printer quiz,253,1,4,5,0,Support,https://omnipress.com/printer-quiz/,What Type of Print Partner Should I Use for My Training Materials? - Omnipress,"Not all print vendors are the same. Discover your ""best-fit"" partner to print your course materials.",,https://omnipress.com/printer-quiz/,N/A,N/A,#N/A,#N/A,#N/A,,,,,,https://omnipress.com/printer-quiz/,N/A,-97%,#N/A,#N/A,#N/A,,-97.00,,,,1,Low,Unparsed metric: L3M Clicks raw='N/A' | Unparsed metric: L3M Impr raw='N/A' | Unparsed metric: L3M Engaged raw='#N/A' | Unparsed metric: L3M Users raw='#N/A' | Unparsed metric: L3M Conv raw='#N/A' | Unparsed metric: YoY Clicks raw='N/A' | Unparsed metric: YoY Engaged raw='#N/A' | Unparsed metric: YoY Users raw='#N/A' | Unparsed metric: YoY Conv raw='#N/A'
https://omnipress.com/publications/,https://omnipress.com/publications,https://omnipress.com/publications/,3,3,printed publications,195,member publications printing & digital services,206,publications printing,199,2,1,2,1,Publications,https://omnipress.com/publications/,Member Publications Printing & Digital Services | Omnipress,"Print, warehouse, ship, and digitize member publications including academic journals, research, and industry standards. Explore publication services from Omnipress.",Member Publications,https://omnipress.com/publications/,-67%,-44%,-6%,2.86%,N/A,-67.00,-44.00,-6.00,2.86,,https://omnipress.com/publications/,-67%,-17%,-53%,-51%,N/A,-67.00,-17.00,-53.00,-51.00,,8,High,Unparsed metric: L3M Conv raw='N/A' | Unparsed metric: YoY Conv raw='N/A'
https://omnipress.com/publications/digital-publications/,https://omnipress.com/publications/digital-publications,https://omnipress.com/publications/digital-publications/,1,1,digital publications,205,,,,,1,0,1,0,Publications,https://omnipress.com/publications/digital-publications/,Digital Publication Platform | Omnipress,"Digital publications that help associations provide searchable online access to journals, standards books, and member resources. Explore solutions from Omnipress.",Digital Publications,https://omnipress.com/publications/digital-publications/,-17%,43%,100%,55.00%,N/A,-17.00,43.00,100.00,55.00,,https://omnipress.com/publications/digital-publications/,-17%,43%,-8%,11%,-100%,-17.00,43.00,-8.00,11.00,-100.00,9,High,Unparsed metric: L3M Conv raw='N/A'
https://omnipress.com/publications/digital-publications/request-for-demo/,https://omnipress.com/publications/digital-publications/request-for-demo,https://omnipress.com/publications/digital-publications/request-for-demo/,1,1,digital flipbook,207,,,,,0,1,1,0,Publications,https://omnipress.com/publications/digital-publications/request-for-demo/,Digital Publications Request for Demo - Omnipress,,,https://omnipress.com/publications/digital-publications/request-for-demo/,N/A,185%,#N/A,#N/A,#N/A,,185.00,,,,https://omnipress.com/publications/digital-publications/request-for-demo/,N/A,3600%,#N/A,#N/A,#N/A,,3600.00,,,,2,Low,Unparsed metric: L3M Clicks raw='N/A' | Unparsed metric: L3M Engaged raw='#N/A' | Unparsed metric: L3M Users raw='#N/A' | Unparsed metric: L3M Conv raw='#N/A' | Unparsed metric: YoY Clicks raw='N/A' | Unparsed metric: YoY Engaged raw='#N/A' | Unparsed metric: YoY Users raw='#N/A' | Unparsed metric: YoY Conv raw='#N/A'
https://omnipress.com/publications/publication-printing/,https://omnipress.com/publications/publication-printing,https://omnipress.com/publications/publication-printing/,19,19,manual printing,183,manual printing services,184,tab printing,185,1,18,19,0,Publications,https://omnipress.com/publications/publication-printing/,Publication and Journal Printing Services | Omnipress,"Omnipress provides publication and journal printing services for associations and publishers, including academic journals and research materials. Learn more.",Publication & Journal Printing,https://omnipress.com/publications/publication-printing/,164%,75%,50%,33.72%,N/A,164.00,75.00,50.00,33.72,,https://omnipress.com/publications/publication-printing/,164%,53%,300%,310%,N/A,164.00,53.00,300.00,310.00,,8,High,Unparsed metric: L3M Conv raw='N/A' | Unparsed metric: YoY Conv raw='N/A'
https://omnipress.com/publications/publication-printing/request-for-quote/,https://omnipress.com/publications/publication-printing/request-for-quote,https://omnipress.com/publications/publication-printing/request-for-quote/,1,1,best print on demand journals,193,,,,,0,1,1,0,Publications,https://omnipress.com/publications/publication-printing/request-for-quote/,Print Publications Request for Quote - Omnipress,,,https://omnipress.com/publications/publication-printing/request-for-quote/,N/A,120%,-100%,N/A,N/A,,120.00,-100.00,,,https://omnipress.com/publications/publication-printing/request-for-quote/,N/A,120%,#N/A,#N/A,#N/A,,120.00,,,,3,Low,Unparsed metric: L3M Clicks raw='N/A' | Unparsed metric: L3M Users raw='N/A' | Unparsed metric: L3M Conv raw='N/A' | Unparsed metric: YoY Clicks raw='N/A' | Unparsed metric: YoY Engaged raw='#N/A' | Unparsed metric: YoY Users raw='#N/A' | Unparsed metric: YoY Conv raw='#N/A'
https://omnipress.com/support/,https://omnipress.com/support,https://omnipress.com/support/,5,5,omnipress madison,249,contact omnipress support,252,omnipress support,250,1,4,5,0,Support,https://omnipress.com/support/,Support - Omnipress Help and Knowledge Base,"Find help fast for CATALYST, Digital Products, Print Projects, and Fulfillment. Search our Knowledge Bases, open the Print Prep hub, or contact support for one-on-one help.",Omnipress Support,https://omnipress.com/support/,1200%,273%,117%,45.83%,N/A,1200.00,273.00,117.00,45.83,,https://omnipress.com/support/,1200%,N/A,N/A,N/A,N/A,1200.00,,,,,5,Medium,Unparsed metric: L3M Conv raw='N/A' | Unparsed metric: YoY Impr raw='N/A' | Unparsed metric: YoY Engaged raw='N/A' | Unparsed metric: YoY Users raw='N/A' | Unparsed metric: YoY Conv raw='N/A'
https://omnipress.com/training/,https://omnipress.com/training,https://omnipress.com/training/,18,18,training booklets,211,instruction manual printing,213,training manual printing,214,0,18,18,0,Training,https://omnipress.com/training/,Training Material Printing | Omnipress,"Training material printing and fulfillment services to print, warehouse, and ship manuals, course books, and workbooks. Learn more from Omnipress.",Training Materials,https://omnipress.com/training/,-25%,84%,-6%,0.00%,100.00%,-25.00,84.00,-6.00,0.00,100.00,https://omnipress.com/training/,-25%,91%,-36%,-35%,N/A,-25.00,91.00,-36.00,-35.00,,9,High,Unparsed metric: YoY Conv raw='N/A'
https://omnipress.com/training/fulfillment/,https://omnipress.com/training/fulfillment,https://omnipress.com/training/fulfillment/,1,1,printing and fulfillment services,241,,,,,0,1,1,0,Training,https://omnipress.com/training/fulfillment/,Print Fulfillment Services for Training Materials | Omnipress,"Print fulfillment services for training manuals and educational publications, including warehousing, order processing, and shipping. Learn more from Omnipress.",Print Fulfillment Services,https://omnipress.com/training/fulfillment/,-13%,-58%,-71%,-281.82%,N/A,-13.00,-58.00,-71.00,-281.82,,https://omnipress.com/training/fulfillment/,-13%,-59%,-68%,-68%,-100%,-13.00,-59.00,-68.00,-68.00,-100.00,9,High,Unparsed metric: L3M Conv raw='N/A'
https://omnipress.com/training/fulfillment/5-easy-steps-to-a-successful-print-fulfillment-transition/,https://omnipress.com/training/fulfillment/5-easy-steps-to-a-successful-print-fulfillment-transition,https://omnipress.com/training/fulfillment/5-easy-steps-to-a-successful-print-fulfillment-transition/,1,1,print fulfillment transition,277,,,,,1,0,1,0,Training,https://omnipress.com/training/fulfillment/5-easy-steps-to-a-successful-print-fulfillment-transition/,5 Easy Steps to a Successful Print & Fulfillment Transition - Omnipress,Learn how easy is it to transition your print and fulfillment operations to Omnipress with these 5 simple steps.,Print & Fulfillment:,https://omnipress.com/training/fulfillment/5-easy-steps-to-a-successful-print-fulfillment-transition/,N/A,121%,-100%,-50.00%,N/A,,121.00,-100.00,-50.00,,https://omnipress.com/training/fulfillment/5-easy-steps-to-a-successful-print-fulfillment-transition/,N/A,288%,-100%,100%,N/A,,288.00,-100.00,100.00,,6,Medium,Unparsed metric: L3M Clicks raw='N/A' | Unparsed metric: L3M Conv raw='N/A' | Unparsed metric: YoY Clicks raw='N/A' | Unparsed metric: YoY Conv raw='N/A'
https://omnipress.com/training/fulfillment/request-for-quote/,https://omnipress.com/training/fulfillment/request-for-quote,https://omnipress.com/training/fulfillment/request-for-quote/,2,2,education kit fulfillment,212,educational kitting fulfillment new york city,223,,,0,2,2,0,Training,https://omnipress.com/training/fulfillment/request-for-quote/,Fulfillment for Printed Training Materials Request for Quote - Omnipress,,,https://omnipress.com/training/fulfillment/request-for-quote/,N/A,-27%,-75%,N/A,0.00%,,-27.00,-75.00,,0.00,https://omnipress.com/training/fulfillment/request-for-quote/,N/A,-92%,N/A,N/A,N/A,,-92.00,,,,4,Low,Unparsed metric: L3M Clicks raw='N/A' | Unparsed metric: L3M Users raw='N/A' | Unparsed metric: YoY Clicks raw='N/A' | Unparsed metric: YoY Engaged raw='N/A' | Unparsed metric: YoY Users raw='N/A' | Unparsed metric: YoY Conv raw='N/A'
https://omnipress.com/training/pricing/,https://omnipress.com/training/pricing,https://omnipress.com/training/pricing/,5,5,buy training product pricing,246,pricing training product,245,product pricing,279,4,1,5,0,Training,https://omnipress.com/training/pricing/,Training Product Pricing - Omnipress,"General pricing information for our print, fulfillment, and digital training solutions for in-person or virtual instructor-led training courses.",Training Product Pricing,https://omnipress.com/training/pricing/,N/A,-100%,#N/A,#N/A,#N/A,,-100.00,,,,https://omnipress.com/training/pricing/,N/A,-100%,#N/A,#N/A,#N/A,,-100.00,,,,2,Low,Unparsed metric: L3M Clicks raw='N/A' | Unparsed metric: L3M Engaged raw='#N/A' | Unparsed metric: L3M Users raw='#N/A' | Unparsed metric: L3M Conv raw='#N/A' | Unparsed metric: YoY Clicks raw='N/A' | Unparsed metric: YoY Engaged raw='#N/A' | Unparsed metric: YoY Users raw='#N/A' | Unparsed metric: YoY Conv raw='#N/A'
https://omnipress.com/training/print-k-12-course-materials/,https://omnipress.com/training/print-k-12-course-materials,https://omnipress.com/training/print-k-12-course-materials/,4,4,print homeschool curriculum,216,print manual,217,cheapest way to print a manual,231,0,4,4,0,Training,https://omnipress.com/training/print-k-12-course-materials/,Print K-12 Course Materials | Omnipress,"Looking to print K-12 course materials? Omnipress provides K-12 printing services for textbooks and workbooks, with kitting and shipping to schools or students.",Print K-12 Course Materials,https://omnipress.com/training/print-k-12-course-materials/,9%,9%,-68%,-163.93%,-133.33%,9.00,9.00,-68.00,-163.93,-133.33,https://omnipress.com/training/print-k-12-course-materials/,9%,1053%,-98%,-97%,-67%,9.00,1053.00,-98.00,-97.00,-67.00,10,High,
https://omnipress.com/training/print-training-manuals/,https://omnipress.com/training/print-training-manuals,https://omnipress.com/training/print-training-manuals/,2,1,print training manuals,240,,,,,1,0,1,0,Training,https://omnipress.com/training/print-training-manuals/,Print Training Manuals and Course Materials | Omnipress,"Omnipress prints training manuals and course materials for professional development, corporate training, and K–12 programs. Learn more about our services.",Print Training Manuals and Course Materials,https://omnipress.com/training/print-training-manuals/,24%,3%,-29%,-41.38%,-200.00%,24.00,3.00,-29.00,-41.38,-200.00,https://omnipress.com/training/print-training-manuals/,24%,-16%,-67%,-67%,-91%,24.00,-16.00,-67.00,-67.00,-91.00,10,High,
https://omnipress.com/training/print-training-manuals/request-for-quote/,https://omnipress.com/training/print-training-manuals/request-for-quote,https://omnipress.com/training/print-training-manuals/request-for-quote/,8,8,print manuals,208,printed manuals,209,printing manuals,210,2,6,8,0,Training,https://omnipress.com/training/print-training-manuals/request-for-quote/,Print Training Manuals and Materials Request for Quote - Omnipress,,,https://omnipress.com/training/print-training-manuals/request-for-quote/,N/A,200%,0%,-100.00%,N/A,,200.00,0.00,-100.00,,https://omnipress.com/training/print-training-manuals/request-for-quote/,N/A,50%,-67%,0%,N/A,,50.00,-67.00,0.00,,6,Medium,Unparsed metric: L3M Clicks raw='N/A' | Unparsed metric: L3M Conv raw='N/A' | Unparsed metric: YoY Clicks raw='N/A' | Unparsed metric: YoY Conv raw='N/A'
https://omnipress.com/training/training-class-participant-kits/,https://omnipress.com/training/training-class-participant-kits,https://omnipress.com/training/training-class-participant-kits/,1,1,custom printed training materials,243,,,,,0,1,1,0,Training,https://omnipress.com/training/training-class-participant-kits/,Training Class Participant Kits - Omnipress,"We can pair your printed training manual with premium items, assembled and shipped as a branded kit to in-person and virtual class participants.",Training Class Participant Kits,https://omnipress.com/training/training-class-participant-kits/,-50%,-16%,-17%,-10.00%,N/A,-50.00,-16.00,-17.00,-10.00,,https://omnipress.com/training/training-class-participant-kits/,-50%,-28%,-69%,-68%,N/A,-50.00,-28.00,-69.00,-68.00,,8,High,Unparsed metric: L3M Conv raw='N/A' | Unparsed metric: YoY Conv raw='N/A'
https://omnipress.com/training/training-class-participant-kits/request-for-quote/,https://omnipress.com/training/training-class-participant-kits/request-for-quote,https://omnipress.com/training/training-class-participant-kits/request-for-quote/,1,1,custom printed training materials,244,,,,,0,1,1,0,Training,https://omnipress.com/training/training-class-participant-kits/request-for-quote/,Training Class Participant Kits Request for Quote - Omnipress,,,https://omnipress.com/training/training-class-participant-kits/request-for-quote/,#N/A,#N/A,#N/A,#N/A,#N/A,,,,,,https://omnipress.com/training/training-class-participant-kits/request-for-quote/,#N/A,-100%,#N/A,#N/A,#N/A,,-100.00,,,,1,Low,Unparsed metric: L3M Clicks raw='#N/A' | Unparsed metric: L3M Impr raw='#N/A' | Unparsed metric: L3M Engaged raw='#N/A' | Unparsed metric: L3M Users raw='#N/A' | Unparsed metric: L3M Conv raw='#N/A' | Unparsed metric: YoY Clicks raw='#N/A' | Unparsed metric: YoY Engaged raw='#N/A' | Unparsed metric: YoY Users raw='#N/A' | Unparsed metric: YoY Conv raw='#N/A'
https://omnipress.com/training/training-manual-printing/,https://omnipress.com/training/training-manual-printing,https://omnipress.com/training/training-manual-printing/,11,11,best training manual printing,247,custom training manual printing,248,enterprise training manual printing,268,3,8,11,0,Training,https://omnipress.com/training/training-manual-printing/,Print Training Manuals and Course Materials | Omnipress,"Print high-quality training manuals, textbooks, coursebooks, workbooks and other educational materials for associations, non-profits, and corporations.",Training Manual Printing,https://omnipress.com/training/training-manual-printing/,700%,-36%,-75%,-296.72%,-1100.00%,700.00,-36.00,-75.00,-296.72,-1100.00,https://omnipress.com/training/training-manual-printing/,700%,2687%,-79%,-78%,-95%,700.00,2687.00,-79.00,-78.00,-95.00,10,High,
